name,confidence_level,jhu,name,port
ECO00001,-1.0,-1.0,ECO00001,0.0
ECO00004,-2.0,-1.0,ECO00004,-1.0
ECO00027,-2.0,-1.0,ECO00027,-1.0
ECO00054,-1.0,-1.0,ECO00054,0.0
ECO00061,1.0,1.0,ECO00061,0.0
ECO00068,-1.0,-1.0,ECO00068,0.0
ECO00069,-2.0,-1.0,ECO00069,-1.0
ECO00103,-2.0,-1.0,ECO00103,-1.0
ECO00105,1.0,1.0,ECO00105,0.0
ECO00117,-2.0,-1.0,ECO00117,-1.0
ECO00139,-2.0,-1.0,ECO00139,-1.0
ECO00141,-1.0,-1.0,ECO00141,0.0
ECO00185,-1.0,-1.0,ECO00185,0.0
ECO00190,-2.0,-1.0,ECO00190,-1.0
ECO00194,-2.0,-1.0,ECO00194,-1.0
ECO00200,-2.0,-1.0,ECO00200,-1.0
ECO00210,-1.0,-1.0,ECO00210,0.0
ECO00220,2.0,1.0,ECO00220,1.0
ECO00231,-1.0,-1.0,ECO00231,0.0
ECO00237,-2.0,-1.0,ECO00237,-1.0
ECO00242,-2.0,-1.0,ECO00242,-1.0
ECO00253,-2.0,-1.0,ECO00253,-1.0
ECO00255,-1.0,-1.0,ECO00255,0.0
ECO00257,-1.0,-1.0,ECO00257,0.0
ECO00297,-1.0,-1.0,ECO00297,0.0
ECO00299,0.0,1.0,ECO00299,-1.0
ECO00302,-1.0,-1.0,ECO00302,0.0
ECO00321,1.0,1.0,ECO00321,0.0
ECO00322,-2.0,-1.0,ECO00322,-1.0
ECO00332,-2.0,-1.0,ECO00332,-1.0
ECO00336,0.0,-1.0,ECO00336,1.0
ECO00339,-1.0,-1.0,ECO00339,0.0
ECO00347,-2.0,-1.0,ECO00347,-1.0
ECO00348,-1.0,-1.0,ECO00348,0.0
ECO00354,-2.0,-1.0,ECO00354,-1.0
ECO00357,-1.0,-1.0,ECO00357,0.0
ECO00366,-1.0,-1.0,ECO00366,0.0
ECO00389,-1.0,-1.0,ECO00389,0.0
ECO00409,-2.0,-1.0,ECO00409,-1.0
ECO00420,-2.0,-1.0,ECO00420,-1.0
ECO00424,-2.0,-1.0,ECO00424,-1.0
ECO00435,-2.0,-1.0,ECO00435,-1.0
ECO00448,-2.0,-1.0,ECO00448,-1.0
ECO00457,-2.0,-1.0,ECO00457,-1.0
ECO00470,-2.0,-1.0,ECO00470,-1.0
ECO00473,-1.0,-1.0,ECO00473,0.0
ECO00486,-2.0,-1.0,ECO00486,-1.0
ECO00526,-2.0,-1.0,ECO00526,-1.0
ECO00545,-2.0,-1.0,ECO00545,-1.0
ECO00614,-1.0,-1.0,ECO00614,0.0
ECO00615,-2.0,-1.0,ECO00615,-1.0
ECO00617,-2.0,-1.0,ECO00617,-1.0
ECO00623,-2.0,-1.0,ECO00623,-1.0
ECO00629,-2.0,-1.0,ECO00629,-1.0
ECO00639,-2.0,-1.0,ECO00639,-1.0
ECO00655,-2.0,-1.0,ECO00655,-1.0
ECO00677,-1.0,-1.0,ECO00677,0.0
ECO00691,-1.0,-1.0,ECO00691,0.0
ECO00700,-2.0,-1.0,ECO00700,-1.0
ECO00705,-1.0,-1.0,ECO00705,0.0
ECO00721,-1.0,-1.0,ECO00721,0.0
ECO00723,-2.0,-1.0,ECO00723,-1.0
ECO00734,-2.0,-1.0,ECO00734,-1.0
ECO00758,2.0,1.0,ECO00758,1.0
ECO00776,1.0,1.0,ECO00776,0.0
ECO00794,-1.0,-1.0,ECO00794,0.0
ECO00801,-2.0,-1.0,ECO00801,-1.0
ECO00805,-1.0,-1.0,ECO00805,0.0
ECO00807,-1.0,-1.0,ECO00807,0.0
ECO00824,-2.0,-1.0,ECO00824,-1.0
ECO00828,-1.0,-1.0,ECO00828,0.0
ECO00833,-1.0,-1.0,ECO00833,0.0
ECO00854,-2.0,-1.0,ECO00854,-1.0
ECO00855,-2.0,-1.0,ECO00855,-1.0
ECO00860,-2.0,-1.0,ECO00860,-1.0
ECO00861,-1.0,-1.0,ECO00861,0.0
ECO00867,-1.0,-1.0,ECO00867,0.0
ECO00869,-1.0,-1.0,ECO00869,0.0
ECO00871,-2.0,-1.0,ECO00871,-1.0
ECO00873,-1.0,-1.0,ECO00873,0.0
ECO00881,-1.0,-1.0,ECO00881,0.0
ECO00912,-2.0,-1.0,ECO00912,-1.0
ECO00917,-2.0,-1.0,ECO00917,-1.0
ECO00920,0.0,-1.0,ECO00920,1.0
ECO00927,-1.0,-1.0,ECO00927,0.0
ECO00942,-1.0,-1.0,ECO00942,0.0
ECO00951,-1.0,-1.0,ECO00951,0.0
ECO00954,-2.0,-1.0,ECO00954,-1.0
ECO00957,-1.0,-1.0,ECO00957,0.0
ECO00970,1.0,1.0,ECO00970,0.0
ECO00980,-1.0,-1.0,ECO00980,0.0
ECO00984,-2.0,-1.0,ECO00984,-1.0
ECO00989,-2.0,-1.0,ECO00989,-1.0
ECO00990,-2.0,-1.0,ECO00990,-1.0
ECO01019,-1.0,-1.0,ECO01019,0.0
ECO01034,-2.0,-1.0,ECO01034,-1.0
ECO01064,-2.0,-1.0,ECO01064,-1.0
ECO01114,-2.0,-1.0,ECO01114,-1.0
ECO01136,-2.0,-1.0,ECO01136,-1.0
ECO01218,-1.0,-1.0,ECO01218,0.0
ECO01225,-1.0,-1.0,ECO01225,0.0
ECO01232,-1.0,-1.0,ECO01232,0.0
ECO01242,-2.0,-1.0,ECO01242,-1.0
ECO01244,-2.0,-1.0,ECO01244,-1.0
ECO01247,-2.0,-1.0,ECO01247,-1.0
ECO01252,-2.0,-1.0,ECO01252,-1.0
ECO01253,1.0,1.0,ECO01253,0.0
ECO01259,-1.0,-1.0,ECO01259,0.0
ECO01305,-1.0,-1.0,ECO01305,0.0
ECO01312,-1.0,-1.0,ECO01312,0.0
ECO01318,-2.0,-1.0,ECO01318,-1.0
ECO01321,2.0,1.0,ECO01321,1.0
ECO01327,-1.0,-1.0,ECO01327,0.0
ECO01332,-1.0,-1.0,ECO01332,0.0
ECO01333,-1.0,-1.0,ECO01333,0.0
ECO01339,-2.0,-1.0,ECO01339,-1.0
ECO01343,-1.0,-1.0,ECO01343,0.0
ECO01402,-2.0,-1.0,ECO01402,-1.0
ECO01404,-1.0,-1.0,ECO01404,0.0
ECO01421,1.0,1.0,ECO01421,0.0
ECO01439,-2.0,-1.0,ECO01439,-1.0
ECO01460,-2.0,-1.0,ECO01460,-1.0
ECO01464,-2.0,-1.0,ECO01464,-1.0
ECO01470,-2.0,-1.0,ECO01470,-1.0
ECO01641,-2.0,-1.0,ECO01641,-1.0
ECO01674,2.0,1.0,ECO01674,1.0
ECO01690,-2.0,-1.0,ECO01690,-1.0
ECO01707,-2.0,-1.0,ECO01707,-1.0
ECO01709,0.0,-1.0,ECO01709,1.0
ECO01712,-2.0,-1.0,ECO01712,-1.0
ECO01713,-2.0,-1.0,ECO01713,-1.0
ECO01723,-2.0,-1.0,ECO01723,-1.0
ECO01779,-1.0,-1.0,ECO01779,0.0
ECO01852,-1.0,-1.0,ECO01852,0.0
ECO01855,-2.0,-1.0,ECO01855,-1.0
ECO01861,-1.0,-1.0,ECO01861,0.0
ECO01867,-1.0,-1.0,ECO01867,0.0
ECO01913,2.0,1.0,ECO01913,1.0
ECO01928,1.0,1.0,ECO01928,0.0
ECO01938,-2.0,-1.0,ECO01938,-1.0
ECO01954,-1.0,-1.0,ECO01954,0.0
ECO01987,-1.0,-1.0,ECO01987,0.0
ECO01988,-2.0,-1.0,ECO01988,-1.0
ECO01990,-1.0,-1.0,ECO01990,0.0
ECO02005,-1.0,-1.0,ECO02005,0.0
ECO02018,-2.0,-1.0,ECO02018,-1.0
ECO02024,-1.0,-1.0,ECO02024,0.0
ECO02035,-2.0,-1.0,ECO02035,-1.0
ECO02062,-2.0,-1.0,ECO02062,-1.0
ECO02074,2.0,1.0,ECO02074,1.0
ECO02124,-2.0,-1.0,ECO02124,-1.0
ECO02125,-1.0,-1.0,ECO02125,0.0
ECO02128,-2.0,-1.0,ECO02128,-1.0
ECO02135,-2.0,-1.0,ECO02135,-1.0
ECO02138,-1.0,-1.0,ECO02138,0.0
ECO02139,-2.0,-1.0,ECO02139,-1.0
ECO02144,-1.0,-1.0,ECO02144,0.0
ECO02152,-2.0,-1.0,ECO02152,-1.0
ECO02155,-1.0,-1.0,ECO02155,0.0
ECO02157,-2.0,-1.0,ECO02157,-1.0
ECO02160,-1.0,-1.0,ECO02160,0.0
ECO02162,-2.0,-1.0,ECO02162,-1.0
ECO02165,-2.0,-1.0,ECO02165,-1.0
ECO02167,-2.0,-1.0,ECO02167,-1.0
ECO02169,-2.0,-1.0,ECO02169,-1.0
ECO02179,-1.0,-1.0,ECO02179,0.0
ECO02182,-2.0,-1.0,ECO02182,-1.0
ECO02189,-1.0,-1.0,ECO02189,0.0
ECO02198,-1.0,-1.0,ECO02198,0.0
ECO02199,-1.0,-1.0,ECO02199,0.0
ECO02206,-2.0,-1.0,ECO02206,-1.0
ECO02207,-2.0,-1.0,ECO02207,-1.0
ECO02212,-2.0,-1.0,ECO02212,-1.0
ECO02223,-2.0,-1.0,ECO02223,-1.0
ECO02224,1.0,1.0,ECO02224,0.0
ECO02226,-2.0,-1.0,ECO02226,-1.0
ECO02228,-2.0,-1.0,ECO02228,-1.0
ECO02237,-2.0,-1.0,ECO02237,-1.0
ECO02242,-2.0,-1.0,ECO02242,-1.0
ECO02246,-2.0,-1.0,ECO02246,-1.0
ECO02253,-2.0,-1.0,ECO02253,-1.0
ECO02268,-1.0,-1.0,ECO02268,0.0
ECO02269,-1.0,-1.0,ECO02269,0.0
ECO02270,-1.0,-1.0,ECO02270,0.0
ECO02287,-2.0,-1.0,ECO02287,-1.0
ECO02292,-1.0,-1.0,ECO02292,0.0
ECO02293,0.0,-1.0,ECO02293,1.0
ECO02297,-1.0,-1.0,ECO02297,0.0
ECO02298,-2.0,-1.0,ECO02298,-1.0
ECO02300,-2.0,-1.0,ECO02300,-1.0
ECO02317,-1.0,-1.0,ECO02317,0.0
ECO02318,-1.0,-1.0,ECO02318,0.0
ECO02321,-2.0,-1.0,ECO02321,-1.0
ECO02323,2.0,1.0,ECO02323,1.0
ECO02326,-1.0,-1.0,ECO02326,0.0
ECO02328,-1.0,-1.0,ECO02328,0.0
ECO02331,-2.0,-1.0,ECO02331,-1.0
ECO02332,2.0,1.0,ECO02332,1.0
ECO02335,-2.0,-1.0,ECO02335,-1.0
ECO02337,-2.0,-1.0,ECO02337,-1.0
ECO02341,1.0,1.0,ECO02341,0.0
ECO02342,-2.0,-1.0,ECO02342,-1.0
ECO02346,-1.0,-1.0,ECO02346,0.0
ECO02348,-1.0,-1.0,ECO02348,0.0
ECO02352,-2.0,-1.0,ECO02352,-1.0
ECO02355,-2.0,-1.0,ECO02355,-1.0
ECO02359,-2.0,-1.0,ECO02359,-1.0
ECO02361,-1.0,-1.0,ECO02361,0.0
ECO02365,-1.0,-1.0,ECO02365,0.0
ECO02367,-1.0,-1.0,ECO02367,0.0
ECO02371,-2.0,-1.0,ECO02371,-1.0
ECO02373,1.0,1.0,ECO02373,0.0
ECO02375,-1.0,-1.0,ECO02375,0.0
ECO02376,-2.0,-1.0,ECO02376,-1.0
ECO02378,-1.0,-1.0,ECO02378,0.0
ECO02383,-1.0,-1.0,ECO02383,0.0
ECO02384,-1.0,-1.0,ECO02384,0.0
ECO02387,-2.0,-1.0,ECO02387,-1.0
ECO02392,-2.0,-1.0,ECO02392,-1.0
ECO02394,1.0,1.0,ECO02394,0.0
ECO02395,-1.0,-1.0,ECO02395,0.0
ECO02398,-1.0,-1.0,ECO02398,0.0
ECO02399,1.0,1.0,ECO02399,0.0
ECO02406,-1.0,-1.0,ECO02406,0.0
ECO02408,-2.0,-1.0,ECO02408,-1.0
ECO02409,-2.0,-1.0,ECO02409,-1.0
ECO02410,1.0,1.0,ECO02410,0.0
ECO02418,-2.0,-1.0,ECO02418,-1.0
ECO02424,-1.0,-1.0,ECO02424,0.0
ECO02426,-2.0,-1.0,ECO02426,-1.0
ECO02429,-1.0,-1.0,ECO02429,0.0
ECO02430,2.0,1.0,ECO02430,1.0
ECO02433,-2.0,-1.0,ECO02433,-1.0
ECO02443,-1.0,-1.0,ECO02443,0.0
ECO02451,-2.0,-1.0,ECO02451,-1.0
ECO02452,-1.0,-1.0,ECO02452,0.0
ECO02455,2.0,1.0,ECO02455,1.0
ECO02457,0.0,-1.0,ECO02457,1.0
ECO02458,-1.0,-1.0,ECO02458,0.0
ECO02459,-2.0,-1.0,ECO02459,-1.0
ECO02464,-2.0,-1.0,ECO02464,-1.0
ECO02466,1.0,1.0,ECO02466,0.0
ECO02467,-2.0,-1.0,ECO02467,-1.0
ECO02469,-1.0,-1.0,ECO02469,0.0
ECO02476,-2.0,-1.0,ECO02476,-1.0
ECO02481,-1.0,-1.0,ECO02481,0.0
ECO02485,-2.0,-1.0,ECO02485,-1.0
ECO02488,1.0,1.0,ECO02488,0.0
ECO02490,-1.0,-1.0,ECO02490,0.0
ECO02492,-1.0,-1.0,ECO02492,0.0
ECO02495,-1.0,-1.0,ECO02495,0.0
ECO02504,-2.0,-1.0,ECO02504,-1.0
ECO02506,-1.0,-1.0,ECO02506,0.0
ECO02514,-1.0,-1.0,ECO02514,0.0
ECO02521,-2.0,-1.0,ECO02521,-1.0
ECO02525,-2.0,-1.0,ECO02525,-1.0
ECO02538,-2.0,-1.0,ECO02538,-1.0
ECO02545,-1.0,-1.0,ECO02545,0.0
ECO02548,-2.0,-1.0,ECO02548,-1.0
ECO02573,-1.0,-1.0,ECO02573,0.0
ECO02574,-2.0,-1.0,ECO02574,-1.0
ECO02578,-2.0,-1.0,ECO02578,-1.0
ECO02580,2.0,1.0,ECO02580,1.0
ECO02585,-1.0,-1.0,ECO02585,0.0
ECO02598,-1.0,-1.0,ECO02598,0.0
ECO02602,-1.0,-1.0,ECO02602,0.0
ECO02608,-2.0,-1.0,ECO02608,-1.0
ECO02623,-1.0,-1.0,ECO02623,0.0
ECO02624,-1.0,-1.0,ECO02624,0.0
ECO02629,-1.0,-1.0,ECO02629,0.0
ECO02631,-1.0,-1.0,ECO02631,0.0
ECO02635,-1.0,-1.0,ECO02635,0.0
ECO02638,-1.0,-1.0,ECO02638,0.0
ECO02639,-1.0,-1.0,ECO02639,0.0
ECO02641,-2.0,-1.0,ECO02641,-1.0
ECO02644,-2.0,-1.0,ECO02644,-1.0
ECO02650,-2.0,-1.0,ECO02650,-1.0
ECO02653,-1.0,-1.0,ECO02653,0.0
ECO02658,-1.0,-1.0,ECO02658,0.0
ECO02659,-2.0,-1.0,ECO02659,-1.0
ECO02662,2.0,1.0,ECO02662,1.0
ECO02663,-2.0,-1.0,ECO02663,-1.0
ECO02664,-2.0,-1.0,ECO02664,-1.0
ECO02669,-1.0,-1.0,ECO02669,0.0
ECO02680,-2.0,-1.0,ECO02680,-1.0
ECO02683,-1.0,-1.0,ECO02683,0.0
ECO02684,-1.0,-1.0,ECO02684,0.0
ECO02686,-2.0,-1.0,ECO02686,-1.0
ECO02691,1.0,1.0,ECO02691,0.0
ECO02693,-1.0,-1.0,ECO02693,0.0
ECO02695,1.0,1.0,ECO02695,0.0
ECO02698,-2.0,-1.0,ECO02698,-1.0
ECO02701,-1.0,-1.0,ECO02701,0.0
ECO02707,-1.0,-1.0,ECO02707,0.0
ECO02710,2.0,1.0,ECO02710,1.0
ECO02711,-1.0,-1.0,ECO02711,0.0
ECO02714,-1.0,-1.0,ECO02714,0.0
ECO02719,-1.0,-1.0,ECO02719,0.0
ECO02726,-2.0,-1.0,ECO02726,-1.0
ECO02741,-1.0,-1.0,ECO02741,0.0
ECO02744,0.0,1.0,ECO02744,-1.0
ECO02745,-1.0,-1.0,ECO02745,0.0
ECO02755,1.0,1.0,ECO02755,0.0
ECO02763,0.0,-1.0,ECO02763,1.0
ECO02771,1.0,1.0,ECO02771,0.0
ECO02781,-1.0,-1.0,ECO02781,0.0
ECO02788,-1.0,-1.0,ECO02788,0.0
ECO02801,-1.0,-1.0,ECO02801,0.0
ECO02806,1.0,1.0,ECO02806,0.0
ECO02814,-1.0,-1.0,ECO02814,0.0
ECO02815,2.0,1.0,ECO02815,1.0
ECO02819,-2.0,-1.0,ECO02819,-1.0
ECO02833,2.0,1.0,ECO02833,1.0
ECO02834,-2.0,-1.0,ECO02834,-1.0
ECO02840,-2.0,-1.0,ECO02840,-1.0
ECO02843,-1.0,-1.0,ECO02843,0.0
ECO02845,-2.0,-1.0,ECO02845,-1.0
ECO02846,-2.0,-1.0,ECO02846,-1.0
ECO02847,-1.0,-1.0,ECO02847,0.0
ECO02848,-2.0,-1.0,ECO02848,-1.0
ECO02859,-1.0,-1.0,ECO02859,0.0
ECO02876,2.0,1.0,ECO02876,1.0
ECO02878,-1.0,-1.0,ECO02878,0.0
ECO02881,-2.0,-1.0,ECO02881,-1.0
ECO02882,1.0,1.0,ECO02882,0.0
ECO02884,2.0,1.0,ECO02884,1.0
ECO02885,-2.0,-1.0,ECO02885,-1.0
ECO02887,-2.0,-1.0,ECO02887,-1.0
ECO02891,-2.0,-1.0,ECO02891,-1.0
ECO02900,-1.0,-1.0,ECO02900,0.0
ECO02905,2.0,1.0,ECO02905,1.0
ECO02918,-1.0,-1.0,ECO02918,0.0
ECO02923,1.0,1.0,ECO02923,0.0
ECO02924,-1.0,-1.0,ECO02924,0.0
ECO02929,-1.0,-1.0,ECO02929,0.0
ECO02936,-2.0,-1.0,ECO02936,-1.0
ECO02944,-1.0,-1.0,ECO02944,0.0
ECO02946,-2.0,-1.0,ECO02946,-1.0
ECO02948,-2.0,-1.0,ECO02948,-1.0
ECO02949,1.0,1.0,ECO02949,0.0
ECO02950,-1.0,-1.0,ECO02950,0.0
ECO02961,2.0,1.0,ECO02961,1.0
ECO02962,-1.0,-1.0,ECO02962,0.0
ECO02967,-1.0,-1.0,ECO02967,0.0
ECO02973,-2.0,-1.0,ECO02973,-1.0
ECO02977,-1.0,-1.0,ECO02977,0.0
ECO02984,-1.0,-1.0,ECO02984,0.0
ECO02990,0.0,-1.0,ECO02990,1.0
ECO02993,1.0,1.0,ECO02993,0.0
ECO02996,-2.0,-1.0,ECO02996,-1.0
ECO02997,1.0,1.0,ECO02997,0.0
ECO03015,-1.0,-1.0,ECO03015,0.0
ECO03016,-1.0,-1.0,ECO03016,0.0
ECO03045,-2.0,-1.0,ECO03045,-1.0
ECO03048,2.0,1.0,ECO03048,1.0
ECO03049,-1.0,-1.0,ECO03049,0.0
ECO03052,-1.0,-1.0,ECO03052,0.0
ECO03054,2.0,1.0,ECO03054,1.0
ECO03056,-1.0,-1.0,ECO03056,0.0
ECO03057,-2.0,-1.0,ECO03057,-1.0
ECO03080,-1.0,-1.0,ECO03080,0.0
ECO03090,-1.0,-1.0,ECO03090,0.0
ECO03096,-1.0,-1.0,ECO03096,0.0
ECO03098,1.0,1.0,ECO03098,0.0
ECO03099,-1.0,-1.0,ECO03099,0.0
ECO03103,1.0,1.0,ECO03103,0.0
ECO03105,-2.0,-1.0,ECO03105,-1.0
ECO03106,1.0,1.0,ECO03106,0.0
ECO03107,-1.0,-1.0,ECO03107,0.0
ECO03112,-2.0,-1.0,ECO03112,-1.0
ECO03118,-1.0,-1.0,ECO03118,0.0
ECO03124,-1.0,-1.0,ECO03124,0.0
ECO03126,-2.0,-1.0,ECO03126,-1.0
ECO03130,2.0,1.0,ECO03130,1.0
ECO03132,-1.0,-1.0,ECO03132,0.0
ECO03137,1.0,1.0,ECO03137,0.0
ECO03138,2.0,1.0,ECO03138,1.0
ECO03139,-2.0,-1.0,ECO03139,-1.0
ECO03145,-2.0,-1.0,ECO03145,-1.0
ECO03156,-1.0,-1.0,ECO03156,0.0
ECO03159,2.0,1.0,ECO03159,1.0
ECO03162,2.0,1.0,ECO03162,1.0
ECO03174,-2.0,-1.0,ECO03174,-1.0
ECO03176,-2.0,-1.0,ECO03176,-1.0
ECO03179,2.0,1.0,ECO03179,1.0
ECO03181,-1.0,-1.0,ECO03181,0.0
ECO03183,-2.0,-1.0,ECO03183,-1.0
ECO03187,-2.0,-1.0,ECO03187,-1.0
ECO03188,-1.0,-1.0,ECO03188,0.0
ECO03194,-1.0,-1.0,ECO03194,0.0
ECO03203,-2.0,-1.0,ECO03203,-1.0
ECO03204,1.0,1.0,ECO03204,0.0
ECO03206,-1.0,-1.0,ECO03206,0.0
ECO03208,-2.0,-1.0,ECO03208,-1.0
ECO03210,1.0,1.0,ECO03210,0.0
ECO03212,-2.0,-1.0,ECO03212,-1.0
ECO03213,1.0,1.0,ECO03213,0.0
ECO03216,-1.0,-1.0,ECO03216,0.0
ECO03221,-1.0,-1.0,ECO03221,0.0
ECO03222,-1.0,-1.0,ECO03222,0.0
ECO03224,-2.0,-1.0,ECO03224,-1.0
ECO03226,-1.0,-1.0,ECO03226,0.0
ECO03227,-1.0,-1.0,ECO03227,0.0
ECO03236,-1.0,-1.0,ECO03236,0.0
ECO03241,1.0,1.0,ECO03241,0.0
ECO03257,-1.0,-1.0,ECO03257,0.0
ECO03259,-1.0,-1.0,ECO03259,0.0
ECO03260,2.0,1.0,ECO03260,1.0
ECO03264,-1.0,-1.0,ECO03264,0.0
ECO03270,-2.0,-1.0,ECO03270,-1.0
ECO03273,-1.0,-1.0,ECO03273,0.0
ECO03274,-2.0,-1.0,ECO03274,-1.0
ECO03279,-1.0,-1.0,ECO03279,0.0
ECO03280,-1.0,-1.0,ECO03280,0.0
ECO03282,0.0,-1.0,ECO03282,1.0
ECO03284,-2.0,-1.0,ECO03284,-1.0
ECO03289,1.0,1.0,ECO03289,0.0
ECO03291,-1.0,-1.0,ECO03291,0.0
ECO03292,-1.0,-1.0,ECO03292,0.0
ECO03294,-1.0,-1.0,ECO03294,0.0
ECO03299,-2.0,-1.0,ECO03299,-1.0
ECO03307,-1.0,-1.0,ECO03307,0.0
ECO03319,-1.0,-1.0,ECO03319,0.0
ECO03330,-2.0,-1.0,ECO03330,-1.0
ECO03340,-2.0,-1.0,ECO03340,-1.0
ECO03347,1.0,1.0,ECO03347,0.0
ECO03348,-1.0,-1.0,ECO03348,0.0
ECO03353,-2.0,-1.0,ECO03353,-1.0
ECO03354,-1.0,-1.0,ECO03354,0.0
ECO03361,-2.0,-1.0,ECO03361,-1.0
ECO03362,-1.0,-1.0,ECO03362,0.0
ECO03364,-1.0,-1.0,ECO03364,0.0
ECO03375,-2.0,-1.0,ECO03375,-1.0
ECO03379,2.0,1.0,ECO03379,1.0
ECO03387,-1.0,-1.0,ECO03387,0.0
ECO03389,-1.0,-1.0,ECO03389,0.0
ECO03390,-2.0,-1.0,ECO03390,-1.0
ECO03395,1.0,1.0,ECO03395,0.0
ECO03396,1.0,1.0,ECO03396,0.0
ECO03404,-1.0,-1.0,ECO03404,0.0
ECO03406,-1.0,-1.0,ECO03406,0.0
ECO03410,2.0,1.0,ECO03410,1.0
ECO03416,-1.0,-1.0,ECO03416,0.0
ECO03422,2.0,1.0,ECO03422,1.0
ECO03425,-1.0,-1.0,ECO03425,0.0
ECO03429,1.0,1.0,ECO03429,0.0
ECO03430,-2.0,-1.0,ECO03430,-1.0
ECO03439,-2.0,-1.0,ECO03439,-1.0
ECO03453,-1.0,-1.0,ECO03453,0.0
ECO03456,-2.0,-1.0,ECO03456,-1.0
ECO03458,-1.0,-1.0,ECO03458,0.0
ECO03463,-1.0,-1.0,ECO03463,0.0
ECO03465,2.0,1.0,ECO03465,1.0
ECO03475,-2.0,-1.0,ECO03475,-1.0
ECO03478,-1.0,-1.0,ECO03478,0.0
ECO03479,-1.0,-1.0,ECO03479,0.0
ECO03487,1.0,1.0,ECO03487,0.0
ECO03490,2.0,1.0,ECO03490,1.0
ECO03494,-1.0,-1.0,ECO03494,0.0
ECO03496,-2.0,-1.0,ECO03496,-1.0
ECO03518,-2.0,-1.0,ECO03518,-1.0
ECO03525,-2.0,-1.0,ECO03525,-1.0
ECO03526,-1.0,-1.0,ECO03526,0.0
ECO03527,-2.0,-1.0,ECO03527,-1.0
ECO03530,2.0,1.0,ECO03530,1.0
ECO03534,2.0,1.0,ECO03534,1.0
ECO03535,-1.0,-1.0,ECO03535,0.0
ECO03537,2.0,1.0,ECO03537,1.0
ECO03539,-1.0,-1.0,ECO03539,0.0
ECO03543,-1.0,-1.0,ECO03543,0.0
ECO03545,-1.0,-1.0,ECO03545,0.0
ECO03563,-2.0,-1.0,ECO03563,-1.0
ECO03582,1.0,1.0,ECO03582,0.0
ECO03592,-1.0,-1.0,ECO03592,0.0
ECO03594,-2.0,-1.0,ECO03594,-1.0
ECO03595,-1.0,-1.0,ECO03595,0.0
ECO03601,-2.0,-1.0,ECO03601,-1.0
ECO03604,-2.0,-1.0,ECO03604,-1.0
ECO03605,-2.0,-1.0,ECO03605,-1.0
ECO03606,-2.0,-1.0,ECO03606,-1.0
ECO03610,2.0,1.0,ECO03610,1.0
ECO03612,-2.0,-1.0,ECO03612,-1.0
ECO03614,-2.0,-1.0,ECO03614,-1.0
ECO03618,2.0,1.0,ECO03618,1.0
ECO03621,-1.0,-1.0,ECO03621,0.0
ECO03624,-2.0,-1.0,ECO03624,-1.0
ECO03629,-1.0,-1.0,ECO03629,0.0
ECO03630,-1.0,-1.0,ECO03630,0.0
ECO03631,-2.0,-1.0,ECO03631,-1.0
ECO03635,-2.0,-1.0,ECO03635,-1.0
ECO03639,1.0,1.0,ECO03639,0.0
ECO03646,-1.0,-1.0,ECO03646,0.0
ECO03649,1.0,1.0,ECO03649,0.0
ECO03654,-1.0,-1.0,ECO03654,0.0
ECO03656,-1.0,-1.0,ECO03656,0.0
ECO03678,-1.0,-1.0,ECO03678,0.0
ECO03679,2.0,1.0,ECO03679,1.0
ECO03681,-1.0,-1.0,ECO03681,0.0
ECO03691,2.0,1.0,ECO03691,1.0
ECO03694,-2.0,-1.0,ECO03694,-1.0
ECO03695,-1.0,-1.0,ECO03695,0.0
ECO03696,-2.0,-1.0,ECO03696,-1.0
ECO03705,1.0,1.0,ECO03705,0.0
ECO03706,2.0,1.0,ECO03706,1.0
ECO03714,1.0,1.0,ECO03714,0.0
ECO03716,-1.0,-1.0,ECO03716,0.0
ECO03728,-2.0,-1.0,ECO03728,-1.0
ECO03731,-2.0,-1.0,ECO03731,-1.0
ECO03737,-1.0,-1.0,ECO03737,0.0
ECO03738,-2.0,-1.0,ECO03738,-1.0
ECO03740,-1.0,-1.0,ECO03740,0.0
ECO03741,1.0,1.0,ECO03741,0.0
ECO03747,2.0,1.0,ECO03747,1.0
ECO03764,-2.0,-1.0,ECO03764,-1.0
ECO03769,-1.0,-1.0,ECO03769,0.0
ECO03774,2.0,1.0,ECO03774,1.0
ECO03791,-1.0,-1.0,ECO03791,0.0
ECO03794,-2.0,-1.0,ECO03794,-1.0
ECO03806,-2.0,-1.0,ECO03806,-1.0
ECO03809,-1.0,-1.0,ECO03809,0.0
ECO03828,2.0,1.0,ECO03828,1.0
ECO03865,-2.0,-1.0,ECO03865,-1.0
ECO03882,-2.0,-1.0,ECO03882,-1.0
ECO03888,-1.0,-1.0,ECO03888,0.0
ECO03897,-2.0,-1.0,ECO03897,-1.0
ECO03898,-2.0,-1.0,ECO03898,-1.0
ECO03901,-1.0,-1.0,ECO03901,0.0
ECO03905,-2.0,-1.0,ECO03905,-1.0
ECO03910,-1.0,-1.0,ECO03910,0.0
ECO03917,2.0,1.0,ECO03917,1.0
ECO03918,1.0,1.0,ECO03918,0.0
ECO03926,-2.0,-1.0,ECO03926,-1.0
ECO03931,-2.0,-1.0,ECO03931,-1.0
ECO03933,2.0,1.0,ECO03933,1.0
ECO03934,-1.0,-1.0,ECO03934,0.0
ECO03935,-1.0,-1.0,ECO03935,0.0
ECO03936,-1.0,-1.0,ECO03936,0.0
ECO03937,-2.0,-1.0,ECO03937,-1.0
ECO03953,-1.0,-1.0,ECO03953,0.0
ECO03955,-1.0,-1.0,ECO03955,0.0
ECO03959,-1.0,-1.0,ECO03959,0.0
ECO03960,-1.0,-1.0,ECO03960,0.0
ECO03965,-1.0,-1.0,ECO03965,0.0
ECO03970,-2.0,-1.0,ECO03970,-1.0
ECO03978,-1.0,-1.0,ECO03978,0.0
ECO03983,-1.0,-1.0,ECO03983,0.0
ECO03985,-2.0,-1.0,ECO03985,-1.0
ECO03986,-2.0,-1.0,ECO03986,-1.0
ECO03989,1.0,1.0,ECO03989,0.0
ECO03991,-2.0,-1.0,ECO03991,-1.0
ECO03997,1.0,1.0,ECO03997,0.0
ECO03998,-2.0,-1.0,ECO03998,-1.0
ECO04002,-2.0,-1.0,ECO04002,-1.0
ECO04008,-1.0,-1.0,ECO04008,0.0
ECO04016,-2.0,-1.0,ECO04016,-1.0
ECO04019,1.0,1.0,ECO04019,0.0
ECO04021,-1.0,-1.0,ECO04021,0.0
ECO04031,2.0,1.0,ECO04031,1.0
ECO04033,-1.0,-1.0,ECO04033,0.0
ECO04035,2.0,1.0,ECO04035,1.0
ECO04044,-2.0,-1.0,ECO04044,-1.0
ECO04051,-1.0,-1.0,ECO04051,0.0
ECO04055,-2.0,-1.0,ECO04055,-1.0
ECO04064,-2.0,-1.0,ECO04064,-1.0
ECO04068,-1.0,-1.0,ECO04068,0.0
ECO04070,2.0,1.0,ECO04070,1.0
ECO04071,-2.0,-1.0,ECO04071,-1.0
ECO04073,-2.0,-1.0,ECO04073,-1.0
ECO04076,1.0,1.0,ECO04076,0.0
ECO04080,-2.0,-1.0,ECO04080,-1.0
ECO04084,2.0,1.0,ECO04084,1.0
ECO04092,-1.0,-1.0,ECO04092,0.0
ECO04096,-1.0,-1.0,ECO04096,0.0
ECO04109,1.0,1.0,ECO04109,0.0
ECO04118,2.0,1.0,ECO04118,1.0
ECO04126,1.0,1.0,ECO04126,0.0
ECO04142,-2.0,-1.0,ECO04142,-1.0
ECO04145,2.0,1.0,ECO04145,1.0
ECO04159,-1.0,-1.0,ECO04159,0.0
ECO04160,-2.0,-1.0,ECO04160,-1.0
ECO04169,-2.0,-1.0,ECO04169,-1.0
ECO04175,2.0,1.0,ECO04175,1.0
ECO04176,-2.0,-1.0,ECO04176,-1.0
ECO04179,2.0,1.0,ECO04179,1.0
ECO04185,2.0,1.0,ECO04185,1.0
ECO04186,-1.0,-1.0,ECO04186,0.0
ECO04190,2.0,1.0,ECO04190,1.0
ECO04191,2.0,1.0,ECO04191,1.0
ECO04192,-1.0,-1.0,ECO04192,0.0
ECO04195,2.0,1.0,ECO04195,1.0
ECO04197,-1.0,-1.0,ECO04197,0.0
ECO04202,-2.0,-1.0,ECO04202,-1.0
ECO04206,-2.0,-1.0,ECO04206,-1.0
ECO04214,-1.0,-1.0,ECO04214,0.0
ECO04216,-2.0,-1.0,ECO04216,-1.0
ECO04217,1.0,1.0,ECO04217,0.0
ECO04229,1.0,1.0,ECO04229,0.0
ECO04234,-2.0,-1.0,ECO04234,-1.0
ECO04239,-1.0,-1.0,ECO04239,0.0
ECO04241,-2.0,-1.0,ECO04241,-1.0
ECO04244,2.0,1.0,ECO04244,1.0
ECO04245,-2.0,-1.0,ECO04245,-1.0
ECO04259,-2.0,-1.0,ECO04259,-1.0
ECO04262,2.0,1.0,ECO04262,1.0
ECO04263,-2.0,-1.0,ECO04263,-1.0
ECO04264,-1.0,-1.0,ECO04264,0.0
ECO04272,-2.0,-1.0,ECO04272,-1.0
ECO04279,-2.0,-1.0,ECO04279,-1.0
ECO04281,-2.0,-1.0,ECO04281,-1.0
ECO04284,-1.0,-1.0,ECO04284,0.0
ECO04285,2.0,1.0,ECO04285,1.0
ECO04287,-1.0,-1.0,ECO04287,0.0
ECO04288,-2.0,-1.0,ECO04288,-1.0
ECO04289,-2.0,-1.0,ECO04289,-1.0
ECO04290,2.0,1.0,ECO04290,1.0
ECO04296,1.0,1.0,ECO04296,0.0
ECO04298,-2.0,-1.0,ECO04298,-1.0
ECO04309,1.0,1.0,ECO04309,0.0
ECO04314,2.0,1.0,ECO04314,1.0
ECO04315,1.0,1.0,ECO04315,0.0
ECO04317,-1.0,-1.0,ECO04317,0.0
ECO04323,-1.0,-1.0,ECO04323,0.0
ECO04325,-1.0,-1.0,ECO04325,0.0
ECO04334,-1.0,-1.0,ECO04334,0.0
ECO04341,-1.0,-1.0,ECO04341,0.0
ECO04342,-2.0,-1.0,ECO04342,-1.0
ECO04344,1.0,1.0,ECO04344,0.0
ECO04349,-1.0,-1.0,ECO04349,0.0
ECO04350,-1.0,-1.0,ECO04350,0.0
ECO04358,1.0,1.0,ECO04358,0.0
ECO04362,-2.0,-1.0,ECO04362,-1.0
ECO04363,-2.0,-1.0,ECO04363,-1.0
ECO04365,2.0,1.0,ECO04365,1.0
ECO04366,-2.0,-1.0,ECO04366,-1.0
ECO04373,-1.0,-1.0,ECO04373,0.0
ECO04382,-2.0,-1.0,ECO04382,-1.0
ECO04383,-1.0,-1.0,ECO04383,0.0
ECO04384,-1.0,-1.0,ECO04384,0.0
ECO04386,2.0,1.0,ECO04386,1.0
ECO04387,-2.0,-1.0,ECO04387,-1.0
ECO04404,-2.0,-1.0,ECO04404,-1.0
ECO04410,-1.0,-1.0,ECO04410,0.0
ECO04417,2.0,1.0,ECO04417,1.0
ECO04425,-1.0,-1.0,ECO04425,0.0
ECO04426,-1.0,-1.0,ECO04426,0.0
ECO04429,-2.0,-1.0,ECO04429,-1.0
ECO04430,-2.0,-1.0,ECO04430,-1.0
ECO04436,-1.0,-1.0,ECO04436,0.0
ECO04439,-1.0,-1.0,ECO04439,0.0
ECO04443,-1.0,-1.0,ECO04443,0.0
ECO04448,-2.0,-1.0,ECO04448,-1.0
ECO04452,-2.0,-1.0,ECO04452,-1.0
ECO04457,-2.0,-1.0,ECO04457,-1.0
ECO04460,-2.0,-1.0,ECO04460,-1.0
ECO04461,-1.0,-1.0,ECO04461,0.0
ECO04464,2.0,1.0,ECO04464,1.0
ECO04477,1.0,1.0,ECO04477,0.0
ECO04484,-1.0,-1.0,ECO04484,0.0
ECO04494,-2.0,-1.0,ECO04494,-1.0
ECO04501,-1.0,-1.0,ECO04501,0.0
ECO04505,-1.0,-1.0,ECO04505,0.0
ECO04506,-2.0,-1.0,ECO04506,-1.0
ECO04508,-1.0,-1.0,ECO04508,0.0
ECO04512,-2.0,-1.0,ECO04512,-1.0
ECO04519,-2.0,-1.0,ECO04519,-1.0
ECO04522,-1.0,-1.0,ECO04522,0.0
ECO04531,1.0,1.0,ECO04531,0.0
ECO04535,-1.0,-1.0,ECO04535,0.0
ECO04536,-1.0,-1.0,ECO04536,0.0
ECO04540,-2.0,-1.0,ECO04540,-1.0
ECO04544,-2.0,-1.0,ECO04544,-1.0
ECO04549,-2.0,-1.0,ECO04549,-1.0
ECO04553,-1.0,-1.0,ECO04553,0.0
ECO04556,-2.0,-1.0,ECO04556,-1.0
ECO04560,2.0,1.0,ECO04560,1.0
ECO04562,1.0,1.0,ECO04562,0.0
ECO04563,-1.0,-1.0,ECO04563,0.0
ECO04565,1.0,1.0,ECO04565,0.0
ECO04568,-2.0,-1.0,ECO04568,-1.0
ECO04572,-1.0,-1.0,ECO04572,0.0
ECO04573,-2.0,-1.0,ECO04573,-1.0
ECO04576,-1.0,-1.0,ECO04576,0.0
ECO04581,-2.0,-1.0,ECO04581,-1.0
ECO04587,-1.0,-1.0,ECO04587,0.0
ECO04598,-1.0,-1.0,ECO04598,0.0
ECO04602,1.0,1.0,ECO04602,0.0
ECO04605,-2.0,-1.0,ECO04605,-1.0
ECO04609,-1.0,-1.0,ECO04609,0.0
ECO04610,-2.0,-1.0,ECO04610,-1.0
ECO04611,-1.0,-1.0,ECO04611,0.0
ECO04616,-1.0,-1.0,ECO04616,0.0
ECO04619,-1.0,-1.0,ECO04619,0.0
ECO04621,-1.0,-1.0,ECO04621,0.0
ECO04635,-1.0,-1.0,ECO04635,0.0
ECO04655,-1.0,-1.0,ECO04655,0.0
ECO04663,-2.0,-1.0,ECO04663,-1.0
ECO04668,-1.0,-1.0,ECO04668,0.0
ECO04674,-2.0,-1.0,ECO04674,-1.0
ECO04678,2.0,1.0,ECO04678,1.0
ECO04684,-2.0,-1.0,ECO04684,-1.0
ECO04687,-2.0,-1.0,ECO04687,-1.0
ECO04688,-1.0,-1.0,ECO04688,0.0
ECO04689,-2.0,-1.0,ECO04689,-1.0
ECO04693,-2.0,-1.0,ECO04693,-1.0
ECO04698,-1.0,-1.0,ECO04698,0.0
ECO04702,-2.0,-1.0,ECO04702,-1.0
ECO04711,-2.0,-1.0,ECO04711,-1.0
ECO04712,-2.0,-1.0,ECO04712,-1.0
ECO04713,-2.0,-1.0,ECO04713,-1.0
ECO04715,-1.0,-1.0,ECO04715,0.0
ECO04723,-2.0,-1.0,ECO04723,-1.0
ECO04729,1.0,1.0,ECO04729,0.0
ECO04732,-2.0,-1.0,ECO04732,-1.0
ECO04734,2.0,1.0,ECO04734,1.0
ECO04737,-1.0,-1.0,ECO04737,0.0
ECO04738,-1.0,-1.0,ECO04738,0.0
ECO04743,-1.0,-1.0,ECO04743,0.0
ECO04748,-2.0,-1.0,ECO04748,-1.0
ECO04749,-2.0,-1.0,ECO04749,-1.0
ECO04752,-1.0,-1.0,ECO04752,0.0
ECO04755,2.0,1.0,ECO04755,1.0
ECO04756,-1.0,-1.0,ECO04756,0.0
ECO04757,-1.0,-1.0,ECO04757,0.0
ECO04768,-1.0,-1.0,ECO04768,0.0
ECO04771,-2.0,-1.0,ECO04771,-1.0
ECO04772,-2.0,-1.0,ECO04772,-1.0
ECO04775,-1.0,-1.0,ECO04775,0.0
ECO04776,2.0,1.0,ECO04776,1.0
ECO04778,-2.0,-1.0,ECO04778,-1.0
ECO04784,-1.0,-1.0,ECO04784,0.0
ECO04788,-2.0,-1.0,ECO04788,-1.0
ECO04793,-2.0,-1.0,ECO04793,-1.0
ECO04800,2.0,1.0,ECO04800,1.0
ECO04803,-1.0,-1.0,ECO04803,0.0
ECO04804,-2.0,-1.0,ECO04804,-1.0
ECO04806,-1.0,-1.0,ECO04806,0.0
ECO04808,-1.0,-1.0,ECO04808,0.0
ECO04813,-2.0,-1.0,ECO04813,-1.0
ECO04820,-2.0,-1.0,ECO04820,-1.0
ECO04836,-2.0,-1.0,ECO04836,-1.0
ECO04838,-1.0,-1.0,ECO04838,0.0
ECO04839,-1.0,-1.0,ECO04839,0.0
ECO04848,-1.0,-1.0,ECO04848,0.0
ECO04851,-2.0,-1.0,ECO04851,-1.0
ECO04858,-2.0,-1.0,ECO04858,-1.0
ECO04869,2.0,1.0,ECO04869,1.0
ECO04877,-2.0,-1.0,ECO04877,-1.0
ECO04888,2.0,1.0,ECO04888,1.0
ECO04889,2.0,1.0,ECO04889,1.0
ECO04892,-1.0,-1.0,ECO04892,0.0
ECO04898,-2.0,-1.0,ECO04898,-1.0
ECO04900,0.0,-1.0,ECO04900,1.0
ECO04904,1.0,1.0,ECO04904,0.0
ECO04907,-1.0,-1.0,ECO04907,0.0
ECO04911,2.0,1.0,ECO04911,1.0
ECO04916,1.0,1.0,ECO04916,0.0
ECO04922,1.0,1.0,ECO04922,0.0
ECO04923,-1.0,-1.0,ECO04923,0.0
ECO04926,-2.0,-1.0,ECO04926,-1.0
ECO04927,-2.0,-1.0,ECO04927,-1.0
ECO04928,-2.0,-1.0,ECO04928,-1.0
ECO04930,-1.0,-1.0,ECO04930,0.0
ECO04933,-1.0,-1.0,ECO04933,0.0
ECO04942,-1.0,-1.0,ECO04942,0.0
ECO04944,-2.0,-1.0,ECO04944,-1.0
ECO04947,-2.0,-1.0,ECO04947,-1.0
ECO04950,-1.0,-1.0,ECO04950,0.0
ECO04966,-1.0,-1.0,ECO04966,0.0
ECO04971,-1.0,-1.0,ECO04971,0.0
ECO04981,-1.0,-1.0,ECO04981,0.0
ECO04982,-2.0,-1.0,ECO04982,-1.0
ECO04985,-1.0,-1.0,ECO04985,0.0
ECO04990,-2.0,-1.0,ECO04990,-1.0
ECO04993,-1.0,-1.0,ECO04993,0.0
ECO04995,-1.0,-1.0,ECO04995,0.0
ECO04996,-1.0,-1.0,ECO04996,0.0
ECO04997,-1.0,-1.0,ECO04997,0.0
ECO05003,1.0,1.0,ECO05003,0.0
ECO05006,1.0,1.0,ECO05006,0.0
ECO05013,-1.0,-1.0,ECO05013,0.0
ECO05014,1.0,1.0,ECO05014,0.0
ECO05020,-2.0,-1.0,ECO05020,-1.0
ECO05028,1.0,1.0,ECO05028,0.0
ECO05031,-2.0,-1.0,ECO05031,-1.0
ECO05035,-1.0,-1.0,ECO05035,0.0
ECO05038,-1.0,-1.0,ECO05038,0.0
ECO05039,-1.0,-1.0,ECO05039,0.0
ECO05040,-1.0,-1.0,ECO05040,0.0
ECO05042,-1.0,-1.0,ECO05042,0.0
ECO05045,-1.0,-1.0,ECO05045,0.0
ECO05047,-1.0,-1.0,ECO05047,0.0
ECO05054,1.0,1.0,ECO05054,0.0
ECO05057,-1.0,-1.0,ECO05057,0.0
ECO05060,-2.0,-1.0,ECO05060,-1.0
ECO05061,-2.0,-1.0,ECO05061,-1.0
ECO05068,-2.0,-1.0,ECO05068,-1.0
ECO05069,1.0,1.0,ECO05069,0.0
ECO05070,-1.0,-1.0,ECO05070,0.0
ECO05075,-2.0,-1.0,ECO05075,-1.0
ECO05080,-2.0,-1.0,ECO05080,-1.0
ECO05086,-1.0,-1.0,ECO05086,0.0
ECO05093,-1.0,-1.0,ECO05093,0.0
ECO05099,1.0,1.0,ECO05099,0.0
ECO05100,-2.0,-1.0,ECO05100,-1.0
ECO05103,-2.0,-1.0,ECO05103,-1.0
ECO05104,-1.0,-1.0,ECO05104,0.0
ECO05114,-1.0,-1.0,ECO05114,0.0
ECO05115,-2.0,-1.0,ECO05115,-1.0
ECO05118,-1.0,-1.0,ECO05118,0.0
ECO05128,2.0,1.0,ECO05128,1.0
ECO05130,-1.0,-1.0,ECO05130,0.0
ECO05134,-2.0,-1.0,ECO05134,-1.0
ECO05143,2.0,1.0,ECO05143,1.0
ECO05144,-1.0,-1.0,ECO05144,0.0
ECO05158,-1.0,-1.0,ECO05158,0.0
ECO05163,-1.0,-1.0,ECO05163,0.0
ECO05166,-1.0,-1.0,ECO05166,0.0
ECO05180,-1.0,-1.0,ECO05180,0.0
ECO05189,-1.0,-1.0,ECO05189,0.0
ECO05191,-2.0,-1.0,ECO05191,-1.0
ECO05199,-1.0,-1.0,ECO05199,0.0
ECO05207,-2.0,-1.0,ECO05207,-1.0
ECO05211,-1.0,-1.0,ECO05211,0.0
ECO05215,-1.0,-1.0,ECO05215,0.0
ECO05217,-1.0,-1.0,ECO05217,0.0
ECO05218,-1.0,-1.0,ECO05218,0.0
ECO05220,-1.0,-1.0,ECO05220,0.0
ECO05224,-2.0,-1.0,ECO05224,-1.0
ECO05228,1.0,1.0,ECO05228,0.0
ECO05232,-1.0,-1.0,ECO05232,0.0
ECO05235,-2.0,-1.0,ECO05235,-1.0
ECO05243,-1.0,-1.0,ECO05243,0.0
ECO05283,-2.0,-1.0,ECO05283,-1.0
ECO05292,-1.0,-1.0,ECO05292,0.0
ECO05298,-1.0,-1.0,ECO05298,0.0
ECO05301,-2.0,-1.0,ECO05301,-1.0
ECO05304,-1.0,-1.0,ECO05304,0.0
ECO05306,-1.0,-1.0,ECO05306,0.0
ECO05308,-1.0,-1.0,ECO05308,0.0
ECO05314,-2.0,-1.0,ECO05314,-1.0
ECO05315,-2.0,-1.0,ECO05315,-1.0
ECO05316,-1.0,-1.0,ECO05316,0.0
ECO05319,-2.0,-1.0,ECO05319,-1.0
ECO05321,-2.0,-1.0,ECO05321,-1.0
ECO05325,-1.0,-1.0,ECO05325,0.0
ECO05327,-1.0,-1.0,ECO05327,0.0
ECO05331,-1.0,-1.0,ECO05331,0.0
ECO05336,-2.0,-1.0,ECO05336,-1.0
ECO05341,-1.0,-1.0,ECO05341,0.0
ECO05344,-2.0,-1.0,ECO05344,-1.0
ECO05348,-2.0,-1.0,ECO05348,-1.0
ECO05355,-2.0,-1.0,ECO05355,-1.0
ECO05360,-1.0,-1.0,ECO05360,0.0
ECO05365,-2.0,-1.0,ECO05365,-1.0
ECO05372,2.0,1.0,ECO05372,1.0
ECO05374,2.0,1.0,ECO05374,1.0
ECO05380,-2.0,-1.0,ECO05380,-1.0
ECO05381,-1.0,-1.0,ECO05381,0.0
ECO05382,-2.0,-1.0,ECO05382,-1.0
ECO05386,-1.0,-1.0,ECO05386,0.0
ECO05388,-1.0,-1.0,ECO05388,0.0
ECO05389,-2.0,-1.0,ECO05389,-1.0
ECO05391,-1.0,-1.0,ECO05391,0.0
ECO05392,-1.0,-1.0,ECO05392,0.0
ECO05394,-2.0,-1.0,ECO05394,-1.0
ECO05399,-2.0,-1.0,ECO05399,-1.0
ECO05400,-2.0,-1.0,ECO05400,-1.0
ECO05402,-1.0,-1.0,ECO05402,0.0
ECO05408,-2.0,-1.0,ECO05408,-1.0
ECO05411,-2.0,-1.0,ECO05411,-1.0
ECO05414,-2.0,-1.0,ECO05414,-1.0
ECO05417,-2.0,-1.0,ECO05417,-1.0
ECO05419,-1.0,-1.0,ECO05419,0.0
ECO05420,-1.0,-1.0,ECO05420,0.0
ECO05426,-1.0,-1.0,ECO05426,0.0
ECO05428,2.0,1.0,ECO05428,1.0
ECO05430,-2.0,-1.0,ECO05430,-1.0
ECO05438,-1.0,-1.0,ECO05438,0.0
ECO05440,-1.0,-1.0,ECO05440,0.0
ECO05442,-1.0,-1.0,ECO05442,0.0
ECO05448,-1.0,-1.0,ECO05448,0.0
ECO05452,-2.0,-1.0,ECO05452,-1.0
ECO05455,-2.0,-1.0,ECO05455,-1.0
ECO05457,-1.0,-1.0,ECO05457,0.0
ECO05459,2.0,1.0,ECO05459,1.0
ECO05461,1.0,1.0,ECO05461,0.0
ECO05464,-2.0,-1.0,ECO05464,-1.0
ECO05468,-2.0,-1.0,ECO05468,-1.0
ECO05470,2.0,1.0,ECO05470,1.0
ECO05477,-2.0,-1.0,ECO05477,-1.0
ECO05481,-1.0,-1.0,ECO05481,0.0
ECO05488,-2.0,-1.0,ECO05488,-1.0
ECO05490,-1.0,-1.0,ECO05490,0.0
ECO05492,-2.0,-1.0,ECO05492,-1.0
ECO05493,-1.0,-1.0,ECO05493,0.0
ECO05494,-1.0,-1.0,ECO05494,0.0
ECO05495,2.0,1.0,ECO05495,1.0
ECO05498,2.0,1.0,ECO05498,1.0
ECO05499,2.0,1.0,ECO05499,1.0
ECO05503,-2.0,-1.0,ECO05503,-1.0
ECO05504,-2.0,-1.0,ECO05504,-1.0
ECO05506,-2.0,-1.0,ECO05506,-1.0
ECO05512,-2.0,-1.0,ECO05512,-1.0
ECO05514,-2.0,-1.0,ECO05514,-1.0
ECO05517,-2.0,-1.0,ECO05517,-1.0
ECO05519,-2.0,-1.0,ECO05519,-1.0
ECO05522,-1.0,-1.0,ECO05522,0.0
ECO05526,-1.0,-1.0,ECO05526,0.0
ECO05530,-2.0,-1.0,ECO05530,-1.0
ECO05533,-2.0,-1.0,ECO05533,-1.0
ECO05545,-1.0,-1.0,ECO05545,0.0
ECO05547,-1.0,-1.0,ECO05547,0.0
ECO05550,-2.0,-1.0,ECO05550,-1.0
ECO05553,-1.0,-1.0,ECO05553,0.0
ECO05554,-2.0,-1.0,ECO05554,-1.0
ECO05558,-1.0,-1.0,ECO05558,0.0
ECO05563,-1.0,-1.0,ECO05563,0.0
ECO05578,-1.0,-1.0,ECO05578,0.0
ECO05579,-2.0,-1.0,ECO05579,-1.0
ECO05586,-1.0,-1.0,ECO05586,0.0
ECO05592,-1.0,-1.0,ECO05592,0.0
ECO05593,-1.0,-1.0,ECO05593,0.0
ECO05597,-2.0,-1.0,ECO05597,-1.0
ECO05603,-2.0,-1.0,ECO05603,-1.0
ECO05605,-1.0,-1.0,ECO05605,0.0
ECO05606,-1.0,-1.0,ECO05606,0.0
ECO05626,-2.0,-1.0,ECO05626,-1.0
ECO05627,-1.0,-1.0,ECO05627,0.0
ECO05629,-2.0,-1.0,ECO05629,-1.0
ECO05632,-1.0,-1.0,ECO05632,0.0
ECO05637,-1.0,-1.0,ECO05637,0.0
ECO05642,-1.0,-1.0,ECO05642,0.0
ECO05647,2.0,1.0,ECO05647,1.0
ECO05648,-2.0,-1.0,ECO05648,-1.0
ECO05657,-1.0,-1.0,ECO05657,0.0
ECO05658,-1.0,-1.0,ECO05658,0.0
ECO05659,0.0,-1.0,ECO05659,1.0
ECO05660,-2.0,-1.0,ECO05660,-1.0
ECO05661,-1.0,-1.0,ECO05661,0.0
ECO05663,-2.0,-1.0,ECO05663,-1.0
ECO05666,-2.0,-1.0,ECO05666,-1.0
ECO05670,-1.0,-1.0,ECO05670,0.0
ECO05671,1.0,1.0,ECO05671,0.0
ECO05673,-2.0,-1.0,ECO05673,-1.0
ECO05674,1.0,1.0,ECO05674,0.0
ECO05675,-2.0,-1.0,ECO05675,-1.0
ECO05681,-2.0,-1.0,ECO05681,-1.0
ECO05682,-2.0,-1.0,ECO05682,-1.0
ECO05684,-2.0,-1.0,ECO05684,-1.0
ECO05689,-2.0,-1.0,ECO05689,-1.0
ECO05690,-2.0,-1.0,ECO05690,-1.0
ECO05697,-2.0,-1.0,ECO05697,-1.0
ECO05698,-1.0,-1.0,ECO05698,0.0
ECO05704,-2.0,-1.0,ECO05704,-1.0
ECO05715,-2.0,-1.0,ECO05715,-1.0
ECO05716,-1.0,-1.0,ECO05716,0.0
ECO05737,-1.0,-1.0,ECO05737,0.0
ECO05741,-2.0,-1.0,ECO05741,-1.0
ECO05742,-1.0,-1.0,ECO05742,0.0
ECO05746,-1.0,-1.0,ECO05746,0.0
ECO05754,-1.0,-1.0,ECO05754,0.0
ECO05755,-1.0,-1.0,ECO05755,0.0
ECO05757,-2.0,-1.0,ECO05757,-1.0
ECO05759,-1.0,-1.0,ECO05759,0.0
ECO05762,-1.0,-1.0,ECO05762,0.0
ECO05764,-1.0,-1.0,ECO05764,0.0
ECO05765,-1.0,-1.0,ECO05765,0.0
ECO05769,-1.0,-1.0,ECO05769,0.0
ECO05775,-1.0,-1.0,ECO05775,0.0
ECO05782,-1.0,-1.0,ECO05782,0.0
ECO05783,-1.0,-1.0,ECO05783,0.0
ECO05785,-1.0,-1.0,ECO05785,0.0
ECO05791,-1.0,-1.0,ECO05791,0.0
ECO05797,-1.0,-1.0,ECO05797,0.0
ECO05798,-1.0,-1.0,ECO05798,0.0
ECO05799,-1.0,-1.0,ECO05799,0.0
ECO05800,-2.0,-1.0,ECO05800,-1.0
ECO05806,-2.0,-1.0,ECO05806,-1.0
ECO05807,-1.0,-1.0,ECO05807,0.0
ECO05809,-1.0,-1.0,ECO05809,0.0
ECO05812,-2.0,-1.0,ECO05812,-1.0
ECO05814,-2.0,-1.0,ECO05814,-1.0
ECO05816,-1.0,-1.0,ECO05816,0.0
ECO05818,2.0,1.0,ECO05818,1.0
ECO05819,-1.0,-1.0,ECO05819,0.0
ECO05820,-1.0,-1.0,ECO05820,0.0
ECO05826,-1.0,-1.0,ECO05826,0.0
ECO05832,-1.0,-1.0,ECO05832,0.0
ECO05843,-1.0,-1.0,ECO05843,0.0
ECO05847,-1.0,-1.0,ECO05847,0.0
ECO05848,-1.0,-1.0,ECO05848,0.0
ECO05860,-1.0,-1.0,ECO05860,0.0
ECO05865,-1.0,-1.0,ECO05865,0.0
ECO05867,-1.0,-1.0,ECO05867,0.0
ECO05874,-1.0,-1.0,ECO05874,0.0
ECO05878,-2.0,-1.0,ECO05878,-1.0
ECO05879,2.0,1.0,ECO05879,1.0
ECO05884,-1.0,-1.0,ECO05884,0.0
ECO05889,1.0,1.0,ECO05889,0.0
ECO05892,2.0,1.0,ECO05892,1.0
ECO05893,-2.0,-1.0,ECO05893,-1.0
ECO05897,-1.0,-1.0,ECO05897,0.0
ECO05900,-1.0,-1.0,ECO05900,0.0
ECO05901,-2.0,-1.0,ECO05901,-1.0
ECO05902,-1.0,-1.0,ECO05902,0.0
ECO05904,-1.0,-1.0,ECO05904,0.0
ECO05905,-1.0,-1.0,ECO05905,0.0
ECO05910,1.0,1.0,ECO05910,0.0
ECO05916,-2.0,-1.0,ECO05916,-1.0
ECO05918,0.0,-1.0,ECO05918,1.0
ECO05926,-1.0,-1.0,ECO05926,0.0
ECO05930,-2.0,-1.0,ECO05930,-1.0
ECO05937,-1.0,-1.0,ECO05937,0.0
ECO05940,-2.0,-1.0,ECO05940,-1.0
ECO05947,-2.0,-1.0,ECO05947,-1.0
ECO05948,-1.0,-1.0,ECO05948,0.0
ECO05951,-1.0,-1.0,ECO05951,0.0
ECO05956,-2.0,-1.0,ECO05956,-1.0
ECO05957,-1.0,-1.0,ECO05957,0.0
ECO05967,-1.0,-1.0,ECO05967,0.0
ECO05970,-2.0,-1.0,ECO05970,-1.0
ECO05982,2.0,1.0,ECO05982,1.0
ECO05984,-2.0,-1.0,ECO05984,-1.0
ECO05990,2.0,1.0,ECO05990,1.0
ECO05991,-1.0,-1.0,ECO05991,0.0
ECO06000,1.0,1.0,ECO06000,0.0
ECO06002,-2.0,-1.0,ECO06002,-1.0
ECO06008,-2.0,-1.0,ECO06008,-1.0
ECO06012,-1.0,-1.0,ECO06012,0.0
ECO06014,-1.0,-1.0,ECO06014,0.0
ECO06015,-2.0,-1.0,ECO06015,-1.0
ECO06027,-1.0,-1.0,ECO06027,0.0
ECO06033,-1.0,-1.0,ECO06033,0.0
ECO06034,-1.0,-1.0,ECO06034,0.0
ECO06042,-2.0,-1.0,ECO06042,-1.0
ECO06043,-1.0,-1.0,ECO06043,0.0
ECO06050,-1.0,-1.0,ECO06050,0.0
ECO06059,-2.0,-1.0,ECO06059,-1.0
ECO06060,-2.0,-1.0,ECO06060,-1.0
ECO06062,-2.0,-1.0,ECO06062,-1.0
ECO06068,-1.0,-1.0,ECO06068,0.0
ECO06070,-2.0,-1.0,ECO06070,-1.0
ECO06075,-1.0,-1.0,ECO06075,0.0
ECO06077,-1.0,-1.0,ECO06077,0.0
ECO06081,-1.0,-1.0,ECO06081,0.0
ECO06082,-2.0,-1.0,ECO06082,-1.0
ECO06085,2.0,1.0,ECO06085,1.0
ECO06086,-1.0,-1.0,ECO06086,0.0
ECO06088,-1.0,-1.0,ECO06088,0.0
ECO06089,-2.0,-1.0,ECO06089,-1.0
ECO06090,-2.0,-1.0,ECO06090,-1.0
ECO06092,-2.0,-1.0,ECO06092,-1.0
ECO06093,-2.0,-1.0,ECO06093,-1.0
ECO06094,-1.0,-1.0,ECO06094,0.0
ECO06095,1.0,1.0,ECO06095,0.0
ECO06096,-2.0,-1.0,ECO06096,-1.0
ECO06097,1.0,1.0,ECO06097,0.0
ECO06122,-2.0,-1.0,ECO06122,-1.0
ECO06124,2.0,1.0,ECO06124,1.0
ECO06130,-2.0,-1.0,ECO06130,-1.0
ECO06163,-2.0,-1.0,ECO06163,-1.0
ECO06174,-2.0,-1.0,ECO06174,-1.0
ECO06193,-2.0,-1.0,ECO06193,-1.0
ECO06209,-2.0,-1.0,ECO06209,-1.0
ECO06216,-1.0,-1.0,ECO06216,0.0
ECO06217,-2.0,-1.0,ECO06217,-1.0
ECO06221,-1.0,-1.0,ECO06221,0.0
ECO06225,-2.0,-1.0,ECO06225,-1.0
ECO06238,-1.0,-1.0,ECO06238,0.0
ECO06240,1.0,1.0,ECO06240,0.0
ECO06241,-1.0,-1.0,ECO06241,0.0
ECO06246,-1.0,-1.0,ECO06246,0.0
ECO06247,-2.0,-1.0,ECO06247,-1.0
ECO06250,-2.0,-1.0,ECO06250,-1.0
ECO06256,-2.0,-1.0,ECO06256,-1.0
ECO06258,-2.0,-1.0,ECO06258,-1.0
ECO06264,-2.0,-1.0,ECO06264,-1.0
ECO06267,-2.0,-1.0,ECO06267,-1.0
ECO06272,-2.0,-1.0,ECO06272,-1.0
ECO06273,2.0,1.0,ECO06273,1.0
ECO06275,-2.0,-1.0,ECO06275,-1.0
ECO06281,-2.0,-1.0,ECO06281,-1.0
ECO06292,2.0,1.0,ECO06292,1.0
ECO06298,-2.0,-1.0,ECO06298,-1.0
ECO06305,1.0,1.0,ECO06305,0.0
ECO06310,-1.0,-1.0,ECO06310,0.0
ECO06325,-1.0,-1.0,ECO06325,0.0
ECO06335,-2.0,-1.0,ECO06335,-1.0
ECO06341,-2.0,-1.0,ECO06341,-1.0
ECO06350,-2.0,-1.0,ECO06350,-1.0
ECO06351,-2.0,-1.0,ECO06351,-1.0
ECO06360,-2.0,-1.0,ECO06360,-1.0
ECO06363,-1.0,-1.0,ECO06363,0.0
ECO06364,1.0,1.0,ECO06364,0.0
ECO06366,-2.0,-1.0,ECO06366,-1.0
ECO06368,1.0,1.0,ECO06368,0.0
ECO06371,-1.0,-1.0,ECO06371,0.0
ECO06373,2.0,1.0,ECO06373,1.0
ECO06374,1.0,1.0,ECO06374,0.0
ECO06376,1.0,1.0,ECO06376,0.0
ECO06378,2.0,1.0,ECO06378,1.0
ECO06382,-2.0,-1.0,ECO06382,-1.0
ECO06385,-1.0,-1.0,ECO06385,0.0
ECO06387,-1.0,-1.0,ECO06387,0.0
ECO06388,-2.0,-1.0,ECO06388,-1.0
ECO06392,-2.0,-1.0,ECO06392,-1.0
ECO06402,-1.0,-1.0,ECO06402,0.0
ECO06403,-2.0,-1.0,ECO06403,-1.0
ECO06409,-2.0,-1.0,ECO06409,-1.0
ECO06411,-1.0,-1.0,ECO06411,0.0
ECO06413,-1.0,-1.0,ECO06413,0.0
ECO06415,-2.0,-1.0,ECO06415,-1.0
ECO06420,-2.0,-1.0,ECO06420,-1.0
ECO06422,-1.0,-1.0,ECO06422,0.0
ECO06423,-1.0,-1.0,ECO06423,0.0
ECO06435,-2.0,-1.0,ECO06435,-1.0
ECO06437,-1.0,-1.0,ECO06437,0.0
ECO06439,-2.0,-1.0,ECO06439,-1.0
ECO06444,-1.0,-1.0,ECO06444,0.0
ECO06446,-2.0,-1.0,ECO06446,-1.0
ECO06448,-2.0,-1.0,ECO06448,-1.0
ECO06449,1.0,1.0,ECO06449,0.0
ECO06450,-2.0,-1.0,ECO06450,-1.0
ECO06460,1.0,1.0,ECO06460,0.0
ECO06461,-1.0,-1.0,ECO06461,0.0
ECO06462,-1.0,-1.0,ECO06462,0.0
ECO06470,-2.0,-1.0,ECO06470,-1.0
ECO06473,-2.0,-1.0,ECO06473,-1.0
ECO06483,-1.0,-1.0,ECO06483,0.0
ECO06489,-1.0,-1.0,ECO06489,0.0
ECO06491,1.0,1.0,ECO06491,0.0
ECO06493,-1.0,-1.0,ECO06493,0.0
ECO06494,-2.0,-1.0,ECO06494,-1.0
ECO06499,-1.0,-1.0,ECO06499,0.0
ECO06501,-1.0,-1.0,ECO06501,0.0
ECO06502,-2.0,-1.0,ECO06502,-1.0
ECO06503,-1.0,-1.0,ECO06503,0.0
ECO06505,-2.0,-1.0,ECO06505,-1.0
ECO06510,-1.0,-1.0,ECO06510,0.0
ECO06511,-1.0,-1.0,ECO06511,0.0
ECO06516,-2.0,-1.0,ECO06516,-1.0
ECO06519,-1.0,-1.0,ECO06519,0.0
ECO06526,-1.0,-1.0,ECO06526,0.0
ECO06529,-2.0,-1.0,ECO06529,-1.0
ECO06530,-1.0,-1.0,ECO06530,0.0
ECO06532,1.0,1.0,ECO06532,0.0
ECO06533,-1.0,-1.0,ECO06533,0.0
ECO06536,-2.0,-1.0,ECO06536,-1.0
ECO06538,-2.0,-1.0,ECO06538,-1.0
ECO06540,-1.0,-1.0,ECO06540,0.0
ECO06544,-1.0,-1.0,ECO06544,0.0
ECO06545,-2.0,-1.0,ECO06545,-1.0
ECO06550,-1.0,-1.0,ECO06550,0.0
ECO06551,-2.0,-1.0,ECO06551,-1.0
ECO06554,-1.0,-1.0,ECO06554,0.0
ECO06556,-1.0,-1.0,ECO06556,0.0
ECO06570,-1.0,-1.0,ECO06570,0.0
ECO06574,-1.0,-1.0,ECO06574,0.0
ECO06575,-2.0,-1.0,ECO06575,-1.0
ECO06579,-1.0,-1.0,ECO06579,0.0
ECO06581,-2.0,-1.0,ECO06581,-1.0
ECO06585,-1.0,-1.0,ECO06585,0.0
ECO06590,2.0,1.0,ECO06590,1.0
ECO06591,-2.0,-1.0,ECO06591,-1.0
ECO06592,-2.0,-1.0,ECO06592,-1.0
ECO06603,-1.0,-1.0,ECO06603,0.0
ECO06604,-1.0,-1.0,ECO06604,0.0
ECO06608,1.0,1.0,ECO06608,0.0
ECO06613,0.0,-1.0,ECO06613,1.0
ECO06617,-1.0,-1.0,ECO06617,0.0
ECO06619,-2.0,-1.0,ECO06619,-1.0
ECO06620,1.0,1.0,ECO06620,0.0
ECO06622,-1.0,-1.0,ECO06622,0.0
ECO06624,-2.0,-1.0,ECO06624,-1.0
ECO06626,-2.0,-1.0,ECO06626,-1.0
ECO06634,-1.0,-1.0,ECO06634,0.0
ECO06635,-1.0,-1.0,ECO06635,0.0
ECO06636,-2.0,-1.0,ECO06636,-1.0
ECO06642,-1.0,-1.0,ECO06642,0.0
ECO06647,-2.0,-1.0,ECO06647,-1.0
ECO06649,-1.0,-1.0,ECO06649,0.0
ECO06651,-2.0,-1.0,ECO06651,-1.0
ECO06652,-2.0,-1.0,ECO06652,-1.0
ECO06654,0.0,-1.0,ECO06654,1.0
ECO06664,-1.0,-1.0,ECO06664,0.0
ECO06683,-1.0,-1.0,ECO06683,0.0
ECO06695,-1.0,-1.0,ECO06695,0.0
ECO06699,-1.0,-1.0,ECO06699,0.0
ECO06700,-1.0,-1.0,ECO06700,0.0
ECO06703,-1.0,-1.0,ECO06703,0.0
ECO06705,-1.0,-1.0,ECO06705,0.0
ECO06706,-2.0,-1.0,ECO06706,-1.0
ECO06707,-1.0,-1.0,ECO06707,0.0
ECO06710,-1.0,-1.0,ECO06710,0.0
ECO06712,-2.0,-1.0,ECO06712,-1.0
ECO06714,-2.0,-1.0,ECO06714,-1.0
ECO06720,-2.0,-1.0,ECO06720,-1.0
ECO06724,-1.0,-1.0,ECO06724,0.0
ECO06725,-2.0,-1.0,ECO06725,-1.0
ECO06726,-2.0,-1.0,ECO06726,-1.0
ECO06727,-2.0,-1.0,ECO06727,-1.0
ECO06728,-1.0,-1.0,ECO06728,0.0
ECO06737,-1.0,-1.0,ECO06737,0.0
ECO06742,-2.0,-1.0,ECO06742,-1.0
ECO06743,-1.0,-1.0,ECO06743,0.0
ECO06754,-1.0,-1.0,ECO06754,0.0
ECO06756,-1.0,-1.0,ECO06756,0.0
ECO06757,-2.0,-1.0,ECO06757,-1.0
ECO06762,-1.0,-1.0,ECO06762,0.0
ECO06763,-1.0,-1.0,ECO06763,0.0
ECO06778,-1.0,-1.0,ECO06778,0.0
ECO06791,-1.0,-1.0,ECO06791,0.0
ECO06793,-1.0,-1.0,ECO06793,0.0
ECO06798,-1.0,-1.0,ECO06798,0.0
ECO06801,-1.0,-1.0,ECO06801,0.0
ECO06804,-1.0,-1.0,ECO06804,0.0
ECO06812,-2.0,-1.0,ECO06812,-1.0
ECO06816,-2.0,-1.0,ECO06816,-1.0
ECO06819,-1.0,-1.0,ECO06819,0.0
ECO06827,2.0,1.0,ECO06827,1.0
ECO06844,-1.0,-1.0,ECO06844,0.0
ECO06846,-1.0,-1.0,ECO06846,0.0
ECO06849,-2.0,-1.0,ECO06849,-1.0
ECO06862,-1.0,-1.0,ECO06862,0.0
ECO06879,-1.0,-1.0,ECO06879,0.0
ECO06880,-1.0,-1.0,ECO06880,0.0
ECO06881,2.0,1.0,ECO06881,1.0
ECO06883,-1.0,-1.0,ECO06883,0.0
ECO06885,-1.0,-1.0,ECO06885,0.0
ECO06886,1.0,1.0,ECO06886,0.0
ECO06892,-1.0,-1.0,ECO06892,0.0
ECO06893,-2.0,-1.0,ECO06893,-1.0
ECO06894,-2.0,-1.0,ECO06894,-1.0
ECO06895,-2.0,-1.0,ECO06895,-1.0
ECO06901,-2.0,-1.0,ECO06901,-1.0
ECO06902,-2.0,-1.0,ECO06902,-1.0
ECO06903,-1.0,-1.0,ECO06903,0.0
ECO06938,-1.0,-1.0,ECO06938,0.0
ECO06954,-2.0,-1.0,ECO06954,-1.0
ECO06955,1.0,1.0,ECO06955,0.0
ECO06956,-2.0,-1.0,ECO06956,-1.0
ECO06958,0.0,-1.0,ECO06958,1.0
ECO06961,-2.0,-1.0,ECO06961,-1.0
ECO06962,-2.0,-1.0,ECO06962,-1.0
ECO06964,-2.0,-1.0,ECO06964,-1.0
ECO06966,-2.0,-1.0,ECO06966,-1.0
ECO06971,-1.0,-1.0,ECO06971,0.0
ECO06976,-1.0,-1.0,ECO06976,0.0
ECO06977,-1.0,-1.0,ECO06977,0.0
ECO06978,-2.0,-1.0,ECO06978,-1.0
ECO06982,-1.0,-1.0,ECO06982,0.0
ECO06983,-2.0,-1.0,ECO06983,-1.0
ECO06986,-1.0,-1.0,ECO06986,0.0
ECO06989,-1.0,-1.0,ECO06989,0.0
ECO06991,-1.0,-1.0,ECO06991,0.0
ECO06996,-1.0,-1.0,ECO06996,0.0
ECO07007,-2.0,-1.0,ECO07007,-1.0
ECO07008,-2.0,-1.0,ECO07008,-1.0
ECO07009,-2.0,-1.0,ECO07009,-1.0
ECO07019,2.0,1.0,ECO07019,1.0
ECO07020,1.0,1.0,ECO07020,0.0
ECO07024,2.0,1.0,ECO07024,1.0
ECO07037,-2.0,-1.0,ECO07037,-1.0
ECO07039,-2.0,-1.0,ECO07039,-1.0
ECO07041,-2.0,-1.0,ECO07041,-1.0
ECO07069,-2.0,-1.0,ECO07069,-1.0
ECO07075,-2.0,-1.0,ECO07075,-1.0
ECO07085,-1.0,-1.0,ECO07085,0.0
ECO07089,-1.0,-1.0,ECO07089,0.0
ECO07091,-2.0,-1.0,ECO07091,-1.0
ECO07092,-1.0,-1.0,ECO07092,0.0
ECO07094,2.0,1.0,ECO07094,1.0
ECO07101,-1.0,-1.0,ECO07101,0.0
ECO07102,2.0,1.0,ECO07102,1.0
ECO07108,-2.0,-1.0,ECO07108,-1.0
ECO07112,-1.0,-1.0,ECO07112,0.0
ECO07117,-1.0,-1.0,ECO07117,0.0
ECO07118,-2.0,-1.0,ECO07118,-1.0
ECO07119,-2.0,-1.0,ECO07119,-1.0
ECO07123,-1.0,-1.0,ECO07123,0.0
ECO07124,-1.0,-1.0,ECO07124,0.0
ECO07130,-1.0,-1.0,ECO07130,0.0
ECO07141,-2.0,-1.0,ECO07141,-1.0
ECO07145,-2.0,-1.0,ECO07145,-1.0
ECO07147,-2.0,-1.0,ECO07147,-1.0
ECO07162,-1.0,-1.0,ECO07162,0.0
ECO07166,-1.0,-1.0,ECO07166,0.0
ECO07183,-1.0,-1.0,ECO07183,0.0
ECO07184,-1.0,-1.0,ECO07184,0.0
ECO07189,-2.0,-1.0,ECO07189,-1.0
ECO07199,1.0,1.0,ECO07199,0.0
ECO07202,-1.0,-1.0,ECO07202,0.0
ECO07219,-1.0,-1.0,ECO07219,0.0
ECO07233,-1.0,-1.0,ECO07233,0.0
ECO07235,1.0,1.0,ECO07235,0.0
ECO07241,-2.0,-1.0,ECO07241,-1.0
ECO07247,-1.0,-1.0,ECO07247,0.0
ECO07250,-2.0,-1.0,ECO07250,-1.0
ECO07252,-2.0,-1.0,ECO07252,-1.0
ECO07254,2.0,1.0,ECO07254,1.0
ECO07263,-2.0,-1.0,ECO07263,-1.0
ECO07279,-2.0,-1.0,ECO07279,-1.0
ECO07280,-1.0,-1.0,ECO07280,0.0
ECO07284,-1.0,-1.0,ECO07284,0.0
ECO07299,-1.0,-1.0,ECO07299,0.0
ECO07310,-1.0,-1.0,ECO07310,0.0
ECO07331,-2.0,-1.0,ECO07331,-1.0
ECO07337,-2.0,-1.0,ECO07337,-1.0
ECO07341,-2.0,-1.0,ECO07341,-1.0
ECO07343,-2.0,-1.0,ECO07343,-1.0
ECO07346,-1.0,-1.0,ECO07346,0.0
ECO07348,-2.0,-1.0,ECO07348,-1.0
ECO07354,-2.0,-1.0,ECO07354,-1.0
ECO07355,-1.0,-1.0,ECO07355,0.0
ECO07365,-2.0,-1.0,ECO07365,-1.0
ECO07373,-2.0,-1.0,ECO07373,-1.0
ECO07381,-2.0,-1.0,ECO07381,-1.0
ECO07409,-2.0,-1.0,ECO07409,-1.0
ECO07416,-2.0,-1.0,ECO07416,-1.0
ECO07421,-1.0,-1.0,ECO07421,0.0
ECO07430,-1.0,-1.0,ECO07430,0.0
ECO07432,-2.0,-1.0,ECO07432,-1.0
ECO07435,-2.0,-1.0,ECO07435,-1.0
ECO07436,-2.0,-1.0,ECO07436,-1.0
ECO07439,2.0,1.0,ECO07439,1.0
ECO07440,-2.0,-1.0,ECO07440,-1.0
ECO07443,-2.0,-1.0,ECO07443,-1.0
ECO07445,1.0,1.0,ECO07445,0.0
ECO07452,-2.0,-1.0,ECO07452,-1.0
ECO07453,-1.0,-1.0,ECO07453,0.0
ECO07457,-2.0,-1.0,ECO07457,-1.0
ECO07458,-2.0,-1.0,ECO07458,-1.0
ECO07459,-1.0,-1.0,ECO07459,0.0
ECO07460,-1.0,-1.0,ECO07460,0.0
ECO07462,-1.0,-1.0,ECO07462,0.0
ECO07466,-1.0,-1.0,ECO07466,0.0
ECO07467,-2.0,-1.0,ECO07467,-1.0
ECO07471,-2.0,-1.0,ECO07471,-1.0
ECO07476,1.0,1.0,ECO07476,0.0
ECO07478,1.0,1.0,ECO07478,0.0
ECO07479,-2.0,-1.0,ECO07479,-1.0
ECO07482,-2.0,-1.0,ECO07482,-1.0
ECO07489,-2.0,-1.0,ECO07489,-1.0
ECO07493,-2.0,-1.0,ECO07493,-1.0
ECO07506,-1.0,-1.0,ECO07506,0.0
ECO07510,-1.0,-1.0,ECO07510,0.0
ECO07512,-2.0,-1.0,ECO07512,-1.0
ECO07515,-2.0,-1.0,ECO07515,-1.0
ECO07517,-1.0,-1.0,ECO07517,0.0
ECO07518,-2.0,-1.0,ECO07518,-1.0
ECO07519,-1.0,-1.0,ECO07519,0.0
ECO07524,-2.0,-1.0,ECO07524,-1.0
ECO07527,-1.0,-1.0,ECO07527,0.0
ECO07531,-1.0,-1.0,ECO07531,0.0
ECO07548,-1.0,-1.0,ECO07548,0.0
ECO07551,-2.0,-1.0,ECO07551,-1.0
ECO07553,-2.0,-1.0,ECO07553,-1.0
ECO07554,-1.0,-1.0,ECO07554,0.0
ECO07576,-2.0,-1.0,ECO07576,-1.0
ECO07577,-2.0,-1.0,ECO07577,-1.0
ECO07578,-1.0,-1.0,ECO07578,0.0
ECO07583,-2.0,-1.0,ECO07583,-1.0
ECO07589,-1.0,-1.0,ECO07589,0.0
ECO07590,-2.0,-1.0,ECO07590,-1.0
ECO07597,-1.0,-1.0,ECO07597,0.0
ECO07600,-2.0,-1.0,ECO07600,-1.0
ECO07609,-1.0,-1.0,ECO07609,0.0
ECO07611,1.0,1.0,ECO07611,0.0
ECO07615,-2.0,-1.0,ECO07615,-1.0
ECO07622,-1.0,-1.0,ECO07622,0.0
ECO07623,-1.0,-1.0,ECO07623,0.0
ECO07624,1.0,1.0,ECO07624,0.0
ECO07628,-1.0,-1.0,ECO07628,0.0
ECO07630,-2.0,-1.0,ECO07630,-1.0
ECO07634,-1.0,-1.0,ECO07634,0.0
ECO07639,-2.0,-1.0,ECO07639,-1.0
ECO07641,-2.0,-1.0,ECO07641,-1.0
ECO07642,-2.0,-1.0,ECO07642,-1.0
ECO07645,-1.0,-1.0,ECO07645,0.0
ECO07647,-1.0,-1.0,ECO07647,0.0
ECO07648,-1.0,-1.0,ECO07648,0.0
ECO07651,2.0,1.0,ECO07651,1.0
ECO07654,2.0,1.0,ECO07654,1.0
ECO07662,-1.0,-1.0,ECO07662,0.0
ECO07664,-2.0,-1.0,ECO07664,-1.0
ECO07670,-2.0,-1.0,ECO07670,-1.0
ECO07685,-1.0,-1.0,ECO07685,0.0
ECO07695,-1.0,-1.0,ECO07695,0.0
ECO07707,-1.0,-1.0,ECO07707,0.0
ECO07710,-1.0,-1.0,ECO07710,0.0
ECO07712,-2.0,-1.0,ECO07712,-1.0
ECO07729,-2.0,-1.0,ECO07729,-1.0
ECO07736,-2.0,-1.0,ECO07736,-1.0
ECO07739,-1.0,-1.0,ECO07739,0.0
ECO07751,-1.0,-1.0,ECO07751,0.0
ECO07755,-2.0,-1.0,ECO07755,-1.0
ECO07763,-2.0,-1.0,ECO07763,-1.0
ECO07765,-1.0,-1.0,ECO07765,0.0
ECO07767,-1.0,-1.0,ECO07767,0.0
ECO07774,-1.0,-1.0,ECO07774,0.0
ECO07775,-1.0,-1.0,ECO07775,0.0
ECO07779,-1.0,-1.0,ECO07779,0.0
ECO07785,-1.0,-1.0,ECO07785,0.0
ECO07793,-2.0,-1.0,ECO07793,-1.0
ECO07794,2.0,1.0,ECO07794,1.0
ECO07796,-2.0,-1.0,ECO07796,-1.0
ECO07797,-2.0,-1.0,ECO07797,-1.0
ECO07802,2.0,1.0,ECO07802,1.0
ECO07805,-1.0,-1.0,ECO07805,0.0
ECO07806,-1.0,-1.0,ECO07806,0.0
ECO07808,1.0,1.0,ECO07808,0.0
ECO07809,-1.0,-1.0,ECO07809,0.0
ECO07815,-1.0,-1.0,ECO07815,0.0
ECO07816,-1.0,-1.0,ECO07816,0.0
ECO07818,-1.0,-1.0,ECO07818,0.0
ECO07830,1.0,1.0,ECO07830,0.0
ECO07840,-2.0,-1.0,ECO07840,-1.0
ECO07842,-1.0,-1.0,ECO07842,0.0
ECO07846,-2.0,-1.0,ECO07846,-1.0
ECO07850,-1.0,-1.0,ECO07850,0.0
ECO07855,-1.0,-1.0,ECO07855,0.0
ECO07859,-1.0,-1.0,ECO07859,0.0
ECO07862,-1.0,-1.0,ECO07862,0.0
ECO07865,-2.0,-1.0,ECO07865,-1.0
ECO07872,-1.0,-1.0,ECO07872,0.0
ECO07878,-2.0,-1.0,ECO07878,-1.0
ECO07887,-2.0,-1.0,ECO07887,-1.0
ECO07907,-1.0,-1.0,ECO07907,0.0
ECO07910,-1.0,-1.0,ECO07910,0.0
ECO07912,-1.0,-1.0,ECO07912,0.0
ECO07919,-2.0,-1.0,ECO07919,-1.0
ECO07926,-1.0,-1.0,ECO07926,0.0
ECO07933,-2.0,-1.0,ECO07933,-1.0
ECO07935,2.0,1.0,ECO07935,1.0
ECO07939,-1.0,-1.0,ECO07939,0.0
ECO07940,2.0,1.0,ECO07940,1.0
ECO07946,-1.0,-1.0,ECO07946,0.0
ECO07955,-1.0,-1.0,ECO07955,0.0
ECO07959,-1.0,-1.0,ECO07959,0.0
ECO07960,-2.0,-1.0,ECO07960,-1.0
ECO07964,-1.0,-1.0,ECO07964,0.0
ECO07965,-2.0,-1.0,ECO07965,-1.0
ECO07967,-1.0,-1.0,ECO07967,0.0
ECO07976,-2.0,-1.0,ECO07976,-1.0
ECO07977,-2.0,-1.0,ECO07977,-1.0
ECO07983,-2.0,-1.0,ECO07983,-1.0
ECO07988,-1.0,-1.0,ECO07988,0.0
ECO07990,-2.0,-1.0,ECO07990,-1.0
ECO07994,-1.0,-1.0,ECO07994,0.0
ECO08004,-2.0,-1.0,ECO08004,-1.0
ECO08011,-2.0,-1.0,ECO08011,-1.0
ECO08013,-1.0,-1.0,ECO08013,0.0
ECO08024,-2.0,-1.0,ECO08024,-1.0
ECO08026,-1.0,-1.0,ECO08026,0.0
ECO08044,-2.0,-1.0,ECO08044,-1.0
ECO08047,-2.0,-1.0,ECO08047,-1.0
ECO08057,-1.0,-1.0,ECO08057,0.0
ECO08064,-2.0,-1.0,ECO08064,-1.0
ECO08071,-1.0,-1.0,ECO08071,0.0
ECO08088,-2.0,-1.0,ECO08088,-1.0
ECO08089,-2.0,-1.0,ECO08089,-1.0
ECO08091,2.0,1.0,ECO08091,1.0
ECO08101,-1.0,-1.0,ECO08101,0.0
ECO08102,-1.0,-1.0,ECO08102,0.0
ECO08107,-2.0,-1.0,ECO08107,-1.0
ECO08121,-1.0,-1.0,ECO08121,0.0
ECO08123,-1.0,-1.0,ECO08123,0.0
ECO08124,-2.0,-1.0,ECO08124,-1.0
ECO08127,-1.0,-1.0,ECO08127,0.0
ECO08132,-1.0,-1.0,ECO08132,0.0
ECO08135,-1.0,-1.0,ECO08135,0.0
ECO08141,-1.0,-1.0,ECO08141,0.0
ECO08147,-1.0,-1.0,ECO08147,0.0
ECO08148,-2.0,-1.0,ECO08148,-1.0
ECO08149,-1.0,-1.0,ECO08149,0.0
ECO08150,-1.0,-1.0,ECO08150,0.0
ECO08158,-1.0,-1.0,ECO08158,0.0
ECO08168,1.0,1.0,ECO08168,0.0
ECO08187,1.0,1.0,ECO08187,0.0
ECO08191,-1.0,-1.0,ECO08191,0.0
ECO08192,-1.0,-1.0,ECO08192,0.0
ECO08212,1.0,1.0,ECO08212,0.0
ECO08220,-1.0,-1.0,ECO08220,0.0
ECO08223,-2.0,-1.0,ECO08223,-1.0
ECO08225,-1.0,-1.0,ECO08225,0.0
ECO08239,-2.0,-1.0,ECO08239,-1.0
ECO08243,-2.0,-1.0,ECO08243,-1.0
ECO08245,-2.0,-1.0,ECO08245,-1.0
ECO08246,-1.0,-1.0,ECO08246,0.0
ECO08256,-2.0,-1.0,ECO08256,-1.0
ECO08260,-2.0,-1.0,ECO08260,-1.0
ECO08261,-2.0,-1.0,ECO08261,-1.0
ECO08264,-2.0,-1.0,ECO08264,-1.0
ECO08266,1.0,1.0,ECO08266,0.0
ECO08271,-2.0,-1.0,ECO08271,-1.0
ECO08272,-1.0,-1.0,ECO08272,0.0
ECO08279,-1.0,-1.0,ECO08279,0.0
ECO08280,-1.0,-1.0,ECO08280,0.0
ECO08284,-2.0,-1.0,ECO08284,-1.0
ECO08299,-2.0,-1.0,ECO08299,-1.0
ECO08303,-1.0,-1.0,ECO08303,0.0
ECO08305,-2.0,-1.0,ECO08305,-1.0
ECO08309,1.0,1.0,ECO08309,0.0
ECO08312,-2.0,-1.0,ECO08312,-1.0
ECO08315,-2.0,-1.0,ECO08315,-1.0
ECO08317,1.0,1.0,ECO08317,0.0
ECO08323,-2.0,-1.0,ECO08323,-1.0
ECO08324,-1.0,-1.0,ECO08324,0.0
ECO08325,-1.0,-1.0,ECO08325,0.0
ECO08326,-1.0,-1.0,ECO08326,0.0
ECO08329,-2.0,-1.0,ECO08329,-1.0
ECO08331,-1.0,-1.0,ECO08331,0.0
ECO08343,-1.0,-1.0,ECO08343,0.0
ECO08345,-2.0,-1.0,ECO08345,-1.0
ECO08348,-1.0,-1.0,ECO08348,0.0
ECO08354,-1.0,-1.0,ECO08354,0.0
ECO08356,-1.0,-1.0,ECO08356,0.0
ECO08357,-1.0,-1.0,ECO08357,0.0
ECO08360,-1.0,-1.0,ECO08360,0.0
ECO08367,-2.0,-1.0,ECO08367,-1.0
ECO08369,-2.0,-1.0,ECO08369,-1.0
ECO08372,-2.0,-1.0,ECO08372,-1.0
ECO08374,-2.0,-1.0,ECO08374,-1.0
ECO08375,-1.0,-1.0,ECO08375,0.0
ECO08376,-2.0,-1.0,ECO08376,-1.0
ECO08378,-1.0,-1.0,ECO08378,0.0
ECO08379,-1.0,-1.0,ECO08379,0.0
ECO08386,-2.0,-1.0,ECO08386,-1.0
ECO08390,-1.0,-1.0,ECO08390,0.0
ECO08414,-1.0,-1.0,ECO08414,0.0
ECO08424,-2.0,-1.0,ECO08424,-1.0
ECO08428,1.0,1.0,ECO08428,0.0
ECO08431,-2.0,-1.0,ECO08431,-1.0
ECO08434,-2.0,-1.0,ECO08434,-1.0
ECO08439,-2.0,-1.0,ECO08439,-1.0
ECO08442,-2.0,-1.0,ECO08442,-1.0
ECO08444,1.0,1.0,ECO08444,0.0
ECO08447,-1.0,-1.0,ECO08447,0.0
ECO08452,-2.0,-1.0,ECO08452,-1.0
ECO08465,-2.0,-1.0,ECO08465,-1.0
ECO08467,-1.0,-1.0,ECO08467,0.0
ECO08469,-1.0,-1.0,ECO08469,0.0
ECO08470,-1.0,-1.0,ECO08470,0.0
ECO08474,-2.0,-1.0,ECO08474,-1.0
ECO08479,-1.0,-1.0,ECO08479,0.0
ECO08480,1.0,1.0,ECO08480,0.0
ECO08491,1.0,1.0,ECO08491,0.0
ECO08493,-1.0,-1.0,ECO08493,0.0
ECO08495,-1.0,-1.0,ECO08495,0.0
ECO08521,-1.0,-1.0,ECO08521,0.0
ECO08530,-1.0,-1.0,ECO08530,0.0
ECO08542,-1.0,-1.0,ECO08542,0.0
ECO08548,-2.0,-1.0,ECO08548,-1.0
ECO08549,-2.0,-1.0,ECO08549,-1.0
ECO08557,-1.0,-1.0,ECO08557,0.0
ECO08562,-2.0,-1.0,ECO08562,-1.0
ECO08568,-1.0,-1.0,ECO08568,0.0
ECO08574,-1.0,-1.0,ECO08574,0.0
ECO08580,1.0,1.0,ECO08580,0.0
ECO08581,1.0,1.0,ECO08581,0.0
ECO08582,-2.0,-1.0,ECO08582,-1.0
ECO08587,-2.0,-1.0,ECO08587,-1.0
ECO08589,-2.0,-1.0,ECO08589,-1.0
ECO08590,-1.0,-1.0,ECO08590,0.0
ECO08592,1.0,1.0,ECO08592,0.0
ECO08596,-1.0,-1.0,ECO08596,0.0
ECO08598,-2.0,-1.0,ECO08598,-1.0
ECO08605,-2.0,-1.0,ECO08605,-1.0
ECO08613,-1.0,-1.0,ECO08613,0.0
ECO08617,0.0,-1.0,ECO08617,1.0
ECO08623,-1.0,-1.0,ECO08623,0.0
ECO08626,-2.0,-1.0,ECO08626,-1.0
ECO08630,2.0,1.0,ECO08630,1.0
ECO08632,1.0,1.0,ECO08632,0.0
ECO08633,1.0,1.0,ECO08633,0.0
ECO08653,-2.0,-1.0,ECO08653,-1.0
ECO08655,-2.0,-1.0,ECO08655,-1.0
ECO08675,2.0,1.0,ECO08675,1.0
ECO08676,-1.0,-1.0,ECO08676,0.0
ECO08683,-1.0,-1.0,ECO08683,0.0
ECO08685,-1.0,-1.0,ECO08685,0.0
ECO08686,-1.0,-1.0,ECO08686,0.0
ECO08688,-2.0,-1.0,ECO08688,-1.0
ECO08690,1.0,1.0,ECO08690,0.0
ECO08698,-1.0,-1.0,ECO08698,0.0
ECO08715,-2.0,-1.0,ECO08715,-1.0
ECO08728,-1.0,-1.0,ECO08728,0.0
ECO08732,2.0,1.0,ECO08732,1.0
ECO08745,-2.0,-1.0,ECO08745,-1.0
ECO08749,2.0,1.0,ECO08749,1.0
ECO08760,-1.0,-1.0,ECO08760,0.0
ECO08761,-2.0,-1.0,ECO08761,-1.0
ECO08776,-2.0,-1.0,ECO08776,-1.0
ECO08788,-1.0,-1.0,ECO08788,0.0
ECO08790,-2.0,-1.0,ECO08790,-1.0
ECO08799,-1.0,-1.0,ECO08799,0.0
ECO08802,-1.0,-1.0,ECO08802,0.0
ECO08805,-1.0,-1.0,ECO08805,0.0
ECO08813,-1.0,-1.0,ECO08813,0.0
ECO08821,-1.0,-1.0,ECO08821,0.0
ECO08824,-2.0,-1.0,ECO08824,-1.0
ECO08832,-1.0,-1.0,ECO08832,0.0
ECO08841,-2.0,-1.0,ECO08841,-1.0
ECO08843,-2.0,-1.0,ECO08843,-1.0
ECO08854,-1.0,-1.0,ECO08854,0.0
ECO08857,-1.0,-1.0,ECO08857,0.0
ECO08863,2.0,1.0,ECO08863,1.0
ECO08866,-1.0,-1.0,ECO08866,0.0
ECO08878,-1.0,-1.0,ECO08878,0.0
ECO08885,-1.0,-1.0,ECO08885,0.0
ECO08887,-1.0,-1.0,ECO08887,0.0
ECO08895,1.0,1.0,ECO08895,0.0
ECO08900,-2.0,-1.0,ECO08900,-1.0
ECO08902,-1.0,-1.0,ECO08902,0.0
ECO08904,-2.0,-1.0,ECO08904,-1.0
ECO08909,-1.0,-1.0,ECO08909,0.0
ECO08912,-1.0,-1.0,ECO08912,0.0
ECO08916,-1.0,-1.0,ECO08916,0.0
ECO08920,-1.0,-1.0,ECO08920,0.0
ECO08922,-2.0,-1.0,ECO08922,-1.0
ECO08928,1.0,1.0,ECO08928,0.0
ECO08933,-1.0,-1.0,ECO08933,0.0
ECO08938,-2.0,-1.0,ECO08938,-1.0
ECO08955,-2.0,-1.0,ECO08955,-1.0
ECO08957,-1.0,-1.0,ECO08957,0.0
ECO08963,-1.0,-1.0,ECO08963,0.0
ECO08968,-2.0,-1.0,ECO08968,-1.0
ECO08969,-2.0,-1.0,ECO08969,-1.0
ECO08971,-2.0,-1.0,ECO08971,-1.0
ECO08979,-2.0,-1.0,ECO08979,-1.0
ECO08989,-1.0,-1.0,ECO08989,0.0
ECO08990,1.0,1.0,ECO08990,0.0
ECO08996,-2.0,-1.0,ECO08996,-1.0
ECO08997,-1.0,-1.0,ECO08997,0.0
ECO09005,-2.0,-1.0,ECO09005,-1.0
ECO09016,-2.0,-1.0,ECO09016,-1.0
ECO09020,1.0,1.0,ECO09020,0.0
ECO09026,-1.0,-1.0,ECO09026,0.0
ECO09027,1.0,1.0,ECO09027,0.0
ECO09032,-1.0,-1.0,ECO09032,0.0
ECO09050,-1.0,-1.0,ECO09050,0.0
ECO09052,-2.0,-1.0,ECO09052,-1.0
ECO09053,-2.0,-1.0,ECO09053,-1.0
ECO09054,-2.0,-1.0,ECO09054,-1.0
ECO09064,-1.0,-1.0,ECO09064,0.0
ECO09068,-1.0,-1.0,ECO09068,0.0
ECO09069,-2.0,-1.0,ECO09069,-1.0
ECO09081,-2.0,-1.0,ECO09081,-1.0
ECO09086,-1.0,-1.0,ECO09086,0.0
ECO09088,-1.0,-1.0,ECO09088,0.0
ECO09092,-1.0,-1.0,ECO09092,0.0
ECO09093,-1.0,-1.0,ECO09093,0.0
ECO09099,-2.0,-1.0,ECO09099,-1.0
ECO09105,-1.0,-1.0,ECO09105,0.0
ECO09121,-1.0,-1.0,ECO09121,0.0
ECO09134,-2.0,-1.0,ECO09134,-1.0
ECO09143,-2.0,-1.0,ECO09143,-1.0
ECO09149,-2.0,-1.0,ECO09149,-1.0
ECO09167,-1.0,-1.0,ECO09167,0.0
ECO09168,-1.0,-1.0,ECO09168,0.0
ECO09175,-1.0,-1.0,ECO09175,0.0
ECO09176,-2.0,-1.0,ECO09176,-1.0
ECO09183,-2.0,-1.0,ECO09183,-1.0
ECO09185,-2.0,-1.0,ECO09185,-1.0
ECO09211,-2.0,-1.0,ECO09211,-1.0
ECO09217,-1.0,-1.0,ECO09217,0.0
ECO09224,-2.0,-1.0,ECO09224,-1.0
ECO09226,-1.0,-1.0,ECO09226,0.0
ECO09228,-2.0,-1.0,ECO09228,-1.0
ECO09234,-2.0,-1.0,ECO09234,-1.0
ECO09236,-2.0,-1.0,ECO09236,-1.0
ECO09237,-2.0,-1.0,ECO09237,-1.0
ECO09240,-1.0,-1.0,ECO09240,0.0
ECO09242,1.0,1.0,ECO09242,0.0
ECO09245,-1.0,-1.0,ECO09245,0.0
ECO09246,-1.0,-1.0,ECO09246,0.0
ECO09254,-2.0,-1.0,ECO09254,-1.0
ECO09269,-2.0,-1.0,ECO09269,-1.0
ECO09275,-2.0,-1.0,ECO09275,-1.0
ECO09277,-1.0,-1.0,ECO09277,0.0
ECO09296,-1.0,-1.0,ECO09296,0.0
ECO09298,-2.0,-1.0,ECO09298,-1.0
ECO09299,-1.0,-1.0,ECO09299,0.0
ECO09302,-2.0,-1.0,ECO09302,-1.0
ECO09304,-2.0,-1.0,ECO09304,-1.0
ECO09305,-1.0,-1.0,ECO09305,0.0
ECO09307,-2.0,-1.0,ECO09307,-1.0
ECO09309,-2.0,-1.0,ECO09309,-1.0
ECO09310,-1.0,-1.0,ECO09310,0.0
ECO09315,-1.0,-1.0,ECO09315,0.0
ECO09330,1.0,1.0,ECO09330,0.0
ECO09331,-1.0,-1.0,ECO09331,0.0
ECO09333,1.0,1.0,ECO09333,0.0
ECO09336,-1.0,-1.0,ECO09336,0.0
ECO09337,-1.0,-1.0,ECO09337,0.0
ECO09354,2.0,1.0,ECO09354,1.0
ECO09358,1.0,1.0,ECO09358,0.0
ECO09360,-1.0,-1.0,ECO09360,0.0
ECO09361,-1.0,-1.0,ECO09361,0.0
ECO09366,-1.0,-1.0,ECO09366,0.0
ECO09368,-1.0,-1.0,ECO09368,0.0
ECO09370,-1.0,-1.0,ECO09370,0.0
ECO09372,-2.0,-1.0,ECO09372,-1.0
ECO09375,-1.0,-1.0,ECO09375,0.0
ECO09378,-1.0,-1.0,ECO09378,0.0
ECO09386,-2.0,-1.0,ECO09386,-1.0
ECO09389,-1.0,-1.0,ECO09389,0.0
ECO09406,-1.0,-1.0,ECO09406,0.0
ECO09426,-2.0,-1.0,ECO09426,-1.0
ECO09427,-2.0,-1.0,ECO09427,-1.0
ECO09428,-2.0,-1.0,ECO09428,-1.0
ECO09438,-1.0,-1.0,ECO09438,0.0
ECO09442,-1.0,-1.0,ECO09442,0.0
ECO09447,-2.0,-1.0,ECO09447,-1.0
ECO09450,-2.0,-1.0,ECO09450,-1.0
ECO09453,-1.0,-1.0,ECO09453,0.0
ECO09455,-1.0,-1.0,ECO09455,0.0
ECO09470,-2.0,-1.0,ECO09470,-1.0
ECO09475,-2.0,-1.0,ECO09475,-1.0
ECO09486,-2.0,-1.0,ECO09486,-1.0
ECO09493,-2.0,-1.0,ECO09493,-1.0
ECO09495,-1.0,-1.0,ECO09495,0.0
ECO09503,-1.0,-1.0,ECO09503,0.0
ECO09507,-1.0,-1.0,ECO09507,0.0
ECO09516,-1.0,-1.0,ECO09516,0.0
ECO09518,1.0,1.0,ECO09518,0.0
ECO09519,-1.0,-1.0,ECO09519,0.0
ECO09524,-1.0,-1.0,ECO09524,0.0
ECO09532,-1.0,-1.0,ECO09532,0.0
ECO09539,-1.0,-1.0,ECO09539,0.0
ECO09547,-1.0,-1.0,ECO09547,0.0
ECO09548,1.0,1.0,ECO09548,0.0
ECO09554,-1.0,-1.0,ECO09554,0.0
ECO09558,-1.0,-1.0,ECO09558,0.0
ECO09561,-2.0,-1.0,ECO09561,-1.0
ECO09575,-1.0,-1.0,ECO09575,0.0
ECO09577,-2.0,-1.0,ECO09577,-1.0
ECO09580,-2.0,-1.0,ECO09580,-1.0
ECO09581,1.0,1.0,ECO09581,0.0
ECO09585,1.0,1.0,ECO09585,0.0
ECO09591,-2.0,-1.0,ECO09591,-1.0
ECO09599,-2.0,-1.0,ECO09599,-1.0
ECO09603,1.0,1.0,ECO09603,0.0
ECO09605,-1.0,-1.0,ECO09605,0.0
ECO09606,1.0,1.0,ECO09606,0.0
ECO09617,-1.0,-1.0,ECO09617,0.0
ECO09618,0.0,-1.0,ECO09618,1.0
ECO09619,-1.0,-1.0,ECO09619,0.0
ECO09628,-2.0,-1.0,ECO09628,-1.0
ECO09637,-2.0,-1.0,ECO09637,-1.0
ECO09641,-1.0,-1.0,ECO09641,0.0
ECO09643,-2.0,-1.0,ECO09643,-1.0
ECO09646,-2.0,-1.0,ECO09646,-1.0
ECO09657,-1.0,-1.0,ECO09657,0.0
ECO09664,-1.0,-1.0,ECO09664,0.0
ECO09672,-1.0,-1.0,ECO09672,0.0
ECO09678,-2.0,-1.0,ECO09678,-1.0
ECO09685,-2.0,-1.0,ECO09685,-1.0
ECO09687,-2.0,-1.0,ECO09687,-1.0
ECO09688,-1.0,-1.0,ECO09688,0.0
ECO09689,-2.0,-1.0,ECO09689,-1.0
ECO09697,-1.0,-1.0,ECO09697,0.0
ECO09706,-2.0,-1.0,ECO09706,-1.0
ECO09725,-2.0,-1.0,ECO09725,-1.0
ECO09726,2.0,1.0,ECO09726,1.0
ECO09733,0.0,1.0,ECO09733,-1.0
ECO09738,-2.0,-1.0,ECO09738,-1.0
ECO09739,-2.0,-1.0,ECO09739,-1.0
ECO09746,0.0,-1.0,ECO09746,1.0
ECO09748,-2.0,-1.0,ECO09748,-1.0
ECO09761,-1.0,-1.0,ECO09761,0.0
ECO09764,-1.0,-1.0,ECO09764,0.0
ECO09776,-1.0,-1.0,ECO09776,0.0
ECO09778,-1.0,-1.0,ECO09778,0.0
ECO09782,-1.0,-1.0,ECO09782,0.0
ECO09784,-2.0,-1.0,ECO09784,-1.0
ECO09790,-1.0,-1.0,ECO09790,0.0
ECO09792,2.0,1.0,ECO09792,1.0
ECO09800,-1.0,-1.0,ECO09800,0.0
ECO09803,-2.0,-1.0,ECO09803,-1.0
ECO09810,-2.0,-1.0,ECO09810,-1.0
ECO09817,-2.0,-1.0,ECO09817,-1.0
ECO09819,-2.0,-1.0,ECO09819,-1.0
ECO09824,2.0,1.0,ECO09824,1.0
ECO09836,-2.0,-1.0,ECO09836,-1.0
ECO09839,-1.0,-1.0,ECO09839,0.0
ECO09843,-1.0,-1.0,ECO09843,0.0
ECO09851,-1.0,-1.0,ECO09851,0.0
ECO09854,-1.0,-1.0,ECO09854,0.0
ECO09857,-2.0,-1.0,ECO09857,-1.0
ECO09858,-1.0,-1.0,ECO09858,0.0
ECO09870,-2.0,-1.0,ECO09870,-1.0
ECO09876,-2.0,-1.0,ECO09876,-1.0
ECO09882,-1.0,-1.0,ECO09882,0.0
ECO09890,-2.0,-1.0,ECO09890,-1.0
ECO09897,-1.0,-1.0,ECO09897,0.0
ECO09898,-2.0,-1.0,ECO09898,-1.0
ECO09907,-1.0,-1.0,ECO09907,0.0
ECO09909,-1.0,-1.0,ECO09909,0.0
ECO09916,-2.0,-1.0,ECO09916,-1.0
ECO09920,-2.0,-1.0,ECO09920,-1.0
ECO09922,-1.0,-1.0,ECO09922,0.0
ECO09923,-2.0,-1.0,ECO09923,-1.0
ECO09927,-2.0,-1.0,ECO09927,-1.0
ECO09929,-2.0,-1.0,ECO09929,-1.0
ECO09931,-2.0,-1.0,ECO09931,-1.0
ECO09937,-1.0,-1.0,ECO09937,0.0
ECO09940,-1.0,-1.0,ECO09940,0.0
ECO09943,-1.0,-1.0,ECO09943,0.0
ECO09944,-2.0,-1.0,ECO09944,-1.0
ECO09949,-1.0,-1.0,ECO09949,0.0
ECO09950,-2.0,-1.0,ECO09950,-1.0
ECO09952,-1.0,-1.0,ECO09952,0.0
ECO09956,2.0,1.0,ECO09956,1.0
ECO09959,-2.0,-1.0,ECO09959,-1.0
ECO09960,-2.0,-1.0,ECO09960,-1.0
ECO09961,2.0,1.0,ECO09961,1.0
ECO09962,-2.0,-1.0,ECO09962,-1.0
ECO09963,-2.0,-1.0,ECO09963,-1.0
ECO09976,-2.0,-1.0,ECO09976,-1.0
ECO09977,-2.0,-1.0,ECO09977,-1.0
ECO09978,-2.0,-1.0,ECO09978,-1.0
ECO09981,2.0,1.0,ECO09981,1.0
ECO09990,-2.0,-1.0,ECO09990,-1.0
ECO09993,-2.0,-1.0,ECO09993,-1.0
ECO09997,-2.0,-1.0,ECO09997,-1.0
ECO10001,-1.0,-1.0,ECO10001,0.0
ECO10002,-1.0,-1.0,ECO10002,0.0
ECO10007,-1.0,-1.0,ECO10007,0.0
ECO10009,-1.0,-1.0,ECO10009,0.0
ECO10010,-1.0,-1.0,ECO10010,0.0
ECO10013,-2.0,-1.0,ECO10013,-1.0
ECO10015,-2.0,-1.0,ECO10015,-1.0
ECO10017,-2.0,-1.0,ECO10017,-1.0
ECO10021,-1.0,-1.0,ECO10021,0.0
ECO10022,-1.0,-1.0,ECO10022,0.0
ECO10025,-2.0,-1.0,ECO10025,-1.0
ECO10026,-1.0,-1.0,ECO10026,0.0
ECO10035,1.0,1.0,ECO10035,0.0
ECO10041,-1.0,-1.0,ECO10041,0.0
ECO10049,-1.0,-1.0,ECO10049,0.0
ECO10058,-2.0,-1.0,ECO10058,-1.0
ECO10069,-1.0,-1.0,ECO10069,0.0
ECO10071,-2.0,-1.0,ECO10071,-1.0
ECO10080,2.0,1.0,ECO10080,1.0
ECO10083,1.0,1.0,ECO10083,0.0
ECO10088,-2.0,-1.0,ECO10088,-1.0
ECO10090,1.0,1.0,ECO10090,0.0
ECO10091,-2.0,-1.0,ECO10091,-1.0
ECO10093,-2.0,-1.0,ECO10093,-1.0
ECO10114,-2.0,-1.0,ECO10114,-1.0
ECO10115,-2.0,-1.0,ECO10115,-1.0
ECO10117,-2.0,-1.0,ECO10117,-1.0
ECO10119,2.0,1.0,ECO10119,1.0
ECO10120,-1.0,-1.0,ECO10120,0.0
ECO10127,-2.0,-1.0,ECO10127,-1.0
ECO10135,-1.0,-1.0,ECO10135,0.0
ECO10136,2.0,1.0,ECO10136,1.0
ECO10138,-2.0,-1.0,ECO10138,-1.0
ECO10141,-2.0,-1.0,ECO10141,-1.0
ECO10142,-1.0,-1.0,ECO10142,0.0
ECO10155,-2.0,-1.0,ECO10155,-1.0
ECO10157,-2.0,-1.0,ECO10157,-1.0
ECO10171,-1.0,-1.0,ECO10171,0.0
ECO10177,-2.0,-1.0,ECO10177,-1.0
ECO10180,-2.0,-1.0,ECO10180,-1.0
ECO10188,-1.0,-1.0,ECO10188,0.0
ECO10190,-1.0,-1.0,ECO10190,0.0
ECO10198,-2.0,-1.0,ECO10198,-1.0
ECO10202,-2.0,-1.0,ECO10202,-1.0
ECO10205,-1.0,-1.0,ECO10205,0.0
ECO10219,-2.0,-1.0,ECO10219,-1.0
ECO10228,-1.0,-1.0,ECO10228,0.0
ECO10231,-1.0,-1.0,ECO10231,0.0
ECO10232,-2.0,-1.0,ECO10232,-1.0
ECO10246,-2.0,-1.0,ECO10246,-1.0
ECO10249,-2.0,-1.0,ECO10249,-1.0
ECO10258,-1.0,-1.0,ECO10258,0.0
ECO10262,-2.0,-1.0,ECO10262,-1.0
ECO10267,-2.0,-1.0,ECO10267,-1.0
ECO10294,-2.0,-1.0,ECO10294,-1.0
ECO10300,-2.0,-1.0,ECO10300,-1.0
ECO10302,-1.0,-1.0,ECO10302,0.0
ECO10303,-1.0,-1.0,ECO10303,0.0
ECO10304,-2.0,-1.0,ECO10304,-1.0
ECO10306,-1.0,-1.0,ECO10306,0.0
ECO10307,-2.0,-1.0,ECO10307,-1.0
ECO10316,-1.0,-1.0,ECO10316,0.0
ECO10318,-2.0,-1.0,ECO10318,-1.0
ECO10320,-2.0,-1.0,ECO10320,-1.0
ECO10324,-1.0,-1.0,ECO10324,0.0
ECO10326,-2.0,-1.0,ECO10326,-1.0
ECO10327,-2.0,-1.0,ECO10327,-1.0
ECO10334,-2.0,-1.0,ECO10334,-1.0
ECO10360,-1.0,-1.0,ECO10360,0.0
ECO10366,-1.0,-1.0,ECO10366,0.0
ECO10378,-2.0,-1.0,ECO10378,-1.0
ECO10379,-1.0,-1.0,ECO10379,0.0
ECO10392,-1.0,-1.0,ECO10392,0.0
ECO10394,-1.0,-1.0,ECO10394,0.0
ECO10395,-1.0,-1.0,ECO10395,0.0
ECO10396,1.0,1.0,ECO10396,0.0
ECO10398,1.0,1.0,ECO10398,0.0
ECO10400,-2.0,-1.0,ECO10400,-1.0
ECO10401,-1.0,-1.0,ECO10401,0.0
ECO10406,-1.0,-1.0,ECO10406,0.0
ECO10413,-2.0,-1.0,ECO10413,-1.0
ECO10422,-1.0,-1.0,ECO10422,0.0
ECO10428,-2.0,-1.0,ECO10428,-1.0
ECO10431,-2.0,-1.0,ECO10431,-1.0
ECO10435,-2.0,-1.0,ECO10435,-1.0
ECO10451,-1.0,-1.0,ECO10451,0.0
ECO10452,-1.0,-1.0,ECO10452,0.0
ECO10458,-1.0,-1.0,ECO10458,0.0
ECO10466,-1.0,-1.0,ECO10466,0.0
ECO10467,-2.0,-1.0,ECO10467,-1.0
ECO10476,-2.0,-1.0,ECO10476,-1.0
ECO10480,-1.0,-1.0,ECO10480,0.0
ECO10486,-2.0,-1.0,ECO10486,-1.0
ECO10489,2.0,1.0,ECO10489,1.0
ECO10493,-1.0,-1.0,ECO10493,0.0
ECO10500,-1.0,-1.0,ECO10500,0.0
ECO10501,-1.0,-1.0,ECO10501,0.0
ECO10506,-2.0,-1.0,ECO10506,-1.0
ECO10527,-2.0,-1.0,ECO10527,-1.0
ECO10529,-2.0,-1.0,ECO10529,-1.0
ECO10530,-2.0,-1.0,ECO10530,-1.0
ECO10536,-1.0,-1.0,ECO10536,0.0
ECO10537,-2.0,-1.0,ECO10537,-1.0
ECO10538,1.0,1.0,ECO10538,0.0
ECO10541,1.0,1.0,ECO10541,0.0
ECO10542,-2.0,-1.0,ECO10542,-1.0
ECO10545,-1.0,-1.0,ECO10545,0.0
ECO10547,-2.0,-1.0,ECO10547,-1.0
ECO10550,-1.0,-1.0,ECO10550,0.0
ECO10554,2.0,1.0,ECO10554,1.0
ECO10557,-1.0,-1.0,ECO10557,0.0
ECO10559,-1.0,-1.0,ECO10559,0.0
ECO10563,-2.0,-1.0,ECO10563,-1.0
ECO10564,-2.0,-1.0,ECO10564,-1.0
ECO10565,-1.0,-1.0,ECO10565,0.0
ECO10566,-2.0,-1.0,ECO10566,-1.0
ECO10569,-2.0,-1.0,ECO10569,-1.0
ECO10576,-1.0,-1.0,ECO10576,0.0
ECO10585,-1.0,-1.0,ECO10585,0.0
ECO10586,-1.0,-1.0,ECO10586,0.0
ECO10605,-2.0,-1.0,ECO10605,-1.0
ECO10606,-2.0,-1.0,ECO10606,-1.0
ECO10609,-1.0,-1.0,ECO10609,0.0
ECO10610,-1.0,-1.0,ECO10610,0.0
ECO10613,-2.0,-1.0,ECO10613,-1.0
ECO10614,-1.0,-1.0,ECO10614,0.0
ECO10626,2.0,1.0,ECO10626,1.0
ECO10629,-1.0,-1.0,ECO10629,0.0
ECO10641,-2.0,-1.0,ECO10641,-1.0
ECO10642,-2.0,-1.0,ECO10642,-1.0
ECO10653,-2.0,-1.0,ECO10653,-1.0
ECO10668,-2.0,-1.0,ECO10668,-1.0
ECO10673,-2.0,-1.0,ECO10673,-1.0
ECO10674,-2.0,-1.0,ECO10674,-1.0
ECO10675,-1.0,-1.0,ECO10675,0.0
ECO10683,-1.0,-1.0,ECO10683,0.0
ECO10684,-2.0,-1.0,ECO10684,-1.0
ECO10690,-2.0,-1.0,ECO10690,-1.0
ECO10692,-1.0,-1.0,ECO10692,0.0
ECO10694,-2.0,-1.0,ECO10694,-1.0
ECO10696,-2.0,-1.0,ECO10696,-1.0
ECO10719,-2.0,-1.0,ECO10719,-1.0
ECO10730,-2.0,-1.0,ECO10730,-1.0
ECO10731,-1.0,-1.0,ECO10731,0.0
ECO10734,-1.0,-1.0,ECO10734,0.0
ECO10745,1.0,1.0,ECO10745,0.0
ECO10752,-1.0,-1.0,ECO10752,0.0
ECO10756,-2.0,-1.0,ECO10756,-1.0
ECO10758,-1.0,-1.0,ECO10758,0.0
ECO10761,-2.0,-1.0,ECO10761,-1.0
ECO10767,-2.0,-1.0,ECO10767,-1.0
ECO10778,-2.0,-1.0,ECO10778,-1.0
ECO10779,-1.0,-1.0,ECO10779,0.0
ECO10786,-2.0,-1.0,ECO10786,-1.0
ECO10787,2.0,1.0,ECO10787,1.0
ECO10810,-2.0,-1.0,ECO10810,-1.0
ECO10842,-2.0,-1.0,ECO10842,-1.0
ECO10847,-1.0,-1.0,ECO10847,0.0
ECO10848,2.0,1.0,ECO10848,1.0
ECO10857,-2.0,-1.0,ECO10857,-1.0
ECO10862,0.0,-1.0,ECO10862,1.0
ECO10871,-1.0,-1.0,ECO10871,0.0
ECO10874,1.0,1.0,ECO10874,0.0
ECO10881,-1.0,-1.0,ECO10881,0.0
ECO10885,-2.0,-1.0,ECO10885,-1.0
ECO10950,-1.0,-1.0,ECO10950,0.0
ECO10951,-2.0,-1.0,ECO10951,-1.0
ECO10957,-1.0,-1.0,ECO10957,0.0
ECO10970,-2.0,-1.0,ECO10970,-1.0
ECO10975,-2.0,-1.0,ECO10975,-1.0
ECO10976,-1.0,-1.0,ECO10976,0.0
ECO10980,-2.0,-1.0,ECO10980,-1.0
ECO11018,-1.0,-1.0,ECO11018,0.0
ECO11025,-2.0,-1.0,ECO11025,-1.0
ECO11031,-2.0,-1.0,ECO11031,-1.0
ECO11049,-1.0,-1.0,ECO11049,0.0
ECO11052,-2.0,-1.0,ECO11052,-1.0
ECO11064,1.0,1.0,ECO11064,0.0
ECO11067,-1.0,-1.0,ECO11067,0.0
ECO11104,-2.0,-1.0,ECO11104,-1.0
ECO11105,-1.0,-1.0,ECO11105,0.0
ECO11119,-1.0,-1.0,ECO11119,0.0
ECO11133,-2.0,-1.0,ECO11133,-1.0
ECO11141,-1.0,-1.0,ECO11141,0.0
ECO11158,-2.0,-1.0,ECO11158,-1.0
ECO11169,-2.0,-1.0,ECO11169,-1.0
ECO11174,1.0,1.0,ECO11174,0.0
ECO11189,-2.0,-1.0,ECO11189,-1.0
ECO11195,-1.0,-1.0,ECO11195,0.0
ECO11196,-1.0,-1.0,ECO11196,0.0
ECO11202,-2.0,-1.0,ECO11202,-1.0
ECO11230,-1.0,-1.0,ECO11230,0.0
ECO11233,-2.0,-1.0,ECO11233,-1.0
ECO11247,-2.0,-1.0,ECO11247,-1.0
ECO11249,-1.0,-1.0,ECO11249,0.0
ECO11250,-1.0,-1.0,ECO11250,0.0
ECO11260,-1.0,-1.0,ECO11260,0.0
ECO11287,-2.0,-1.0,ECO11287,-1.0
ECO11288,-2.0,-1.0,ECO11288,-1.0
ECO11300,-2.0,-1.0,ECO11300,-1.0
ECO11309,-2.0,-1.0,ECO11309,-1.0
ECO11315,-2.0,-1.0,ECO11315,-1.0
ECO11316,1.0,1.0,ECO11316,0.0
ECO11319,-2.0,-1.0,ECO11319,-1.0
ECO11320,-2.0,-1.0,ECO11320,-1.0
ECO11321,1.0,1.0,ECO11321,0.0
ECO11323,-2.0,-1.0,ECO11323,-1.0
ECO11326,-2.0,-1.0,ECO11326,-1.0
ECO11327,-1.0,-1.0,ECO11327,0.0
ECO11343,-2.0,-1.0,ECO11343,-1.0
ECO11375,-2.0,-1.0,ECO11375,-1.0
ECO11387,-1.0,-1.0,ECO11387,0.0
ECO11445,-2.0,-1.0,ECO11445,-1.0
ECO11447,-2.0,-1.0,ECO11447,-1.0
ECO11449,-1.0,-1.0,ECO11449,0.0
ECO11450,1.0,1.0,ECO11450,0.0
ECO11455,-1.0,-1.0,ECO11455,0.0
ECO11457,-2.0,-1.0,ECO11457,-1.0
ECO11468,-1.0,-1.0,ECO11468,0.0
ECO11471,-2.0,-1.0,ECO11471,-1.0
ECO11474,-2.0,-1.0,ECO11474,-1.0
ECO11475,-2.0,-1.0,ECO11475,-1.0
ECO11479,-2.0,-1.0,ECO11479,-1.0
ECO11489,-1.0,-1.0,ECO11489,0.0
ECO11491,-2.0,-1.0,ECO11491,-1.0
ECO11493,-2.0,-1.0,ECO11493,-1.0
ECO11495,-2.0,-1.0,ECO11495,-1.0
ECO11497,-2.0,-1.0,ECO11497,-1.0
ECO11500,-2.0,-1.0,ECO11500,-1.0
ECO11504,2.0,1.0,ECO11504,1.0
ECO11507,-1.0,-1.0,ECO11507,0.0
ECO11510,-2.0,-1.0,ECO11510,-1.0
ECO11513,-2.0,-1.0,ECO11513,-1.0
ECO11517,1.0,1.0,ECO11517,0.0
ECO11529,2.0,1.0,ECO11529,1.0
ECO11533,-2.0,-1.0,ECO11533,-1.0
ECO11552,-2.0,-1.0,ECO11552,-1.0
ECO11557,-2.0,-1.0,ECO11557,-1.0
ECO11561,-2.0,-1.0,ECO11561,-1.0
ECO11563,-1.0,-1.0,ECO11563,0.0
ECO11565,-2.0,-1.0,ECO11565,-1.0
ECO11591,-1.0,-1.0,ECO11591,0.0
ECO11599,-2.0,-1.0,ECO11599,-1.0
ECO11606,2.0,1.0,ECO11606,1.0
ECO11611,-2.0,-1.0,ECO11611,-1.0
ECO11612,-2.0,-1.0,ECO11612,-1.0
ECO11617,-1.0,-1.0,ECO11617,0.0
ECO11626,-2.0,-1.0,ECO11626,-1.0
ECO11634,-2.0,-1.0,ECO11634,-1.0
ECO11639,-1.0,-1.0,ECO11639,0.0
ECO11643,-1.0,-1.0,ECO11643,0.0
ECO11648,-1.0,-1.0,ECO11648,0.0
ECO11652,-1.0,-1.0,ECO11652,0.0
ECO11654,-1.0,-1.0,ECO11654,0.0
ECO11660,2.0,1.0,ECO11660,1.0
ECO11661,-1.0,-1.0,ECO11661,0.0
ECO11662,-1.0,-1.0,ECO11662,0.0
ECO11663,-1.0,-1.0,ECO11663,0.0
ECO11665,-2.0,-1.0,ECO11665,-1.0
ECO11668,-2.0,-1.0,ECO11668,-1.0
ECO11674,1.0,1.0,ECO11674,0.0
ECO11677,1.0,1.0,ECO11677,0.0
ECO11680,-2.0,-1.0,ECO11680,-1.0
ECO11685,-1.0,-1.0,ECO11685,0.0
ECO11690,1.0,1.0,ECO11690,0.0
ECO11702,-2.0,-1.0,ECO11702,-1.0
ECO11705,-2.0,-1.0,ECO11705,-1.0
ECO11709,-1.0,-1.0,ECO11709,0.0
ECO11712,-1.0,-1.0,ECO11712,0.0
ECO11714,1.0,1.0,ECO11714,0.0
ECO11722,-1.0,-1.0,ECO11722,0.0
ECO11728,-2.0,-1.0,ECO11728,-1.0
ECO11738,-2.0,-1.0,ECO11738,-1.0
ECO11739,-1.0,-1.0,ECO11739,0.0
ECO11741,-1.0,-1.0,ECO11741,0.0
ECO11744,-1.0,-1.0,ECO11744,0.0
ECO11748,-2.0,-1.0,ECO11748,-1.0
ECO11749,1.0,1.0,ECO11749,0.0
ECO11751,-1.0,-1.0,ECO11751,0.0
ECO11753,-2.0,-1.0,ECO11753,-1.0
ECO11756,-2.0,-1.0,ECO11756,-1.0
ECO11762,-1.0,-1.0,ECO11762,0.0
ECO11767,-1.0,-1.0,ECO11767,0.0
ECO11768,-1.0,-1.0,ECO11768,0.0
ECO11770,-2.0,-1.0,ECO11770,-1.0
ECO11771,-2.0,-1.0,ECO11771,-1.0
ECO11772,-2.0,-1.0,ECO11772,-1.0
ECO11774,-1.0,-1.0,ECO11774,0.0
ECO11776,-1.0,-1.0,ECO11776,0.0
ECO11777,-2.0,-1.0,ECO11777,-1.0
ECO11782,-2.0,-1.0,ECO11782,-1.0
ECO11783,-1.0,-1.0,ECO11783,0.0
ECO11786,-2.0,-1.0,ECO11786,-1.0
ECO11787,1.0,1.0,ECO11787,0.0
ECO11792,-1.0,-1.0,ECO11792,0.0
ECO11797,-1.0,-1.0,ECO11797,0.0
ECO11798,-2.0,-1.0,ECO11798,-1.0
ECO11803,-1.0,-1.0,ECO11803,0.0
ECO11807,-2.0,-1.0,ECO11807,-1.0
ECO11808,-2.0,-1.0,ECO11808,-1.0
ECO11812,-1.0,-1.0,ECO11812,0.0
ECO11816,1.0,1.0,ECO11816,0.0
ECO11818,2.0,1.0,ECO11818,1.0
ECO11827,-1.0,-1.0,ECO11827,0.0
ECO11848,-2.0,-1.0,ECO11848,-1.0
ECO11855,-1.0,-1.0,ECO11855,0.0
ECO11857,-1.0,-1.0,ECO11857,0.0
ECO11865,1.0,1.0,ECO11865,0.0
ECO11879,-1.0,-1.0,ECO11879,0.0
ECO11883,-1.0,-1.0,ECO11883,0.0
ECO11885,-1.0,-1.0,ECO11885,0.0
ECO11893,-2.0,-1.0,ECO11893,-1.0
ECO11897,-2.0,-1.0,ECO11897,-1.0
ECO11902,1.0,1.0,ECO11902,0.0
ECO11907,2.0,1.0,ECO11907,1.0
ECO11924,-1.0,-1.0,ECO11924,0.0
ECO11928,-1.0,-1.0,ECO11928,0.0
ECO11929,-1.0,-1.0,ECO11929,0.0
ECO11942,-2.0,-1.0,ECO11942,-1.0
ECO11950,1.0,1.0,ECO11950,0.0
ECO11965,-2.0,-1.0,ECO11965,-1.0
ECO11968,-2.0,-1.0,ECO11968,-1.0
ECO11986,-1.0,-1.0,ECO11986,0.0
ECO11990,-2.0,-1.0,ECO11990,-1.0
ECO11995,-2.0,-1.0,ECO11995,-1.0
ECO11996,-2.0,-1.0,ECO11996,-1.0
ECO11998,2.0,1.0,ECO11998,1.0
ECO11999,-2.0,-1.0,ECO11999,-1.0
ECO12002,1.0,1.0,ECO12002,0.0
ECO12006,-2.0,-1.0,ECO12006,-1.0
ECO12007,-2.0,-1.0,ECO12007,-1.0
ECO12010,-1.0,-1.0,ECO12010,0.0
ECO12012,-2.0,-1.0,ECO12012,-1.0
ECO12014,1.0,1.0,ECO12014,0.0
ECO12015,-2.0,-1.0,ECO12015,-1.0
ECO12016,-2.0,-1.0,ECO12016,-1.0
ECO12025,-1.0,-1.0,ECO12025,0.0
ECO12029,-1.0,-1.0,ECO12029,0.0
ECO12032,-1.0,-1.0,ECO12032,0.0
ECO12039,-1.0,-1.0,ECO12039,0.0
ECO12046,-2.0,-1.0,ECO12046,-1.0
ECO12055,-2.0,-1.0,ECO12055,-1.0
ECO12063,-1.0,-1.0,ECO12063,0.0
ECO12064,-2.0,-1.0,ECO12064,-1.0
ECO12068,-2.0,-1.0,ECO12068,-1.0
ECO12081,2.0,1.0,ECO12081,1.0
ECO12089,-2.0,-1.0,ECO12089,-1.0
ECO12093,-2.0,-1.0,ECO12093,-1.0
ECO12097,-1.0,-1.0,ECO12097,0.0
ECO12103,2.0,1.0,ECO12103,1.0
ECO12111,-2.0,-1.0,ECO12111,-1.0
ECO12121,-1.0,-1.0,ECO12121,0.0
ECO12131,-2.0,-1.0,ECO12131,-1.0
ECO12136,-2.0,-1.0,ECO12136,-1.0
ECO12145,2.0,1.0,ECO12145,1.0
ECO12157,-1.0,-1.0,ECO12157,0.0
ECO12161,-1.0,-1.0,ECO12161,0.0
ECO12162,-2.0,-1.0,ECO12162,-1.0
ECO12169,-1.0,-1.0,ECO12169,0.0
ECO12185,-2.0,-1.0,ECO12185,-1.0
ECO12188,-2.0,-1.0,ECO12188,-1.0
ECO12191,-2.0,-1.0,ECO12191,-1.0
ECO12193,-2.0,-1.0,ECO12193,-1.0
ECO12194,2.0,1.0,ECO12194,1.0
ECO12201,-2.0,-1.0,ECO12201,-1.0
ECO12203,-1.0,-1.0,ECO12203,0.0
ECO12205,1.0,1.0,ECO12205,0.0
ECO12206,-1.0,-1.0,ECO12206,0.0
ECO12212,-2.0,-1.0,ECO12212,-1.0
ECO12214,-2.0,-1.0,ECO12214,-1.0
ECO12218,-1.0,-1.0,ECO12218,0.0
ECO12223,-2.0,-1.0,ECO12223,-1.0
ECO12260,-1.0,-1.0,ECO12260,0.0
ECO12273,-2.0,-1.0,ECO12273,-1.0
ECO12274,-1.0,-1.0,ECO12274,0.0
ECO12285,-2.0,-1.0,ECO12285,-1.0
ECO12286,-1.0,-1.0,ECO12286,0.0
ECO12287,-2.0,-1.0,ECO12287,-1.0
ECO12291,-2.0,-1.0,ECO12291,-1.0
ECO12292,-1.0,-1.0,ECO12292,0.0
ECO12300,-2.0,-1.0,ECO12300,-1.0
ECO12303,-1.0,-1.0,ECO12303,0.0
ECO12308,1.0,1.0,ECO12308,0.0
ECO12317,-1.0,-1.0,ECO12317,0.0
ECO12320,-1.0,-1.0,ECO12320,0.0
ECO12333,-1.0,-1.0,ECO12333,0.0
ECO12334,-2.0,-1.0,ECO12334,-1.0
ECO12335,-1.0,-1.0,ECO12335,0.0
ECO12338,-2.0,-1.0,ECO12338,-1.0
ECO12340,-2.0,-1.0,ECO12340,-1.0
ECO12347,-2.0,-1.0,ECO12347,-1.0
ECO12353,-1.0,-1.0,ECO12353,0.0
ECO12354,-2.0,-1.0,ECO12354,-1.0
ECO12355,-1.0,-1.0,ECO12355,0.0
ECO12360,-1.0,-1.0,ECO12360,0.0
ECO12363,1.0,1.0,ECO12363,0.0
ECO12367,2.0,1.0,ECO12367,1.0
ECO12368,-1.0,-1.0,ECO12368,0.0
ECO12370,-1.0,-1.0,ECO12370,0.0
ECO12372,-1.0,-1.0,ECO12372,0.0
ECO12373,-2.0,-1.0,ECO12373,-1.0
ECO12379,-1.0,-1.0,ECO12379,0.0
ECO12382,-2.0,-1.0,ECO12382,-1.0
ECO12387,-1.0,-1.0,ECO12387,0.0
ECO12392,1.0,1.0,ECO12392,0.0
ECO12402,2.0,1.0,ECO12402,1.0
ECO12403,-2.0,-1.0,ECO12403,-1.0
ECO12422,-1.0,-1.0,ECO12422,0.0
ECO12431,-2.0,-1.0,ECO12431,-1.0
ECO12437,-1.0,-1.0,ECO12437,0.0
ECO12440,-1.0,-1.0,ECO12440,0.0
ECO12443,-2.0,-1.0,ECO12443,-1.0
ECO12444,-2.0,-1.0,ECO12444,-1.0
ECO12446,-1.0,-1.0,ECO12446,0.0
ECO12447,-1.0,-1.0,ECO12447,0.0
ECO12453,-2.0,-1.0,ECO12453,-1.0
ECO12455,-2.0,-1.0,ECO12455,-1.0
ECO12460,-2.0,-1.0,ECO12460,-1.0
ECO12467,-1.0,-1.0,ECO12467,0.0
ECO12468,-1.0,-1.0,ECO12468,0.0
ECO12473,-2.0,-1.0,ECO12473,-1.0
ECO12475,-2.0,-1.0,ECO12475,-1.0
ECO12476,-1.0,-1.0,ECO12476,0.0
ECO12480,-1.0,-1.0,ECO12480,0.0
ECO12486,-2.0,-1.0,ECO12486,-1.0
ECO12487,-2.0,-1.0,ECO12487,-1.0
ECO12489,-1.0,-1.0,ECO12489,0.0
ECO12492,-2.0,-1.0,ECO12492,-1.0
ECO12497,-2.0,-1.0,ECO12497,-1.0
ECO12503,-2.0,-1.0,ECO12503,-1.0
ECO12504,-1.0,-1.0,ECO12504,0.0
ECO12505,2.0,1.0,ECO12505,1.0
ECO12507,0.0,-1.0,ECO12507,1.0
ECO12508,-1.0,-1.0,ECO12508,0.0
ECO12510,-2.0,-1.0,ECO12510,-1.0
ECO12513,-2.0,-1.0,ECO12513,-1.0
ECO12516,-2.0,-1.0,ECO12516,-1.0
ECO12518,-1.0,-1.0,ECO12518,0.0
ECO12520,-1.0,-1.0,ECO12520,0.0
ECO12523,-2.0,-1.0,ECO12523,-1.0
ECO12524,0.0,-1.0,ECO12524,1.0
ECO12525,-1.0,-1.0,ECO12525,0.0
ECO12528,-1.0,-1.0,ECO12528,0.0
ECO12533,-2.0,-1.0,ECO12533,-1.0
ECO12535,-1.0,-1.0,ECO12535,0.0
ECO12537,2.0,1.0,ECO12537,1.0
ECO12540,-2.0,-1.0,ECO12540,-1.0
ECO12542,-2.0,-1.0,ECO12542,-1.0
ECO12545,-1.0,-1.0,ECO12545,0.0
ECO12548,-1.0,-1.0,ECO12548,0.0
ECO12557,-2.0,-1.0,ECO12557,-1.0
ECO12558,-2.0,-1.0,ECO12558,-1.0
ECO12561,-2.0,-1.0,ECO12561,-1.0
ECO12567,-2.0,-1.0,ECO12567,-1.0
ECO12568,-2.0,-1.0,ECO12568,-1.0
ECO12575,-1.0,-1.0,ECO12575,0.0
ECO12577,-2.0,-1.0,ECO12577,-1.0
ECO12578,-1.0,-1.0,ECO12578,0.0
ECO12580,1.0,1.0,ECO12580,0.0
ECO12582,-1.0,-1.0,ECO12582,0.0
ECO12583,-2.0,-1.0,ECO12583,-1.0
ECO12584,-1.0,-1.0,ECO12584,0.0
ECO12589,-1.0,-1.0,ECO12589,0.0
ECO12596,-1.0,-1.0,ECO12596,0.0
ECO12599,-1.0,-1.0,ECO12599,0.0
ECO12602,-1.0,-1.0,ECO12602,0.0
ECO12606,0.0,-1.0,ECO12606,1.0
ECO12609,-1.0,-1.0,ECO12609,0.0
ECO12611,1.0,1.0,ECO12611,0.0
ECO12612,-2.0,-1.0,ECO12612,-1.0
ECO12613,-1.0,-1.0,ECO12613,0.0
ECO12615,-2.0,-1.0,ECO12615,-1.0
ECO12619,-1.0,-1.0,ECO12619,0.0
ECO12623,-1.0,-1.0,ECO12623,0.0
ECO12626,-2.0,-1.0,ECO12626,-1.0
ECO12629,-1.0,-1.0,ECO12629,0.0
ECO12632,-2.0,-1.0,ECO12632,-1.0
ECO12633,-2.0,-1.0,ECO12633,-1.0
ECO12637,-1.0,-1.0,ECO12637,0.0
ECO12646,-1.0,-1.0,ECO12646,0.0
ECO12651,-1.0,-1.0,ECO12651,0.0
ECO12653,-2.0,-1.0,ECO12653,-1.0
ECO12654,-1.0,-1.0,ECO12654,0.0
ECO12656,-1.0,-1.0,ECO12656,0.0
ECO12663,-1.0,-1.0,ECO12663,0.0
ECO12665,-1.0,-1.0,ECO12665,0.0
ECO12675,-2.0,-1.0,ECO12675,-1.0
ECO12679,-2.0,-1.0,ECO12679,-1.0
ECO12729,-1.0,-1.0,ECO12729,0.0
ECO13577,1.0,1.0,ECO13577,0.0
ECO13748,1.0,1.0,ECO13748,0.0
ECO02484,1.0,0.0,ECO02484,1.0
ECO02902,1.0,0.0,ECO02902,1.0
ECO02953,1.0,0.0,ECO02953,1.0
ECO03102,1.0,0.0,ECO03102,1.0
ECO03263,1.0,0.0,ECO03263,1.0
ECO03682,0.0,0.0,ECO03682,0.0
ECO03730,1.0,0.0,ECO03730,1.0
ECO03950,1.0,0.0,ECO03950,1.0
ECO03956,1.0,0.0,ECO03956,1.0
ECO04773,1.0,0.0,ECO04773,1.0
ECO04964,-1.0,0.0,ECO04964,-1.0
ECO05015,1.0,0.0,ECO05015,1.0
ECO05548,-1.0,0.0,ECO05548,-1.0
ECO05773,1.0,0.0,ECO05773,1.0
ECO06565,-1.0,0.0,ECO06565,-1.0
ECO06865,1.0,0.0,ECO06865,1.0
ECO07210,1.0,0.0,ECO07210,1.0
ECO07603,1.0,0.0,ECO07603,1.0
ECO07913,1.0,0.0,ECO07913,1.0
ECO08986,1.0,0.0,ECO08986,1.0
ECO09184,1.0,0.0,ECO09184,1.0
ECO09934,1.0,0.0,ECO09934,1.0
