name,mass,nuv,fuv,inextfuv
"rs0001",8.51000,-16.5781,-16.3875,-1.11994
"rs0002",9.73000,-16.9387,-16.7204,-1.13917
"rs0003",8.89000,-18.7919,-18.8963,-1.61269
"rs0004",8.55000,-14.2909,-13.9879,-0.404533
"rs1313",8.21000,-16.8470,-16.9709,-0.963825
"rs0005",9.91000,-16.6463,-16.1791,-1.82260
"rs1314",8.97000,-18.1341,-18.1380,-2.04278
"rs0006",8.09000,-15.4133,-15.2104,-0.590134
"rs0007",8.87000,-16.8450,-16.6901,-1.22934
"rs0009",8.23000,-15.9453,-15.7868,-0.896158
"rs0010",8.87000,-17.7815,-17.7380,-1.64305
"rs0011",8.83000,-16.9714,-16.8358,-1.35780
"rs0012",9.31000,-17.9341,-17.6584,-0.794144
"rs0013",9.05000,-17.6632,-17.5518,-1.39758
"rs0014",9.95000,-15.9439,-14.3285,-1.31090
"rs0015",8.49000,-16.6536,-16.4818,-0.888508
"rs0016",8.97000,-16.1897,-16.2599,-0.320393
"rs0017",9.87000,-17.5003,-17.3902,-0.914047
"rs0018",10.3500,-16.6527,-14.1271,-1.02088
"rs0019",9.15000,-17.1714,-17.1168,-0.844368
"rs0020",6.57000,-9.01315,-8.27998,-1.61640
"rs0021",9.03000,-16.1262,-16.0071,-1.96146
"rs0022",10.0300,-17.3119,-17.1353,-1.07344
"rs0023",8.45000,-15.9319,-15.7946,-1.80548
"rs0024",8.23000,-15.4551,-15.2084,-1.12078
"rs0025",9.15000,-15.2917,-15.0962,-0.656469
"rs0026",8.67000,-12.3057,-10.3994,-0.798727
"rs0027",9.25000,-14.9526,-14.5650,-1.49722
"rs0028",8.43000,-12.7489,-11.6398,-1.29924
"rs0029",10.4100,-16.9022,-15.7263,-1.78934
"rs0030",9.07000,-18.1013,-18.1809,-1.36800
"rs0031",9.85000,-15.9980,-13.6165,-1.57043
"rs0032",10.8700,-17.6204,-15.4902,-0.924894
"rs0033",9.79000,-14.6882,-13.1558,-1.05533
"rs0034",8.45000,-16.0221,-16.1051,-0.712687
"rs0035",8.35000,-17.0712,-17.1786,-0.941261
"rs0037",8.09000,-15.5027,-15.3499,-0.974201
"rs0038",9.03000,-15.5184,-15.2615,-1.06471
"rs0039",8.63000,-15.2812,-14.9934,-0.923439
"rs0040",8.83000,-14.9409,-14.6439,-1.24682
"rs0041",8.79000,-15.8067,-15.7401,-0.593269
"rs0042",9.01000,-17.0142,-16.8710,-0.443371
"rs0043",8.21000,-16.0158,-15.8992,-0.298107
"rs0044",9.77000,-15.9777,-15.0158,-1.95205
"rs0045",8.75000,-16.4413,-16.3674,-1.74778
"rs0046",8.21000,-14.1080,-14.2327,-0.00539780
"rs1315",9.37000,-18.4190,-18.4508,-2.71269
"rs0047",8.25000,-15.6907,-15.5726,-0.639132
"rs0048",9.49000,-18.5343,-18.5781,-1.31649
"rs0049",10.3700,-16.0241,-13.9759,-1.09168
"rs1316",8.87000,-15.3942,-15.1160,-1.01221
"rs0050",9.65000,-17.4737,-17.3387,-0.602779
"rs0051",9.17000,-16.3038,-16.1104,-1.76005
"rs0052",9.41000,-17.6949,-17.6464,-1.01856
"rs0053",10.8300,-18.4964,-18.4844,-0.269234
"rs0054",8.53000,-16.1219,-15.9351,-0.180553
"rs0055",10.0100,-18.9040,-18.8005,-1.03817
"rs0056",7.87000,-13.5726,-12.4323,-2.20685
"rs0057",8.25000,-15.6702,-15.5300,-0.895437
"rs0058",8.15000,-15.4826,-15.3629,-0.783192
"rs1317",8.91000,-16.5796,-16.4169,-1.40697
"rs0059",8.59000,-16.4940,-16.5442,-0.928665
"rs0060",8.33000,-15.9662,-15.8235,-0.785938
"rs1318",10.2900,-20.6767,-20.6172,-2.87126
"rs1319",10.6700,-16.7153,-14.3066,-0.518072
"rs0062",8.67000,-16.4508,-16.3053,-1.42825
"rs0063",10.0700,-16.7275,-16.4609,-1.86278
"rs0064",10.0900,-19.4701,-19.4687,-1.52003
"rs0065",8.69000,-16.7296,-16.6230,-0.756310
"rs0066",7.97000,-15.5855,-15.4969,-0.243696
"rs0067",8.33000,-15.7096,-15.4521,-0.965673
"rs0068",8.81000,-16.1993,-16.0624,-1.34592
"rs0069",8.33000,-15.7002,-15.5811,-0.843174
"rs0070",8.55000,-16.5059,-16.4143,-0.954498
"rs0071",9.59000,-14.0996,-13.2711,-1.08953
"rs1320",10.3500,-16.0931,-14.7360,-1.36740
"rs0072",4.51000,NaN,NaN,NaN
"rs0073",9.11000,-13.8454,-12.9249,-0.832804
"rs0074",9.31000,-14.1575,-13.0892,-1.28271
"rs0075",4.51000,NaN,NaN,NaN
"rs0077",10.0300,-18.6134,-18.6555,-0.415829
"rs0078",8.97000,-15.9158,-15.7054,-1.27379
"rs0080",10.6500,-17.5911,-15.0733,-1.14224
"rs0081",8.53000,-16.6280,-16.4948,-0.977232
"rs0082",8.77000,-16.5324,-16.3719,-0.532558
"rs0083",7.11000,-12.6456,-12.5742,-1.26545
"rs0084",9.09000,-16.4812,-16.3375,-1.55887
"rs0085",9.07000,-17.1387,-17.0184,-0.343937
"rs0086",9.17000,-16.0149,-16.1156,-0.211304
"rs0088",8.73000,-18.0560,-18.1261,-1.42925
"rs0087",7.73000,-15.9235,-16.0293,0.00000
"rs0089",10.1700,-17.8540,-17.8489,-0.475956
"rs0090",8.37000,-16.3031,-16.1096,-0.209583
"rs0091",9.95000,-16.2938,-13.2329,-1.13825
"rs0092",9.19000,-17.5633,-17.4072,-1.44835
"rs0093",9.45000,-17.7648,-17.7370,-0.797604
"rs0094",9.15000,-18.3143,-18.2940,-1.50937
"rs0095",5.69000,-10.0190,-9.91261,-0.308455
"rs0096",9.57000,-19.4975,-19.5050,-2.00289
"rs0097",6.55000,-12.9443,-13.0242,-0.000772476
"rs0098",9.41000,-16.0893,-15.8791,-1.82921
"rs0099",8.67000,-16.7414,-16.7467,-1.01791
"rs0100",4.51000,NaN,NaN,NaN
"rs0101",4.51000,NaN,NaN,NaN
"rs0102",9.13000,-13.1212,-11.9304,-0.913002
"rs0103",9.93000,-18.5250,-18.5268,-2.09244
"rs0104",9.35000,-16.4406,-15.9360,-0.350063
"rs0105",8.89000,-17.3805,-17.2475,-1.13320
"rs0106",8.63000,-15.4634,-15.1281,-0.581684
"rs0107",10.6500,-15.9764,-15.9385,-1.08565
"rs0108",9.13000,-17.3678,-17.0979,-0.822414
"rs0109",10.5900,-16.6199,-16.4380,-0.997787
"rs0110",8.87000,-12.8952,-11.1802,-0.906588
"rs0111",8.23000,-16.4725,-16.4589,-1.22290
"rs1321",8.67000,-16.3039,-16.1224,-1.30173
"rs0112",10.7300,-17.6712,-17.1283,-1.55327
"rs1322",8.73000,-16.4166,-16.1368,-0.926355
"rs0113",10.3900,-17.5941,-17.4119,-1.81490
"rs0114",9.47000,-17.3084,-17.3983,-0.0774994
"rs0115",8.53000,-16.2011,-15.9507,-1.50808
"rs0117",10.1900,-16.5823,-15.4905,-1.41612
"rs0118",9.05000,-16.8213,-16.7574,-0.350201
"rs0119",8.97000,-16.3083,-16.2443,-1.10922
"rs0120",9.67000,-17.7908,-17.6629,-0.922588
"rs0121",4.51000,NaN,NaN,NaN
"rs0122",8.85000,-16.8370,-16.7627,-0.398640
"rs0123",8.75000,-16.7153,-16.5820,-0.640022
"rs0124",8.67000,-17.1064,-17.1981,-0.729626
"rs0125",10.5100,-15.8918,-13.5973,-0.914572
"rs0126",8.95000,-13.8264,-12.9490,-1.42837
"rs0127",9.19000,-16.7903,-16.3260,-0.407616
"rs0128",9.51000,-17.9398,-17.9276,-1.82963
"rs0129",9.89000,-19.2741,-19.3145,-1.85708
"rs0130",8.65000,-16.7529,-16.6457,-0.751503
"rs0131",10.7100,-16.5237,-14.8129,-1.03857
"rs0132",8.25000,-15.3423,-15.0563,-0.789083
"rs0133",10.5300,-18.9266,-18.9774,-1.20651
"rs0134",10.9300,-18.3251,-18.2969,-0.449047
"rs0135",9.37000,-18.2035,-18.2294,-0.389301
"rs0136",9.65000,-14.2360,-14.2573,-0.0345364
"rs0137",9.27000,-15.2217,-14.5767,-1.32004
"rs0138",8.63000,-16.0433,-15.8754,-1.07770
"rs0139",8.01000,-15.5429,-15.3766,-0.000190735
"rs0140",8.33000,-17.2974,-17.4200,-0.111095
"rs0141",8.91000,-17.9131,-17.9744,-1.90421
"rs0142",9.97000,-19.5818,-19.5373,-3.05559
"rs0143",9.89000,-18.4360,-18.3942,-1.68827
"rs0145",9.25000,-17.7727,-17.4032,-0.518833
"rs0146",9.05000,-17.8815,-17.6645,-0.0614014
"rs0147",9.45000,-18.1949,-18.1438,-1.03265
"rs0148",10.4100,-19.1044,-19.1493,-1.04344
"rs0149",8.83000,-15.7624,-15.4470,-0.513443
"rs1323",8.51000,-17.3067,-17.3825,-2.24578
"rs1324",10.2900,-18.1978,-16.3993,-2.57867
"rs0150",8.99000,-16.9994,-16.9915,-1.19962
"rs0151",8.95000,-16.8993,-16.7896,-0.814339
"rs0152",8.87000,-16.9438,-16.9060,-0.925903
"rs0153",9.59000,-17.2698,-17.2352,-0.877895
"rs0154",8.43000,-15.5957,-15.3539,-1.05780
"rs1325",9.07000,-17.3517,-17.2824,-0.933308
"rs0155",10.2300,-16.8574,-14.4874,-1.43307
"rs0156",9.21000,-18.6762,-18.7437,-1.82959
"rs0157",8.61000,-15.5688,-15.5041,-0.767252
"rs0158",8.57000,-15.9845,-15.7871,-0.800928
"rs0159",10.3900,-18.5171,-18.0328,-2.55251
"rs0160",4.51000,NaN,NaN,NaN
"rs0161",4.51000,NaN,NaN,NaN
"rs0162",4.51000,NaN,NaN,NaN
"rs0163",4.51000,NaN,NaN,NaN
"rs0164",4.51000,NaN,NaN,NaN
"rs0165",8.73000,-17.3625,-17.3519,-1.94240
"rs0166",10.2900,-16.1154,-14.7770,-0.186747
"rs0167",8.43000,-16.2612,-16.1267,-1.69560
"rs0168",8.77000,-17.1156,-17.0265,-0.349545
"rs1326",10.1900,-18.8016,-18.6707,-0.503166
"rs0169",9.93000,-14.9354,-12.2355,-0.366810
"rs0170",8.57000,-17.1366,-17.2320,-1.36926
"rs0171",8.79000,-16.2951,-16.1658,-1.13956
"rs0172",9.27000,-17.5439,-17.4461,-0.911880
"rs0173",8.33000,-16.4883,-16.4318,-1.37658
"rs0174",8.79000,-17.1121,-17.1918,-1.38649
"rs0175",10.0500,-16.9904,-16.7470,-1.04187
"rs0176",8.65000,-15.9405,-15.6971,-1.28124
"rs0177",8.23000,-16.0377,-15.9111,-0.657751
"rs0178",8.61000,-16.3993,-16.1462,-1.06443
"rs0179",8.97000,-15.7670,-15.5989,-0.277233
"rs0180",9.27000,-16.9531,-16.8774,-0.730560
"rs0181",10.4700,-20.1069,-20.0915,-2.95015
"rs0182",8.99000,-16.7706,-16.6957,-1.10310
"rs0183",9.97000,-18.5974,-18.4465,-2.24773
"rs0184",8.57000,-15.7926,-15.8340,-0.799492
"rs0185",9.73000,-17.2351,-17.1855,-1.16044
"rs0186",8.65000,-15.3135,-15.0801,-0.703657
"rs0187",9.67000,-15.2013,-14.5694,-1.25496
"rs0188",9.41000,-17.5567,-17.5591,-0.386024
"rs0189",9.85000,-15.9479,-15.7097,-1.50720
"rs0190",10.3100,-17.4250,-17.1882,-1.14638
"rs0191",10.6300,-17.9667,-17.3292,-1.84740
"rs0192",8.97000,-16.8114,-16.6905,-0.591305
"rs0193",9.25000,-17.5140,-17.4411,-0.822239
"rs0194",9.83000,-16.8883,-16.5285,-1.96719
"rs0195",10.1900,-18.2416,-18.0981,-1.09603
"rs0196",10.7100,-17.8074,-16.4990,-1.68089
"rs0197",4.51000,NaN,NaN,NaN
"rs0198",4.51000,NaN,NaN,NaN
"rs0200",8.99000,-15.4781,-15.0411,-1.05550
"rs0199",8.69000,-12.2748,-10.3941,-0.830294
"rs0201",10.1500,-18.0288,-17.7347,-2.36690
"rs0202",10.3300,-17.6762,-17.2472,-1.66026
"rs0203",9.39000,-16.3043,-15.8789,-1.36824
"rs0204",8.73000,-13.5909,-12.2662,-1.68113
"rs0205",10.8900,-17.8106,-16.4050,-1.53576
"rs0206",9.87000,-18.3496,-18.2701,-2.35357
"rs0207",7.79000,-15.7866,-15.9020,-0.882206
"rs0208",10.8100,-18.0957,-17.7478,-0.863285
"rs0209",9.63000,-18.3189,-18.2711,-1.76638
"rs0210",7.11000,-8.22666,-7.07384,-0.955120
"rs0211",9.71000,-17.4454,-17.0380,-2.62603
"rs0212",8.73000,-17.2814,-17.3435,-1.30225
"rs0213",8.63000,-16.3106,-16.3349,-0.342022
"rs0214",9.17000,-16.7039,-16.5607,-1.11374
"rs0215",8.33000,-16.2049,-16.0881,-0.559978
"rs0216",8.61000,-16.0526,-16.0053,-0.985653
"rs0217",8.21000,-15.4960,-15.3581,-0.847225
"rs0218",8.99000,-18.4063,-18.4755,-1.62092
"rs0219",7.95000,-16.4911,-16.5969,0.00000
"rs0220",8.49000,-17.5460,-17.6565,-1.46656
"rs0221",9.27000,-18.1980,-18.2459,-1.50857
"rs0222",10.0700,-18.2001,-18.1831,-0.379242
"rs0223",4.51000,NaN,NaN,NaN
"rs0224",8.43000,-16.3109,-16.2396,-1.39685
"rs0225",9.29000,-17.8552,-17.8749,-1.48351
"rs0226",8.89000,-17.6748,-17.7244,-1.65340
"rs0227",9.95000,-17.8061,-17.8162,-0.179031
"rs0228",8.53000,-16.3713,-16.1245,-0.556799
"rs0230",8.23000,-14.5542,-14.1348,-0.766333
"rs0231",9.13000,-17.4295,-17.1863,-1.18439
"rs1329",8.45000,-15.8404,-15.4795,-0.360685
"rs0232",8.65000,-16.9063,-16.7939,-0.899899
"rs0233",8.11000,-15.5976,-15.6592,-1.35141
"rs0234",8.93000,-16.2179,-15.9832,-1.42455
"rs0235",7.93000,-15.2004,-15.0594,-0.658489
"rs0236",8.67000,-16.6560,-16.4016,-1.38020
"rs0237",9.65000,-15.7989,-15.4984,-2.19826
"rs0238",4.51000,NaN,NaN,NaN
"rs0239",10.1300,-16.4544,-15.2778,-1.60759
"rs0240",10.1900,-18.9069,-18.9676,-1.09632
"rs0241",8.71000,-16.7788,-16.5591,-1.44964
"rs0242",9.21000,-17.2088,-17.0319,-1.84663
"rs0243",9.85000,-20.0357,-20.1200,-1.60390
"rs0244",10.9500,-19.1839,-19.1146,-0.810715
"rs0246",8.53000,-16.5491,-16.3600,-0.427258
"rs0247",8.29000,-16.0487,-15.8622,-0.182961
"rs0248",8.15000,-15.1456,-14.9085,-0.793249
"rs0249",8.43000,-16.6079,-16.6199,-1.73326
"rs0250",10.5300,-17.8520,-17.4118,-1.56173
"rs0251",8.61000,-15.4747,-15.2236,-0.838127
"rs0252",6.49000,-12.6472,-12.6742,-0.0184135
"rs0253",10.4300,-16.5997,-14.4925,-1.30493
"rs0254",10.3300,-18.4908,-18.3972,-1.25180
"rs0255",8.89000,-17.8921,-17.9487,-1.49612
"rs0256",9.27000,-18.5851,-18.5189,-0.413139
"rs0257",8.79000,-16.5649,-16.4358,-0.898079
"rs0258",8.47000,-15.6183,-15.7073,-0.146320
"rs0259",10.0500,-18.6233,-18.3556,-1.00010
"rs0260",10.1300,-18.7035,-18.7594,-1.12603
"rs0261",10.3300,-18.7966,-18.7708,-2.56511
"rs0262",8.61000,-17.9652,-18.0642,-2.19432
"rs0263",10.2100,-18.0920,-18.0127,-0.892944
"rs0264",8.47000,-16.0188,-15.6911,-0.266529
"rs0265",7.87000,-15.4461,-15.3660,-0.00291824
"rs0266",10.2900,-16.6423,-15.9243,-1.69367
"rs0267",10.2100,-19.4952,-19.1719,-3.06534
"rs0268",10.6900,-17.0366,-15.3850,-1.25953
"rs0269",8.95000,-17.2624,-17.1643,-0.885571
"rs0270",9.99000,-18.3367,-18.4402,-0.631348
"rs0271",9.17000,-17.1908,-17.0169,-1.04251
"rs0272",7.83000,-15.7168,-15.7677,-1.52853
"rs0273",8.83000,-18.0192,-18.0691,-2.15231
"rs0274",9.61000,-18.0048,-18.0187,-1.05215
"rs0275",9.21000,-17.4036,-17.1868,-0.659119
"rs0276",8.81000,-18.1384,-18.2080,-2.18991
"rs0277",8.55000,-15.9291,-15.7565,-1.22435
"rs0278",9.61000,-18.2112,-18.0183,-1.73680
"rs0279",10.1900,-15.5768,-13.7510,-1.07316
"rs1330",8.27000,-15.8283,-15.6885,-1.00552
"rs0280",9.71000,-18.5408,-18.5313,-1.96227
"rs0281",8.13000,-15.5565,-15.5362,-1.55789
"rs0282",9.81000,-18.3668,-18.4045,-1.63026
"rs0283",9.35000,-17.7501,-17.6123,-1.03886
"rs0284",8.63000,-16.6846,-16.7617,-1.32261
"rs0285",8.27000,-15.5478,-15.4421,-1.42619
"rs0286",8.41000,-14.9089,-14.5714,-0.874527
"rs0288",10.5700,-19.0251,-18.8965,-1.82306
"rs0289",9.09000,-16.7287,-16.5852,-0.876175
"rs0290",8.61000,-17.0255,-17.0968,-0.814316
"rs0291",8.07000,-15.4806,-15.3165,-0.804913
"rs0292",8.31000,-16.1299,-16.0354,-1.29167
"rs0293",7.77000,-15.0879,-14.9921,-0.0811119
"rs0295",8.09000,-14.8616,-14.5334,-0.504354
"rs0296",4.51000,NaN,NaN,NaN
"rs0297",8.37000,-15.6755,-15.4359,-1.03511
"rs0298",8.01000,-14.8261,-14.5555,-0.426243
"rs0299",10.7300,-18.5519,-18.3062,-1.13581
"rs0300",8.55000,-16.4329,-16.2503,-1.07094
"rs0301",6.85000,-11.1358,-10.3137,-0.816109
"rs0302",8.05000,-16.4633,-16.5827,-0.708504
"rs0303",7.57000,-7.70270,-7.22570,-0.631680
"rs0304",7.67000,-14.7425,-14.6545,-0.385763
"rs0305",5.77000,-10.6100,-10.5905,-0.186609
"rs0306",9.81000,-17.6206,-17.5573,-2.59445
"rs0307",7.85000,-15.3638,-15.3832,-0.989946
"rs0308",9.53000,-18.5593,-18.4558,-0.633995
"rs0309",8.13000,-14.2303,-13.9011,-0.996822
"rs0310",10.7300,-16.4737,-14.9965,-0.821136
"rs1331",8.43000,-15.5428,-15.2539,-0.898636
"rs0311",8.07000,-15.8025,-15.6540,-0.0483170
"rs0312",7.81000,-14.6203,-14.4589,-0.864716
"rs0313",9.91000,-17.5585,-17.4492,-0.396164
"rs0314",9.11000,-17.2646,-17.2992,-0.0784988
"rs0315",9.95000,-17.7602,-17.5298,-1.36763
"rs0316",10.0900,-19.0549,-19.0456,-2.75186
"rs0317",8.19000,-16.4422,-16.4800,-1.20685
"rs0318",7.91000,-16.3571,-16.4640,-0.659294
"rs0320",9.73000,-17.8798,-17.8298,-1.97778
"rs0321",6.89000,-13.8337,-13.9403,-1.90735e-06
"rs0322",8.49000,-15.8973,-15.7859,-1.03856
"rs0323",7.51000,-12.2957,-12.3049,-0.338678
"rs0324",9.55000,-16.9812,-16.5687,-0.915485
"rs0325",8.43000,-15.9737,-15.8572,-0.831167
"rs0326",7.57000,-13.8974,-13.6303,-0.458557
"rs0327",7.03000,-13.0154,-13.0364,-0.0238075
"rs0328",8.91000,-16.9818,-16.8362,-1.44982
"rs0329",10.0100,-16.3180,-16.0896,-0.932211
"rs0330",8.91000,-16.2377,-16.3353,-0.470741
"rs0331",9.87000,-17.0983,-16.8370,-1.38981
"rs0332",8.47000,-16.1571,-16.2733,-0.233150
"rs0333",7.77000,-13.8007,-13.4479,-1.27651
"rs0334",9.45000,-18.5175,-18.5867,-1.48492
"rs0335",10.2300,-19.2415,-19.1614,-2.41216
"rs0336",8.93000,-17.8012,-17.8176,-1.26868
"rs0337",9.77000,-18.4079,-18.3772,-0.933586
"rs0338",8.23000,-15.3345,-15.0611,-0.632376
"rs0339",9.09000,-17.4966,-17.4234,-2.20558
"rs0340",8.83000,-17.2527,-17.2478,-1.97947
"rs0341",8.79000,-17.4441,-17.4482,-1.20552
"rs0342",8.07000,-15.4359,-15.3455,-0.688366
"rs0343",6.09000,-11.5756,-11.6300,-0.145002
"rs0344",8.83000,-16.0816,-15.5750,-0.298615
"rs0345",8.15000,-15.7297,-15.5995,-0.939997
"rs0346",8.13000,-15.4457,-15.3001,-0.453962
"rs0347",9.67000,-19.5014,-19.3197,-1.17138
"rs0348",8.11000,-15.3149,-15.0235,-0.0287647
"rs0349",8.41000,-16.6781,-16.5559,-0.172428
"rs0350",8.85000,-17.4277,-17.2084,-0.755352
"rs0351",10.6100,-17.6124,-15.0644,-1.19744
"rs0352",8.49000,-13.4120,-11.1158,-0.791037
"rs0353",8.73000,-15.4773,-15.2989,-0.848276
"rs0354",4.51000,NaN,NaN,NaN
"rs0356",10.6900,-17.9451,-17.7764,-0.785961
"rs0357",8.13000,-15.2580,-15.0748,-0.866772
"rs0358",9.55000,-18.4714,-18.3764,-1.36668
"rs0360",6.53000,-12.9355,-13.0419,-0.000152588
"rs0361",8.87000,-12.8656,-10.4983,-0.653164
"rs0362",10.5100,-15.9091,-15.0463,-0.846987
"rs0363",8.83000,-17.3091,-17.1842,-0.670483
"rs0364",8.51000,-15.7994,-15.4024,-0.472651
"rs0365",7.03000,-10.1384,-9.30429,-1.51443
"rs0366",9.91000,-14.7456,-12.8788,-0.380892
"rs0367",8.49000,-16.0699,-15.9743,-1.07482
"rs0368",8.19000,-15.7515,-15.5765,-0.841440
"rs0369",7.85000,-15.9082,-15.9708,-1.65096
"rs0370",7.81000,-14.4312,-14.1284,-0.231739
"rs0371",9.57000,-19.0180,-18.9121,-2.32332
"rs0372",8.33000,-16.3368,-16.2079,-0.663271
"rs0373",9.13000,-19.2578,-19.3671,-1.86889
"rs0374",8.65000,-16.0763,-15.9506,-1.00544
"rs0375",6.67000,-11.2251,-10.7241,-0.292173
"rs0376",9.03000,-17.6966,-17.6876,-1.23803
"rs0377",6.53000,-12.7149,-12.7439,-0.104555
"rs0378",9.57000,-17.8183,-17.8513,-1.52899
"rs0379",8.81000,-15.9797,-15.9652,-0.982330
"rs0380",8.75000,-16.9143,-16.6901,-0.707233
"rs0381",8.65000,-16.9178,-16.7913,-0.911530
"rs0382",8.19000,-17.0687,-17.1745,0.00000
"rs0383",10.6900,-17.1457,-14.6812,-0.952188
"rs0384",8.91000,-17.5168,-17.5400,-1.01339
"rs0385",8.99000,-15.4848,-15.1590,-1.63477
"rs0386",8.97000,-16.5528,-16.2137,-0.660704
"rs0387",8.49000,-16.0141,-15.7666,-1.05283
"rs0388",8.19000,-15.8649,-15.7077,-0.650438
"rs0389",8.65000,-16.3967,-16.2217,-1.71648
"rs0390",10.8700,-19.1311,-18.3584,-2.04737
"rs0391",9.27000,-18.2168,-18.0621,-1.02914
"rs0392",8.85000,-17.3887,-17.2033,-0.883152
"rs0393",9.03000,-17.2243,-17.0623,-1.10508
"rs0394",8.19000,-15.8722,-15.6833,-0.0106049
"rs0395",8.35000,-16.2507,-16.3353,-1.04480
"rs0396",10.7100,-17.6844,-17.4154,-1.08013
"rs0397",4.51000,NaN,NaN,NaN
"rs0398",9.63000,-17.0290,-16.7896,-0.687164
"rs0399",10.1500,-15.5989,-13.4868,-1.16895
"rs0401",9.71000,-18.2647,-18.2672,-0.948612
"rs0402",10.7500,-17.1262,-15.3215,-0.990873
"rs0403",8.61000,-15.3446,-14.4805,-2.21966
"rs0404",8.13000,-15.8402,-15.7220,-0.261173
"rs0405",10.9100,-18.1978,-18.1035,-0.972115
"rs0406",9.81000,-16.5998,-16.3555,-1.34994
"rs0407",9.67000,-15.0465,-13.2913,-1.29720
"rs0408",8.55000,-16.3327,-16.1650,-0.840328
"rs0409",9.53000,-18.2449,-18.1453,-1.37527
"rs0410",6.59000,-11.0219,-10.5977,-0.911268
"rs0411",8.57000,-16.2286,-16.0221,-0.749601
"rs0412",7.77000,-14.1428,-13.8664,-0.729359
"rs0413",7.59000,-14.3373,-14.1843,-0.499039
"rs0414",7.95000,-15.4040,-15.2482,-0.299021
"rs1332",6.87000,-10.9720,-10.3563,-1.26653
"rs0415",7.91000,-15.6016,-15.5405,-0.0157394
"rs0416",8.29000,-17.1784,-17.2820,-1.60072
"rs0417",8.45000,-16.2849,-16.2153,-0.500576
"rs0418",8.71000,-16.8335,-16.7735,-0.217213
"rs0419",9.07000,-17.6668,-17.6436,-2.05695
"rs0420",10.3500,-17.9938,-17.8084,-1.18457
"rs0421",8.53000,-17.0047,-17.0361,-1.09422
"rs0422",8.27000,-16.4016,-16.3466,-0.681652
"rs0423",8.77000,-16.3514,-16.2328,-0.731373
"rs0424",8.45000,-17.2034,-17.2722,-1.78301
"rs0425",9.73000,-18.3538,-18.3548,-1.58207
"rs0426",8.89000,-13.6339,-13.6527,-1.04133
"rs0427",8.65000,-16.3962,-16.2431,-0.942057
"rs0428",8.79000,-16.5113,-16.3412,-1.41874
"rs0429",8.77000,-16.4237,-16.2113,-1.41825
"rs0430",8.37000,-16.3769,-16.2518,-0.370373
"rs0431",7.89000,-14.8287,-14.6351,-0.800819
"rs0432",7.33000,-10.8382,-9.51392,-1.32354
"rs0433",9.07000,-17.0630,-16.8379,-1.24381
"rs0434",8.37000,-15.2947,-14.8957,-0.743305
"rs0435",8.93000,-16.2951,-16.1807,-1.15277
"rs0436",10.4100,-17.7210,-17.8101,-0.546944
"rs0437",8.45000,-15.7010,-15.3162,-0.153561
"rs0438",8.37000,-14.2986,-13.4486,-0.901098
"rs0439",9.73000,-17.2380,-17.2296,-0.124153
"rs0440",10.2900,-17.7027,-17.4653,-1.08036
"rs0441",8.21000,-16.1650,-16.1456,-1.26036
"rs0442",8.37000,-16.3219,-16.2031,-0.687994
"rs0443",7.71000,-15.8152,-15.9257,-0.334721
"rs0444",9.15000,-17.9628,-17.8056,-1.07738
"rs0445",8.81000,-13.5386,-10.9968,-0.725597
"rs0446",10.1100,-16.7478,-15.2178,-0.186632
"rs1333",10.7300,-17.4355,-15.8215,-1.27034
"rs1334",9.51000,-16.6843,-15.0024,-0.799610
"rs1335",10.0700,-16.7774,-14.7802,-1.57592
"rs0447",9.03000,-16.7302,-16.6721,-1.19134
"rs1336",10.3300,-19.3528,-19.0675,-2.68224
"rs0448",8.67000,-16.4553,-16.2967,-0.848204
"rs0449",10.0100,-17.8007,-17.6821,-0.718861
"rs0450",7.69000,-14.8206,-14.6806,-0.0557613
"rs0451",10.8700,-18.7386,-18.4821,-0.960236
"rs0452",9.43000,-18.8746,-18.8163,-2.73601
"rs0453",9.89000,-18.4002,-18.4153,-1.24393
"rs0454",9.27000,-17.3079,-17.1453,-1.86598
"rs0455",7.65000,-15.6506,-15.7563,-0.526257
"rs0456",9.11000,-16.4864,-16.3100,-1.17730
"rs0457",8.01000,-15.4095,-15.2909,-0.572561
"rs0458",9.85000,-17.8623,-17.7506,-0.916973
"rs0459",7.85000,-15.2183,-15.1992,-1.10810
"rs0460",8.55000,-17.7108,-17.8308,-1.24777
"rs0461",10.5300,-19.0653,-19.0016,-0.719620
"rs0462",8.13000,-15.5433,-15.3872,-1.10412
"rs0463",8.67000,-17.1844,-17.0165,-0.0197258
"rs0464",8.79000,-13.6942,-13.6851,-0.00220490
"rs0465",7.71000,-14.9771,-14.9051,-0.386551
"rs0466",10.7700,-19.1388,-19.0830,-1.01666
"rs0467",6.25000,-12.1984,-12.3159,-0.00206566
"rs0468",9.09000,-17.7692,-17.5706,-1.05811
"rs0469",8.75000,-16.2342,-16.3618,-0.0236359
"rs0470",8.71000,-17.1991,-17.2538,-1.21158
"rs0471",8.33000,-15.5392,-15.6121,-0.593060
"rs0472",8.19000,-16.0773,-15.9244,-0.0911026
"rs0473",8.61000,-16.9854,-16.9002,-0.846355
"rs0474",8.43000,-16.9109,-17.0141,-1.36375
"rs0475",8.21000,-15.4693,-15.2891,-1.53035
"rs0476",9.57000,-17.3096,-17.2460,-0.682308
"rs0477",8.55000,-16.6957,-16.5473,-0.468128
"rs0478",9.97000,-21.0333,-21.1353,-2.08294
"rs0479",5.71000,-10.7185,-10.7530,-0.0149288
"rs0480",8.69000,-16.8345,-16.9058,-1.74366
"rs0481",8.19000,-16.7526,-16.7652,-1.91665
"rs0482",8.65000,-16.1406,-16.0067,-1.33312
"rs0483",7.81000,-14.3981,-14.2346,-0.818951
"rs0484",8.25000,-16.2065,-16.1462,-1.25815
"rs0485",8.33000,-16.1572,-16.0032,-0.768492
"rs0486",8.21000,-16.4800,-16.5531,-1.19320
"rs0487",6.19000,-10.2289,-9.83611,-0.450413
"rs0488",7.69000,-15.0867,-15.0464,-0.561941
"rs0489",8.01000,-15.3689,-15.2404,-0.618303
"rs0490",8.57000,-16.4140,-16.3701,-1.52986
"rs0491",10.1100,-15.9742,-15.5455,-1.55540
"rs0492",8.71000,-17.0213,-17.0392,-1.11363
"rs0493",8.57000,-16.7267,-16.6323,-1.64428
"rs0494",9.97000,-18.0013,-17.9872,-0.901440
"rs0495",8.53000,-17.4190,-17.5130,-1.90421
"rs0496",9.49000,-17.8222,-17.8564,-1.47015
"rs0497",8.09000,-15.3503,-15.1217,-0.189503
"rs0498",10.9900,-18.8084,-17.9385,-1.99201
"rs0499",7.89000,-15.3843,-15.3120,-0.408169
"rs0500",8.47000,-14.6303,-14.4321,-1.14183
"rs0501",8.31000,-16.5773,-16.6426,-1.57520
"rs0502",10.1700,-16.8813,-16.5701,-0.783543
"rs0503",10.8100,-18.9107,-19.0106,-0.0288315
"rs0504",7.51000,-13.5441,-13.5382,-0.162830
"rs0505",10.7500,-19.1127,-19.0238,-0.726475
"rs0506",8.05000,-15.3006,-15.0739,-1.17162
"rs0507",8.37000,-15.4794,-15.2942,-1.11058
"rs0508",8.89000,-16.9011,-16.8610,-1.11274
"rs0509",8.83000,-17.6999,-17.6586,-1.72524
"rs0510",4.51000,NaN,NaN,NaN
"rs0511",9.63000,-14.2664,-12.9677,-0.972580
"rs0512",8.77000,-16.0999,-15.8858,-1.08678
"rs0513",8.45000,-14.3184,-13.4580,-0.337631
"rs0514",8.43000,-15.8269,-15.8211,-0.857126
"rs0515",6.73000,-6.91846,-6.10802,-0.986431
"rs0516",9.05000,-17.5987,-17.5169,-0.100689
"rs0517",9.41000,-18.7634,-18.7425,-2.52503
"rs0518",7.45000,-14.0080,-13.8422,-0.0831509
"rs0519",6.85000,-13.6534,-13.7632,-0.0348721
"rs0520",8.79000,-18.1717,-18.2856,-1.72149
"rs0521",9.15000,-17.6406,-17.7017,-1.93926
"rs0522",9.49000,-18.5415,-18.5507,-0.737881
"rs0523",8.01000,-16.2277,-16.3021,-1.70253
"rs0524",8.83000,-16.8304,-16.6888,-0.373653
"rs0525",7.93000,-14.2879,-13.9047,-0.722902
"rs0526",8.83000,-16.4826,-16.3173,-0.991991
"rs0527",7.75000,-14.9301,-14.7926,-0.130110
"rs0528",4.51000,NaN,NaN,NaN
"rs0529",8.63000,-16.7832,-16.7936,-1.26404
"rs0530",7.55000,-14.6786,-14.5895,-0.000356674
"rs0531",10.1900,-18.1720,-18.2335,-0.462780
"rs0532",8.89000,-18.4050,-18.4828,-2.47927
"rs0533",10.2300,-17.6246,-17.6541,-0.399376
"rs0534",8.93000,-17.1767,-17.0589,-0.906273
"rs0535",8.29000,-15.4064,-15.4776,-0.732821
"rs0536",9.03000,-18.6273,-18.6711,-2.61878
"rs0537",9.91000,-16.7540,-16.3233,-1.66393
"rs0538",8.63000,-9.46837,-9.19511,-0.192675
"rs0539",7.77000,-14.5426,-14.3932,-1.04209
"rs0540",10.0900,-17.7370,-17.5474,-2.37020
"rs0541",9.19000,-17.7705,-17.7483,-2.23601
"rs0542",8.59000,-16.3226,-16.2403,-0.543736
"rs0543",8.83000,-16.9513,-16.8621,-0.596992
"rs0545",8.19000,-15.8748,-15.7517,-0.421417
"rs0546",9.13000,-17.3103,-17.0944,-0.112957
"rs0547",8.09000,-16.6993,-16.6581,0.00000
"rs0548",8.59000,-15.9851,-15.7597,-0.972126
"rs0549",9.07000,-18.5828,-18.6938,-1.55944
"rs0550",8.31000,-15.3699,-15.0604,-0.608770
"rs0551",7.97000,-14.9721,-14.9178,-1.03320
"rs0552",8.45000,-16.7692,-16.8796,-0.918064
"rs0553",8.81000,-17.5397,-17.5721,-0.893337
"rs0554",10.7500,-18.9714,-18.7646,-2.49184
"rs0555",10.1100,-18.3004,-18.2554,-0.507931
"rs0556",7.73000,-15.9172,-16.0229,0.00000
"rs0557",8.79000,-14.4541,-14.4586,-1.03013
"rs0558",8.85000,-15.2909,-15.3009,-1.84046
"rs0559",8.51000,-16.5927,-16.5578,-1.58113
"rs0560",9.55000,-18.5302,-18.4133,-1.92007
"rs0561",11.0300,-18.4189,-18.1725,-0.764053
"rs0562",8.47000,-15.9135,-15.7690,-0.853434
"rs0564",8.89000,-17.1003,-17.0258,-0.819286
"rs0565",8.49000,-15.7169,-15.5637,-0.972454
"rs0566",8.55000,-16.6476,-16.4934,-0.808151
"rs0567",4.51000,NaN,NaN,NaN
"rs0568",8.83000,-17.1498,-17.1686,-1.27575
"rs0569",8.03000,-15.2370,-15.1474,-1.15443
"rs0570",9.47000,-15.3489,-13.6524,-1.56763
"rs0571",7.23000,-11.7566,-10.4588,-0.922237
"rs0572",9.75000,-18.0995,-18.0938,-1.18488
"rs0573",8.69000,-17.6478,-17.7246,-0.830395
"rs0574",9.73000,-20.5238,-20.6159,-2.33700
"rs0575",8.11000,-15.5294,-15.5061,-1.42509
"rs0576",7.97000,-14.4964,-14.1693,-0.684364
"rs0577",7.29000,-13.1697,-13.2216,-0.167540
"rs0578",9.45000,-18.0466,-18.0625,-0.381523
"rs0579",10.2700,-19.1268,-19.1463,-1.64947
"rs0580",8.11000,-15.3120,-15.0688,-0.345833
"rs0581",7.91000,-15.0562,-14.9522,-0.605381
"rs0582",10.4900,-18.3703,-18.3329,-2.64657
"rs0583",8.21000,-14.5584,-14.0670,-0.784159
"rs0584",8.15000,-15.6142,-15.5215,-0.519100
"rs0585",8.65000,-17.3289,-17.3765,-1.67432
"rs0586",8.25000,-16.0173,-15.8762,-0.946587
"rs0587",10.1500,-17.7315,-17.6070,-0.715260
"rs0588",8.65000,-16.0152,-16.0267,-0.624912
"rs0589",8.29000,-16.7294,-16.7866,-1.55149
"rs0590",9.91000,-17.5078,-17.5309,-0.673729
"rs0591",10.1300,-17.8741,-17.6316,-1.45064
"rs0592",8.95000,-13.1520,-11.2114,-0.883959
"rs0593",9.01000,-13.1138,-11.3370,-0.934177
"rs0594",9.05000,-15.0218,-14.2794,-1.51303
"rs0595",10.0300,-16.8728,-14.4451,-1.76425
"rs0596",9.29000,-14.0738,-12.8050,-1.19252
"rs0597",8.67000,-14.7726,-14.0263,-0.652304
"rs0598",9.85000,-18.2727,-18.1901,-2.31974
"rs0599",9.43000,-17.0282,-16.7673,-1.47931
"rs0600",9.57000,-16.8397,-16.6101,-0.819523
"rs0602",8.63000,-14.8644,-14.8128,-0.480152
"rs0603",10.6700,-15.9626,-15.6115,-0.783947
"rs0605",8.81000,-14.5598,-14.1548,-1.31625
"rs0604",8.53000,-13.2976,-10.5760,-0.922625
"rs0606",8.55000,-14.1973,-13.8346,-1.09025
"rs0607",8.57000,-13.3887,-11.9901,-1.49770
"rs0608",9.95000,-14.8838,-13.4316,-0.985336
"rs0609",4.51000,NaN,NaN,NaN
"rs0610",9.99000,-16.5169,-14.0471,-1.75206
"rs0611",8.57000,-12.1503,-10.4867,-0.874832
"rs0612",10.9100,-19.5906,-19.4927,-1.57228
"rs0613",7.63000,-14.1941,-14.0979,-0.555023
"rs0614",8.97000,-14.1364,-13.0648,-1.63179
"rs0615",9.33000,-15.5796,-15.2938,-1.34667
"rs0616",8.89000,-14.3988,-13.4742,-1.57378
"rs0617",9.59000,-16.1908,-15.3461,-1.99156
"rs0618",8.41000,-15.6950,-15.6980,-0.366625
"rs0619",10.2300,-16.0008,-14.1651,-1.32884
"rs0620",8.77000,-16.3443,-16.1475,-2.40626
"rs0621",8.93000,-14.7897,-14.6790,-0.904133
"rs0622",10.6700,-16.3739,-14.5490,-1.02172
"rs0623",8.27000,-15.7857,-15.5626,-0.697752
"rs0624",9.05000,-13.3277,-11.2778,-0.908371
"rs0625",10.7500,-18.4265,-18.4192,-0.511681
"rs0626",4.51000,NaN,NaN,NaN
"rs0627",8.85000,-15.8658,-15.6563,-0.972437
"rs0628",8.53000,-12.3751,-10.9680,-1.05215
"rs0629",10.7500,-15.9126,-14.5261,-0.459896
"rs0630",8.97000,-15.1727,-14.7014,-2.18038
"rs0631",4.51000,NaN,NaN,NaN
"rs0632",9.95000,-14.7851,-13.5997,-1.07067
"rs0633",10.0500,-15.8979,-13.1724,-1.04841
"rs0634",9.07000,-13.2960,-11.7601,-1.01625
"rs0635",7.85000,-14.4573,-14.2043,-0.672752
"rs0636",9.95000,-16.8265,-16.7933,-0.628628
"rs0637",8.69000,-14.6785,-14.0418,-0.633411
"rs0638",9.05000,-16.1550,-15.8891,-1.61143
"rs0639",4.51000,NaN,NaN,NaN
"rs0640",8.83000,-16.4203,-16.1901,-1.12070
"rs0641",9.33000,-15.2002,-14.8705,-1.48277
"rs0642",10.6100,-17.0575,-14.8998,-0.925402
"rs0643",8.95000,-13.1750,-10.8560,-0.978668
"rs0644",8.67000,-16.4561,-16.3711,-1.27277
"rs0645",8.95000,-16.5592,-16.4652,-1.03495
"rs0646",8.43000,-15.2827,-15.0829,-1.08356
"rs0647",10.3700,-15.2794,-14.1195,-0.847946
"rs0648",10.6100,-17.2208,-14.4946,-0.847382
"rs0649",9.53000,-13.8135,-12.1713,-0.714897
"rs0650",10.3100,-18.5091,-18.5501,-0.775955
"rs0651",11.0900,-16.7471,-15.3972,-0.640636
"rs0652",8.97000,-13.5680,-12.5687,-1.39485
"rs1337",10.3500,-18.3495,-18.4352,-1.07003
"rs0653",9.49000,-14.9398,-14.0832,-1.69073
"rs0654",9.29000,-13.8911,-12.5309,-1.19819
"rs0655",8.33000,-14.9254,-14.6739,-0.951437
"rs0656",10.0100,-18.3016,-17.8920,-2.01863
"rs0657",8.53000,-14.2370,-13.4796,-1.96633
"rs0658",10.6100,-15.3456,-14.3057,-0.614473
"rs0659",8.53000,-13.6463,-11.6114,-0.816473
"rs0660",9.59000,-16.9626,-16.3717,-0.606056
"rs0661",8.55000,-15.0858,-14.7080,-2.31419
"rs0662",9.75000,-14.9821,-12.8972,-1.33961
"rs0663",9.33000,-13.0892,-11.3476,-0.294006
"rs0664",9.57000,-14.3393,-13.5035,-1.09233
"rs0665",8.83000,-13.4516,-11.7818,-1.42817
"rs0666",9.45000,-13.6066,-12.2214,-1.07975
"rs0667",10.1100,-16.9667,-16.8107,-0.743027
"rs0668",9.33000,-13.9079,-12.4924,-1.05478
"rs0669",10.4100,-16.3856,-13.7478,-0.595095
"rs0670",10.9700,-17.3993,-16.8617,-1.31472
"rs0671",6.45000,-12.0151,-12.0186,-0.170263
"rs0672",9.45000,-16.0730,-15.6720,-1.84460
"rs0673",11.3500,-19.4925,-18.5481,-1.93782
"rs0674",8.89000,-12.8910,-10.5058,-0.633064
"rs0675",4.51000,NaN,NaN,NaN
"rs0676",9.59000,-13.7435,-11.9332,-0.839645
"rs0677",9.19000,-16.4857,-16.4822,-0.536533
"rs0678",8.53000,-15.9586,-15.8444,-1.23388
"rs0679",8.95000,-18.3891,-18.4599,-2.22306
"rs0680",9.47000,-14.2400,-12.8444,-1.09989
"rs0681",10.5500,-17.0323,-14.8373,-1.40780
"rs0682",9.97000,-14.5399,-12.4450,-0.506609
"rs0683",9.11000,-13.1256,-11.5931,-0.952797
"rs0684",9.21000,-14.4809,-11.9479,-0.688807
"rs0685",9.17000,-14.2777,-12.2435,-1.83855
"rs0686",8.61000,-11.4703,-9.92232,-0.718912
"rs0687",11.0500,-18.2665,-17.3530,-1.57899
"rs0688",11.0700,-17.9930,-16.7407,-1.03678
"rs0689",8.89000,-13.3192,-10.8518,-0.747713
"rs0690",8.89000,-13.0831,-11.5959,-1.12901
"rs0691",9.63000,-15.3320,-14.7664,-1.73417
"rs0692",9.05000,-13.4321,-12.0264,-1.19841
"rs0693",9.17000,-13.7107,-12.0958,-1.14037
"rs0694",9.91000,-14.6658,-12.3673,-0.686956
"rs0695",9.43000,-13.5218,-12.2808,-0.883802
"rs0696",9.65000,-17.1591,-17.0244,-1.80644
"rs0697",9.29000,-13.2035,-12.0507,-0.875591
"rs0698",9.43000,-16.5713,-16.3395,-1.02565
"rs0699",9.01000,-13.3459,-11.6956,-0.976524
"rs0700",8.39000,-15.4110,-15.2742,-1.06067
"rs0701",4.51000,NaN,NaN,NaN
"rs0702",8.99000,-12.5447,-10.9170,-0.661926
"rs0703",8.89000,-15.2630,-14.9442,-1.13786
"rs0704",8.67000,-14.3916,-13.8943,-1.91626
"rs0705",10.0900,-15.2482,-13.2092,-0.918180
"rs0706",9.19000,-14.2339,-12.4435,-1.33470
"rs0707",9.41000,-14.0438,-12.3616,-1.01470
"rs0708",10.0700,-17.4630,-17.3312,-1.56981
"rs0709",10.1900,-15.0618,-12.7897,-0.351965
"rs0710",8.45000,-16.5330,-16.3944,-0.705528
"rs0711",9.51000,-13.8801,-11.1086,-0.495325
"rs0712",8.33000,-15.5612,-15.4574,-1.30951
"rs0713",8.65000,-16.7384,-16.7264,-1.53130
"rs0714",10.2700,-16.9315,-13.5238,-1.29244
"rs0715",8.43000,-15.5023,-15.3333,-0.484440
"rs0716",10.1900,-15.4953,-14.0040,-1.14182
"rs0717",10.4700,-15.1676,-13.4862,-0.249546
"rs0718",8.79000,-12.5574,-10.5871,-0.776390
"rs0719",10.6500,-17.4939,-15.4076,-1.24493
"rs0720",9.21000,-15.5858,-15.0540,-2.35629
"rs0721",8.05000,-14.8673,-14.5836,-0.631523
"rs0722",8.45000,-16.1413,-16.0006,-1.01907
"rs0724",9.25000,-18.2790,-18.2329,-1.69940
"rs0725",9.79000,-14.7928,-12.1392,-0.639416
"rs0726",8.57000,-16.1626,-16.0487,-1.10069
"rs0727",8.23000,-15.4923,-15.1546,-0.0143929
"rs0728",10.2300,-16.0986,-13.5149,-0.901007
"rs0729",8.33000,-14.4818,-14.3155,-0.831594
"rs0730",7.99000,-16.1203,-16.1785,-1.59311
"rs0731",9.07000,-18.0819,-18.0770,-1.12486
"rs0732",8.65000,-13.2395,-12.4962,-1.43304
"rs0733",9.85000,-16.1137,-15.5284,-1.72323
"rs0734",8.95000,-17.4054,-17.3295,-2.05041
"rs0735",8.47000,-12.6747,-10.8564,-1.11061
"rs0736",8.51000,-15.7753,-15.5759,-1.19875
"rs0737",7.71000,-14.9080,-14.8023,-0.0701332
"rs0738",8.99000,-16.4140,-16.2686,-1.62518
"rs0739",8.39000,-14.4380,-14.0879,-0.740032
"rs0740",8.71000,-15.9944,-15.7907,-1.61938
"rs0741",10.0100,-18.3307,-18.0528,-2.73463
"rs0742",8.65000,-15.4453,-15.0650,-2.42455
"rs0743",8.21000,-15.7659,-15.5929,-0.897148
"rs0744",4.51000,NaN,NaN,NaN
"rs0745",10.4300,-17.5419,-17.2849,-1.06297
"rs0746",8.71000,-16.1085,-15.9086,-1.57150
"rs0747",9.03000,-15.7669,-15.3705,-2.38373
"rs0748",9.91000,-17.4468,-17.1420,-2.17780
"rs0749",9.57000,-12.1548,-11.8241,-0.325422
"rs0750",10.3100,-17.7226,-16.0809,-2.12721
"rs0751",9.49000,-17.9779,-17.8961,-2.65497
"rs0752",8.79000,-15.6067,-15.5744,-0.183111
"rs0753",8.17000,-15.3081,-15.0655,-1.43467
"rs0754",9.23000,-16.6543,-16.5071,-1.96733
"rs0755",8.71000,-16.2913,-16.0612,-1.20740
"rs0756",8.83000,-15.3572,-14.9760,-1.64514
"rs0757",10.4900,-17.8843,-14.6596,-1.57371
"rs0758",9.05000,-16.3692,-16.2652,-2.32129
"rs0759",7.97000,-15.1468,-14.9974,-0.929773
"rs0761",10.2100,-17.4073,-14.8607,-1.35659
"rs0760",8.45000,-15.0134,-14.7218,-0.823866
"rs0762",7.45000,-12.8923,-12.9007,-0.213997
"rs0763",9.11000,-18.1133,-18.1562,-2.16837
"rs0764",8.31000,-14.9657,-14.4140,-0.357588
"rs0765",8.05000,-14.8584,-14.7630,-1.06518
"rs0766",9.13000,-15.0793,-13.8504,-2.02135
"rs0767",8.45000,-16.0805,-15.9688,-1.04593
"rs0768",9.45000,-18.5299,-18.5699,-1.20245
"rs0769",9.29000,-16.7737,-16.7091,-1.18950
"rs0770",8.35000,-15.8646,-15.8794,-1.39384
"rs0771",8.75000,-16.1592,-15.9456,-0.985268
"rs0772",8.23000,-15.6913,-15.5619,-1.09906
"rs0773",8.09000,-14.8015,-14.5255,-0.977383
"rs0774",8.61000,-16.4208,-16.2947,-0.198177
"rs0775",8.89000,-17.2958,-17.1770,-0.710648
"rs0776",8.39000,-15.9129,-15.7583,-1.28179
"rs0777",8.39000,-16.3094,-16.1425,-0.240074
"rs0778",8.67000,-16.6381,-16.4960,-1.30602
"rs0779",10.4900,-18.9718,-18.8328,-1.84157
"rs0780",8.07000,-14.8422,-14.7684,-0.537046
"rs0781",9.97000,-18.4702,-18.4665,-1.92896
"rs0782",8.39000,-16.3513,-16.1441,-0.303421
"rs0783",10.7500,-18.1354,-17.9295,-0.599026
"rs0784",10.6300,-17.9546,-17.3316,-1.77071
"rs0785",6.59000,-11.5992,-11.2837,-0.0333042
"rs0786",6.31000,-10.4660,-10.0843,-0.956516
"rs0787",8.27000,-15.7244,-15.7541,-1.09649
"rs0788",9.25000,-18.6882,-18.7325,-1.67387
"rs0789",8.57000,-16.3086,-16.3488,-0.827059
"rs0790",8.29000,-16.0576,-15.9342,-0.515251
"rs0791",8.45000,-15.6712,-15.5725,-1.13183
"rs0792",8.05000,-15.0388,-14.8776,-0.677362
"rs0793",9.13000,-17.5707,-17.4593,-1.14264
"rs0794",8.85000,-16.1846,-16.0682,-0.736286
"rs0795",8.19000,-15.7916,-15.6472,-0.592493
"rs0796",8.25000,-15.5999,-15.5033,-0.896242
"rs0797",10.1100,-18.9546,-18.6783,-2.81184
"rs0798",9.77000,-17.9970,-17.9071,-2.30976
"rs0799",8.45000,-15.7672,-15.5714,-0.766947
"rs0800",8.79000,-15.2537,-14.7249,-1.30078
"rs0801",10.1500,-16.0471,-14.1558,-1.24957
"rs0802",8.73000,-16.2008,-16.1062,-1.18538
"rs0803",8.13000,-16.1211,-16.0147,-0.886185
"rs0804",8.59000,-16.6267,-16.4279,-0.491386
"rs0805",8.09000,-16.5631,-16.6801,-0.367737
"rs0806",9.67000,-16.1487,-15.7640,-1.73332
"rs0807",8.27000,-15.4019,-15.3044,-0.737030
"rs0808",10.5900,-17.8636,-17.2216,-1.64880
"rs0809",9.81000,-18.9027,-18.8380,-0.960979
"rs0810",8.37000,-16.0361,-15.9236,-0.638298
"rs0811",9.59000,-15.9020,-15.5385,-1.52756
"rs0812",9.21000,-17.9973,-17.9609,-2.02219
"rs0813",9.57000,-18.4585,-18.4763,-1.94345
"rs0814",7.99000,-16.5837,-16.6895,0.00000
"rs0815",8.69000,-17.8921,-17.9917,-1.82070
"rs0816",8.25000,-16.0287,-15.9253,-0.647739
"rs0817",10.3700,-18.5196,-18.5625,-0.297043
"rs0818",8.65000,-16.5207,-16.3916,-1.22384
"rs0819",6.93000,-13.8260,-13.8983,-0.00618935
"rs0820",8.11000,-15.6218,-15.4209,-0.281488
"rs0821",8.21000,-15.8344,-15.6282,-0.0513058
"rs0822",8.11000,-16.5636,-16.6856,-0.886341
"rs1338",9.13000,-17.7856,-17.6716,-1.09344
"rs0823",10.0700,-19.7232,-19.6834,-2.49855
"rs1339",8.75000,-16.8060,-16.6250,-0.857834
"rs0824",9.93000,-19.9226,-19.9681,-2.50488
"rs0825",9.85000,-16.1463,-14.3246,-1.95045
"rs0827",10.4900,-17.1452,-16.7901,-1.51176
"rs0828",8.75000,-16.0784,-15.8623,-1.45937
"rs0829",9.97000,-16.0709,-15.4393,-1.61473
"rs0830",9.89000,-15.0720,-13.7223,-1.30969
"rs0831",9.87000,-18.1774,-18.1256,-0.437897
"rs0832",7.47000,-12.0672,-12.0428,-0.312447
"rs0833",9.59000,-18.7083,-18.5154,-0.652958
"rs0834",9.77000,-18.1571,-18.0308,-1.16275
"rs0835",9.63000,-15.1211,-13.0268,-1.32908
"rs1340",8.41000,-16.4559,-16.3932,-0.677334
"rs0836",9.79000,-17.5552,-17.5790,-0.750122
"rs0837",8.19000,-14.9576,-14.7786,-1.07671
"rs0838",10.1100,-17.5126,-17.1936,-1.50999
"rs0839",10.0900,-18.7832,-18.7363,-0.669693
"rs0840",8.61000,-16.1923,-16.0172,-0.863138
"rs0841",8.43000,-14.7714,-14.4168,-1.37049
"rs0842",8.85000,-18.2092,-18.1916,-0.741570
"rs0843",9.33000,-16.8811,-16.3898,-2.41599
"rs0844",9.21000,-13.5822,-11.6387,-0.823658
"rs1341",9.67000,-15.1723,-12.6038,-1.35762
"rs0845",9.19000,-15.3987,-15.1445,-1.71648
"rs0846",9.41000,-15.8094,-15.4305,-1.67540
"rs0847",9.51000,-18.4488,-18.3968,-1.49257
"rs0848",8.79000,-12.7691,-11.7134,-1.20117
"rs0849",9.59000,-14.7186,-13.1177,-1.24621
"rs0850",9.47000,-17.4106,-17.2928,-0.999821
"rs0851",10.9100,-17.9319,-16.9889,-1.47739
"rs0852",10.3300,-17.2190,-16.0779,-2.02450
"rs0853",9.11000,-16.2434,-15.9712,-1.49705
"rs0854",8.81000,-15.2570,-14.8705,-0.993828
"rs0855",8.99000,-16.3699,-16.1314,-2.73968
"rs0856",8.43000,-15.8110,-15.9125,-0.603922
"rs0857",7.55000,-15.4421,-15.5662,-0.0125694
"rs0858",6.31000,-12.2408,-12.3603,-0.00461006
"rs1342",7.21000,-13.0594,-13.1128,-0.225414
"rs0859",9.29000,-13.6585,-11.5767,-0.625597
"rs0860",8.89000,-15.2639,-14.9104,-1.10881
"rs0861",9.15000,-12.7871,-11.1560,-0.545570
"rs0862",8.79000,-12.7726,-10.5848,-0.775871
"rs0863",4.51000,NaN,NaN,NaN
"rs0864",7.93000,-16.0602,-16.1687,-0.992460
"rs0865",8.93000,-15.7431,-15.2996,-1.91047
"rs0866",9.63000,-17.2303,-17.1849,-0.347103
"rs0867",8.27000,-16.2202,-16.2825,-1.13760
"rs0868",9.93000,-18.6206,-18.6831,-1.23623
"rs0869",8.93000,-17.3440,-17.2724,-1.34792
"rs0870",8.45000,-17.4471,-17.5592,-1.41130
"rs1343",8.67000,-16.0407,-15.8344,-0.982901
"rs0871",9.21000,-17.0181,-17.0104,-0.631897
"rs0872",8.71000,-16.9374,-17.0117,-1.54974
"rs0873",10.5300,-18.4185,-18.3393,-0.417015
"rs0874",8.69000,-13.1490,-11.4623,-1.01231
"rs0875",9.49000,-14.4425,-12.4175,-0.928368
"rs0876",8.05000,-14.8572,-14.5176,-0.159563
"rs0877",9.45000,-14.6115,-12.7008,-1.26823
"rs0879",10.4500,-16.4564,-14.2217,-1.20861
"rs0880",10.0300,-17.6628,-17.6843,-0.750366
"rs0881",8.85000,-14.1848,-13.7379,-1.40815
"rs0882",10.2900,-16.0773,-15.3503,-1.42392
"rs0883",9.87000,-15.0946,-13.2637,-1.28269
"rs0884",11.0500,-17.6534,-16.0807,-1.27662
"rs0885",8.79000,-12.7360,-11.1362,-0.957794
"rs0886",4.51000,NaN,NaN,NaN
"rs0887",6.69000,-8.42906,-7.40693,-1.43821
"rs0888",8.51000,-14.6516,-14.6780,-0.380898
"rs0889",10.3700,-16.8126,-16.5582,-1.14638
"rs0890",8.45000,-14.4186,-14.2726,-1.15835
"rs0891",9.31000,-17.0474,-17.0231,-1.43585
"rs0892",9.93000,-14.5815,-13.1149,-0.827007
"rs0893",8.47000,-16.2565,-16.1528,-0.664930
"rs0894",8.15000,-14.7033,-14.3338,-0.763819
"rs0895",8.27000,-15.1066,-14.9880,-1.11886
"rs0896",10.3100,-16.5581,-15.4442,-1.75267
"rs0897",9.13000,-15.6807,-15.2782,-1.00165
"rs0898",8.03000,-11.8051,-8.80618,-0.402065
"rs0899",9.13000,-16.8612,-16.7317,-0.926781
"rs0900",8.79000,-16.3852,-16.1121,-0.658316
"rs0901",8.11000,-16.2056,-16.2941,-1.26653
"rs0903",4.51000,NaN,NaN,NaN
"rs0904",7.37000,-14.0988,-14.0063,-0.0510101
"rs0905",8.21000,-16.4267,-16.4896,-1.37569
"rs0906",8.79000,-16.9948,-16.8203,-0.923786
"rs0907",9.09000,-16.8792,-16.7921,-1.15335
"rs0908",7.93000,-15.5482,-15.4627,-0.182543
"rs0909",9.25000,-16.6051,-16.4921,-1.58990
"rs0910",8.39000,-16.1634,-16.1538,-1.41040
"rs0911",6.83000,-12.2313,-12.1146,-1.18306
"rs0912",9.85000,-19.6158,-19.6260,-2.45243
"rs0913",8.09000,-16.5074,-16.5984,-1.55836
"rs0914",8.33000,-15.5289,-15.4278,-0.632862
"rs0915",8.23000,-15.8436,-15.7243,-0.656282
"rs0916",9.27000,-19.2800,-19.3627,-2.78863
"rs0917",7.71000,-15.8453,-15.9631,-0.0137863
"rs0918",10.7100,-14.3354,-14.1883,-0.00235176
"rs0919",8.73000,-17.0170,-16.9053,-0.520645
"rs0920",8.71000,-15.4835,-15.0050,-0.656696
"rs0921",9.73000,-19.3199,-19.3624,-2.02201
"rs0922",8.97000,-16.8039,-16.7940,-0.455288
"rs0923",8.41000,-16.1950,-16.0777,-0.850063
"rs0924",8.73000,-13.8291,-11.2319,-0.572435
"rs0926",8.31000,-15.5292,-15.4976,-1.27128
"rs0927",9.79000,-16.3525,-16.0600,-1.36923
"rs0930",8.57000,-17.6657,-17.7678,-1.78611
"rs0931",8.69000,-16.3883,-16.2847,-0.472115
"rs0932",8.59000,-16.7059,-16.7871,-0.506531
"rs0933",8.45000,-16.8306,-16.8566,-0.484203
"rs0934",8.93000,-16.8329,-16.6766,-1.33150
"rs0935",9.07000,-17.5760,-17.6135,-0.968796
"rs0936",9.35000,-16.7457,-16.3048,-1.15987
"rs0937",8.03000,-15.7877,-15.8523,-1.04165
"rs0938",8.35000,-15.4802,-15.5908,-0.369640
"rs0939",8.15000,-14.7528,-14.3342,-0.465311
"rs0940",4.51000,NaN,NaN,NaN
"rs1345",9.17000,-16.6793,-16.5545,-2.36067
"rs1346",8.29000,-16.8961,-17.0141,-0.706326
"rs0941",8.73000,-16.4099,-16.4195,-0.680016
"rs0942",9.81000,-16.9188,-16.7263,-1.43758
"rs0943",8.43000,-16.1378,-16.0074,-0.554087
"rs0944",8.53000,-16.5515,-16.6101,-1.77156
"rs0945",6.49000,-9.77440,-9.00976,-1.11179
"rs0946",8.87000,-16.4745,-16.4799,-0.898170
"rs0947",9.61000,-18.1637,-18.0903,-1.76673
"rs0948",9.25000,-17.3378,-17.3439,-0.855839
"rs0949",7.83000,-15.3777,-15.2803,-1.90735e-06
"rs1347",9.79000,-19.2586,-19.2413,-2.62441
"rs0950",9.15000,-17.3199,-17.0663,-0.627815
"rs0951",10.0900,-16.0468,-14.1743,-1.32291
"rs0952",4.51000,NaN,NaN,NaN
"rs0953",10.3300,-18.5323,-18.4343,-1.62587
"rs0954",10.8500,-17.3991,-17.1136,-1.09662
"rs0955",6.61000,-10.5303,-9.87570,-0.991962
"rs0956",7.79000,-14.2218,-13.9901,-0.807158
"rs0957",8.49000,-16.4937,-16.4053,-0.558922
"rs0958",9.61000,-18.7467,-18.8284,-1.07189
"rs0959",8.33000,-16.5099,-16.4867,-0.710999
"rs0960",8.27000,-8.38859,-8.16724,-0.0679035
"rs0961",8.71000,-15.7179,-15.4238,-0.856880
"rs1348",9.73000,-17.8659,-17.7621,-1.04871
"rs1349",10.3700,-17.8069,-17.6513,-0.578579
"rs1350",8.85000,-16.3551,-16.2188,-1.83867
"rs0962",8.85000,-15.1215,-14.6154,-0.650949
"rs0963",7.87000,-15.4710,-15.3851,-0.000585556
"rs1351",8.97000,-18.5707,-18.6552,-1.88736
"rs0964",8.77000,-12.4506,-9.23668,-0.331165
"rs0965",10.8500,-17.7849,-16.3750,-1.43401
"rs0966",11.1900,-18.7268,-18.5691,-0.424389
"rs0967",9.05000,-18.4772,-18.5459,-2.32912
"rs1352",10.2900,-16.8242,-14.0432,-1.09665
"rs0968",6.07000,-10.7507,-10.5924,-0.409840
"rs0969",8.85000,-16.1014,-15.9206,-0.475904
"rs0970",9.25000,-17.5409,-17.5624,-0.0455055
"rs0971",7.91000,-14.5115,-14.2091,-0.463846
"rs0972",9.89000,-15.3326,-13.7190,-1.39374
"rs0973",6.71000,-8.56090,-7.74862,-1.39978
"rs0974",10.5900,-17.8715,-17.7825,-0.672997
"rs0975",8.61000,-16.0863,-15.9531,-1.67428
"rs0976",6.25000,-11.7803,-11.7969,-0.171728
"rs0977",8.59000,-16.3921,-16.3082,-0.364468
"rs1353",10.3100,-17.1918,-16.7874,-1.52832
"rs0978",9.93000,-16.3584,-15.6409,-1.63512
"rs0979",8.39000,-16.2953,-16.3739,-1.06016
"rs0980",10.4500,-13.6766,-13.5422,-8.77380e-05
"rs0981",8.79000,-17.3682,-17.3513,-1.16498
"rs0982",8.29000,-15.9467,-15.8113,-0.797054
"rs0983",8.87000,-17.5515,-17.5208,-0.738987
"rs1354",4.51000,NaN,NaN,NaN
"rs0984",9.39000,-18.5946,-18.5447,-1.53417
"rs0985",8.87000,-17.7053,-17.8006,-0.876133
"rs0986",8.33000,-16.0380,-16.0866,-1.07324
"rs0987",8.31000,-15.8640,-15.9108,-1.09410
"rs0988",10.6100,-15.8041,-14.6712,-0.868490
"rs0989",10.1700,-17.5669,-17.5565,-0.929581
"rs1355",8.77000,-17.6318,-17.7331,-0.998329
"rs0990",8.75000,-13.3520,-12.0345,-1.34986
"rs0991",9.01000,-14.9681,-15.0469,-0.361372
"rs0992",10.8100,-17.4363,-15.2879,-1.22074
"rs0993",8.85000,-14.5524,-14.2064,-1.32978
"rs0994",6.31000,-11.9622,-11.9682,-0.274326
"rs0995",9.45000,-17.6340,-17.5813,-1.98090
"rs0996",8.43000,-15.5593,-15.2180,-0.539387
"rs0997",9.79000,-18.5245,-18.3713,-1.51059
"rs1356",4.51000,NaN,NaN,NaN
"rs0998",8.09000,-16.2598,-16.2894,-0.719147
"rs1357",4.51000,NaN,NaN,NaN
"rs0999",8.85000,-15.5622,-15.3339,-1.33578
"rs1000",10.0700,-16.9396,-16.2547,-1.61185
"rs1001",8.51000,-16.2663,-16.1497,-0.875759
"rs1002",8.87000,-16.2503,-15.8709,-2.20862
"rs1358",9.85000,-15.2202,-13.3327,-1.33988
"rs1003",6.07000,-8.54225,-7.79305,-1.10994
"rs1004",10.0700,-16.3609,-16.0953,-1.24919
"rs1005",11.0100,-18.5281,-18.5794,-0.0876350
"rs1006",8.43000,-14.3481,-12.8510,-0.00963020
"rs1007",10.4700,-16.4675,-14.2383,-1.17983
"rs1008",8.31000,-15.3378,-15.2426,-0.893648
"rs1009",8.41000,-16.2615,-16.3420,-0.705421
"rs1010",10.5100,-18.7796,-18.7510,-1.06988
"rs1011",8.37000,-13.9378,-13.0438,-1.04845
"rs1012",9.87000,-15.5349,-13.8071,-1.15009
"rs1013",7.65000,-13.3499,-13.3878,-0.468073
"rs1014",8.71000,-17.7729,-17.7726,-0.510223
"rs1015",8.37000,-16.2816,-16.1021,-0.544643
"rs1016",9.99000,-18.9413,-18.8039,-1.62041
"rs1017",8.27000,-15.8917,-15.7358,-0.776773
"rs1018",8.75000,-17.1816,-17.2532,-1.90861
"rs1019",8.19000,-16.1994,-16.2342,-1.54486
"rs1020",8.49000,-15.6154,-15.6860,-0.220957
"rs1021",8.75000,-17.8209,-17.8843,-1.37976
"rs1022",8.85000,-16.6110,-16.3111,-0.872850
"rs1023",10.2300,-19.6571,-19.6663,-2.21254
"rs1024",7.81000,-15.9533,-16.0733,-0.423931
"rs1025",10.9900,-17.8183,-17.7005,-0.694191
"rs1026",4.51000,NaN,NaN,NaN
"rs1027",4.51000,NaN,NaN,NaN
"rs1028",8.93000,-17.3777,-17.4148,-1.21925
"rs1029",4.51000,NaN,NaN,NaN
"rs1030",8.61000,-16.6753,-16.5758,-0.621555
"rs1031",8.67000,-16.7662,-16.8138,-0.919846
"rs1032",4.51000,NaN,NaN,NaN
"rs1033",9.33000,-17.3763,-17.4095,-1.68302
"rs1034",8.83000,-16.3768,-16.1689,-0.764563
"rs1035",8.99000,-17.5261,-17.5588,-1.57335
"rs1036",9.99000,-16.8014,-16.4901,-1.61199
"rs1037",7.99000,-15.9930,-16.0263,-0.888996
"rs1038",9.15000,-19.3511,-19.3099,-2.59782
"rs1039",7.39000,-12.1010,-11.2951,-1.70874
"rs1040",8.65000,-16.3943,-16.3797,-0.506042
"rs1041",8.53000,-16.2870,-16.2119,-0.819109
"rs1042",7.97000,-15.9971,-16.1014,-1.21759
"rs1043",8.37000,-17.0578,-17.0930,-0.361263
"rs1044",7.85000,-16.1026,-16.1868,-0.0137291
"rs1045",9.05000,-17.1925,-17.2814,-1.07043
"rs1046",10.5300,-17.8118,-17.4028,-1.31435
"rs1047",9.25000,-18.0878,-17.9994,-0.566936
"rs1048",10.3900,-18.0209,-17.8623,-0.851093
"rs1049",9.95000,-18.0590,-18.0006,-0.454475
"rs1050",8.71000,-17.7314,-17.8408,-0.932312
"rs1051",8.23000,-15.5805,-15.4984,-0.658766
"rs1052",9.17000,-16.4691,-16.5294,-0.942829
"rs1053",8.23000,-16.8675,-16.9349,-0.965057
"rs1054",7.99000,-16.3824,-16.4929,-0.424744
"rs1055",8.95000,-16.6914,-16.5625,-0.804592
"rs1056",8.65000,-15.7191,-15.5088,-0.958534
"rs1057",10.3100,-18.0838,-17.9161,-0.566650
"rs1058",9.17000,-16.3199,-16.3745,-0.614338
"rs1059",9.57000,-17.8807,-17.8240,-0.457565
"rs1060",8.09000,-16.8367,-16.9420,0.00000
"rs1061",8.41000,-17.0212,-17.0855,-0.936981
"rs1062",9.95000,-18.9397,-18.8889,-2.98131
"rs1063",8.25000,-14.4861,-13.6134,-0.0846519
"rs1064",7.75000,-14.9977,-14.9137,-0.300781
"rs1065",4.51000,NaN,NaN,NaN
"rs1066",4.51000,NaN,NaN,NaN
"rs1067",4.51000,NaN,NaN,NaN
"rs1068",4.51000,NaN,NaN,NaN
"rs1069",4.51000,NaN,NaN,NaN
"rs1070",8.75000,-16.0145,-15.7065,-0.520672
"rs1071",8.37000,-16.3410,-16.2599,-0.960615
"rs1072",9.17000,-16.8773,-16.7723,-1.13773
"rs1073",8.71000,-16.4322,-16.5008,-0.805252
"rs1074",8.93000,-18.4455,-18.5625,-0.956093
"rs1075",9.93000,-18.8700,-18.8443,-2.56749
"rs1076",9.73000,-18.3511,-18.2636,-1.04211
"rs1077",4.51000,NaN,NaN,NaN
"rs1078",8.79000,-16.0085,-15.7262,-1.31031
"rs1079",9.63000,-15.0118,-13.6130,-1.09325
"rs1080",9.65000,-17.7081,-17.6208,-0.893166
"rs1081",4.51000,NaN,NaN,NaN
"rs1082",9.91000,-18.3984,-18.4059,-1.92400
"rs1083",9.09000,-15.7349,-15.2328,-0.853565
"rs1084",7.19000,-13.3161,-13.1492,-1.11610
"rs1085",9.21000,-18.1153,-17.9607,-1.14730
"rs1087",9.43000,-17.4416,-17.4744,-0.723591
"rs1086",10.5700,-17.0427,-15.6791,-1.62478
"rs1088",9.35000,-14.9864,-13.6519,-1.44075
"rs1089",4.51000,NaN,NaN,NaN
"rs1090",11.0500,-18.5111,-16.5168,-1.39030
"rs1091",8.97000,-17.7347,-17.7378,-2.46834
"rs1092",10.8300,-18.1622,-18.2491,-0.490360
"rs1093",4.51000,NaN,NaN,NaN
"rs1094",9.33000,-13.4537,-11.4184,-0.541061
"rs1095",8.45000,-14.9888,-14.6043,-0.798758
"rs1096",7.73000,-14.2377,-13.9825,-0.343367
"rs1097",10.5700,-17.3465,-15.0208,-1.36335
"rs1098",8.89000,-16.8127,-16.8459,-0.467571
"rs1099",8.55000,-15.4076,-15.1887,-1.13608
"rs1100",9.23000,-18.8769,-18.9380,-2.25039
"rs1101",7.93000,-15.0542,-14.9287,-0.823704
"rs1102",10.4900,-20.1964,-20.1933,-2.13612
"rs1103",8.29000,-16.5241,-16.4282,-0.00197983
"rs1104",7.35000,-7.69524,-7.05957,-0.794048
"rs1105",4.51000,NaN,NaN,NaN
"rs1106",10.7500,-17.8678,-17.8585,-0.355572
"rs1107",7.33000,-13.6205,-13.6170,-0.870651
"rs1109",9.93000,-18.0393,-17.9023,-1.87720
"rs1108",8.63000,-16.3150,-16.1433,-1.37832
"rs1110",9.11000,-16.7049,-16.4898,-0.841408
"rs1111",10.9900,-19.2938,-18.9541,-2.14683
"rs1112",10.4100,-18.4562,-18.5209,-0.714394
"rs1113",4.51000,NaN,NaN,NaN
"rs1114",4.51000,NaN,NaN,NaN
"rs1115",4.51000,NaN,NaN,NaN
"rs1116",10.9300,-17.8917,-16.1605,-1.19067
"rs1117",8.97000,-17.5169,-17.4274,-1.01017
"rs1118",9.95000,-17.3800,-17.2718,-2.04983
"rs1119",8.59000,-15.5032,-15.4488,-1.26055
"rs1120",10.0100,-17.0108,-16.6032,-2.15964
"rs1121",9.91000,-19.6847,-19.6716,-2.91849
"rs1122",10.2300,-17.4519,-17.1165,-1.22568
"rs1123",10.1300,-17.7160,-17.4345,-1.42962
"rs1124",8.57000,-16.0637,-16.1407,-0.433918
"rs1125",8.71000,-16.3304,-16.1976,-1.23386
"rs1126",8.85000,-17.1703,-17.0597,-1.73014
"rs1127",10.0100,-14.9105,-13.4064,-0.972757
"rs1128",8.57000,-16.6644,-16.4914,-0.803249
"rs1129",4.51000,NaN,NaN,NaN
"rs1130",4.51000,NaN,NaN,NaN
"rs1131",10.7300,-18.9745,-18.8483,-0.857571
"rs1132",6.15000,-11.3478,-11.2883,-0.306952
"rs1133",7.97000,-15.3787,-15.2629,-0.576822
"rs1134",10.1500,-17.5344,-17.3452,-0.679417
"rs1135",8.51000,-15.8564,-15.7808,-0.738266
"rs1136",8.07000,-16.0946,-16.2109,-0.202160
"rs1137",4.51000,NaN,NaN,NaN
"rs1138",8.55000,-15.1705,-13.7616,-2.95560
"rs1139",4.51000,-14.3538,-14.2177,-0.000221252
"rs1140",7.55000,-14.3926,-14.2842,-0.257915
"rs1141",8.61000,-15.7802,-15.7459,-0.864508
"rs1142",9.23000,-16.9773,-16.8962,-0.679104
"rs1143",8.95000,-17.5408,-17.4497,-0.506313
"rs1144",10.6300,-18.2207,-18.2274,-0.538548
"rs1145",9.25000,-17.6252,-17.6648,-0.537918
"rs1146",10.1500,-18.3669,-18.2869,-0.951725
"rs1359",8.57000,-17.0696,-16.9918,-0.882030
"rs1147",8.53000,-16.3480,-16.3650,-1.02234
"rs1148",9.31000,-15.9768,-15.7605,-1.47726
"rs1149",8.55000,-16.4151,-16.3674,-0.692802
"rs1150",10.2900,-17.5684,-17.4875,-0.952900
"rs1151",9.19000,-16.9401,-16.8706,-0.618507
"rs1152",10.7300,-18.4132,-18.3140,-0.448860
"rs1153",7.93000,-15.2715,-15.3577,-0.502144
"rs1154",7.11000,-7.01809,-6.34182,-0.819847
"rs1155",4.51000,NaN,NaN,NaN
"rs1156",9.69000,-14.2695,-12.4154,-0.796026
"rs1157",8.45000,-16.6079,-16.5581,-1.27873
"rs1360",8.75000,-17.8065,-17.8820,-2.47965
"rs1158",4.51000,NaN,NaN,NaN
"rs1159",9.15000,-17.2366,-17.3246,-0.314735
"rs1160",4.51000,NaN,NaN,NaN
"rs1161",4.51000,NaN,NaN,NaN
"rs1162",11.0700,-18.1172,-17.7849,-0.819286
"rs1163",9.15000,-17.9243,-17.7799,-1.03922
"rs1164",8.21000,-16.1420,-16.0760,-0.201096
"rs1165",8.61000,-16.5826,-16.5156,-1.26742
"rs1166",8.63000,-16.2112,-16.3148,-0.353344
"rs1168",10.6300,-18.9681,-18.7633,-1.70530
"rs1167",7.39000,-14.3643,-14.3223,-0.100861
"rs1169",9.73000,-18.0784,-17.9822,-2.27912
"rs1170",9.03000,-17.6499,-17.6596,-0.943295
"rs1171",8.97000,-17.5197,-17.3740,-1.02282
"rs1172",8.51000,-16.5978,-16.4192,-0.907457
"rs1173",8.55000,-15.5025,-15.3745,-1.12563
"rs1174",9.93000,-14.8878,-13.7093,-1.04604
"rs1175",8.13000,-15.2283,-15.1894,-0.213560
"rs1176",8.51000,-16.8197,-16.9175,-1.31694
"rs1177",8.69000,-16.1773,-16.2151,-1.01227
"rs1178",9.37000,-19.7588,-19.8683,-2.27892
"rs1179",9.11000,-17.2119,-16.9980,-0.502628
"rs1180",9.57000,-14.2485,-13.6184,-1.15183
"rs1181",8.15000,-16.4481,-16.5356,-0.849415
"rs1182",9.31000,-18.1067,-18.1275,-1.49382
"rs1183",9.87000,-18.6610,-18.6650,-1.22004
"rs1184",9.11000,-17.5105,-17.5660,-0.419945
"rs1185",9.11000,-17.1000,-16.9076,-1.28329
"rs1186",9.59000,-14.7733,-13.6381,-1.22710
"rs1187",8.85000,-17.8223,-17.8571,-1.49633
"rs1188",8.67000,-16.9919,-16.8683,-0.669044
"rs1189",10.7300,-18.3278,-18.3811,-0.306160
"rs1190",10.1500,-17.5117,-17.1978,-1.22986
"rs1191",10.2300,-17.2490,-17.0753,-0.969028
"rs1361",8.91000,-17.5647,-17.6710,-0.839584
"rs1192",8.67000,-15.3779,-13.7923,-2.82197
"rs1193",8.77000,-16.3309,-16.3706,-1.58589
"rs1194",7.31000,-14.1494,-14.0878,-0.0511036
"rs1195",8.23000,-14.0949,-14.2295,-0.0136814
"rs1196",9.93000,-15.4502,-14.0238,-1.20965
"rs1197",10.7900,-18.6495,-18.6692,-0.552826
"rs1198",9.13000,-18.7692,-18.7775,-0.921394
"rs1199",8.25000,-15.8184,-15.6156,-0.391357
"rs1200",8.71000,-16.0881,-15.9812,-1.05485
"rs1362",8.71000,-16.2281,-16.1155,-0.467415
"rs1201",10.6300,-17.6573,-14.7518,-1.11542
"rs1202",8.57000,-17.7041,-17.8110,-1.41020
"rs1204",8.97000,-19.0134,-18.9936,0.00000
"rs1205",10.2300,-16.1667,-15.4445,-1.51213
"rs1206",10.6100,-16.2678,-14.3121,-0.501032
"rs1207",9.39000,-16.1642,-16.0570,-1.97936
"rs1208",8.37000,-15.7251,-15.4899,-0.766031
"rs1209",9.19000,-16.3647,-15.9217,-0.354660
"rs1210",8.97000,-15.4650,-15.1465,-1.97336
"rs1211",10.2300,-18.1964,-18.2799,-0.336941
"rs1212",9.35000,-18.8663,-18.9124,-1.95681
"rs1213",9.45000,-17.8722,-17.8270,-1.74999
"rs1214",10.4900,-18.0629,-17.7078,-1.45338
"rs1363",9.45000,-16.5033,-16.1375,-1.78865
"rs1364",10.5700,-17.6440,-17.3995,-1.11759
"rs1215",7.99000,-16.0601,-16.0738,-0.341820
"rs1217",10.2300,-17.4900,-17.2613,-0.848415
"rs1365",9.37000,-13.7436,-11.5945,-0.602289
"rs1218",11.0500,-18.4240,-17.2614,-1.74766
"rs1219",10.4100,-17.1468,-16.5324,-1.48018
"rs1220",9.63000,-18.8090,-18.7649,-1.41788
"rs1221",8.31000,-15.9574,-15.9456,-0.922087
"rs1222",9.07000,-17.2601,-17.2778,-0.317791
"rs1366",9.67000,-14.7900,-13.0586,-0.950052
"rs1223",6.65000,-12.1983,-12.0693,-1.14326
"rs1224",9.15000,-16.7887,-16.7677,-1.00247
"rs1225",9.31000,-15.4260,-15.4670,-0.389355
"rs1226",11.3700,-18.9685,-18.5974,-0.866936
"rs1227",4.51000,NaN,NaN,NaN
"rs1228",4.51000,NaN,NaN,NaN
"rs1367",10.0500,-15.4556,-14.0257,-0.854664
"rs1368",9.11000,-15.4696,-15.5449,-0.0550232
"rs1229",9.81000,-18.9850,-19.0566,-1.49674
"rs1369",9.37000,-13.3113,-11.4025,-0.481783
"rs1230",10.6300,-18.4604,-17.0091,-2.14017
"rs1231",10.1100,-16.0343,-13.7735,-1.13259
"rs1370",8.85000,-16.7396,-16.7289,-0.308628
"rs1371",8.67000,-16.6440,-16.5606,-0.551693
"rs1232",11.1900,-17.7922,-16.2355,-0.937618
"rs1233",10.1300,-14.7204,-13.2933,-0.718578
"rs1372",10.0900,-18.0133,-17.9076,-1.04633
"rs1373",8.49000,-16.1118,-16.0165,-0.804331
"rs1234",10.4300,-16.6044,-15.3550,-0.537004
"rs1235",10.4900,-17.1642,-16.3625,-1.87723
"rs1236",4.51000,NaN,NaN,NaN
"rs1237",8.09000,-15.8781,-15.8376,-0.690399
"rs1374",10.3500,-16.4716,-16.2511,-0.530872
"rs1375",4.51000,NaN,NaN,NaN
"rs1238",7.23000,-7.97424,-7.46935,-1.00906
"rs1239",9.45000,-14.6100,-13.0536,-1.13239
"rs1240",4.51000,NaN,NaN,NaN
"rs1376",7.97000,-15.5367,-15.4274,-0.127760
"rs1241",4.51000,NaN,NaN,NaN
"rs1377",10.1900,-17.9537,-17.8755,-0.693623
"rs1242",9.39000,-15.8129,-15.2066,-2.29181
"rs1243",10.6500,-18.1951,-17.2372,-2.10610
"rs1378",4.51000,NaN,NaN,NaN
"rs1244",7.67000,-14.4124,-14.2207,-0.351635
"rs1245",9.05000,-17.5138,-17.4370,-1.69648
"rs1246",8.47000,-16.2429,-16.2733,-0.519203
"rs1247",7.95000,-14.2755,-13.9898,-1.39546
"rs1379",8.55000,-16.3327,-16.1915,-0.963181
"rs1380",7.81000,-15.0508,-14.9778,-0.500647
"rs1248",10.3100,-18.4517,-18.3830,-1.19363
"rs1381",4.51000,NaN,NaN,NaN
"rs1249",7.73000,-14.1481,-13.8980,-0.625999
"rs1250",4.51000,NaN,NaN,NaN
"rs1251",9.29000,-17.5331,-17.6039,-0.311722
"rs1382",8.83000,-16.0557,-15.8146,-0.870953
"rs1252",8.29000,-15.6858,-15.5277,-1.03598
"rs1383",8.99000,-16.6480,-16.3586,-0.343983
"rs1384",8.67000,-16.5285,-16.3423,-1.01781
"rs1385",9.07000,-16.9648,-16.9354,-1.46773
"rs1386",9.33000,-17.7134,-17.4844,-0.553406
"rs1387",9.65000,-11.6953,-11.5401,-0.00484848
"rs1388",8.55000,-16.6723,-16.5626,-0.591484
"rs1389",8.63000,-17.5883,-17.6162,-1.03488
"rs1253",8.53000,-14.9175,-14.9515,-0.0536900
"rs1390",8.31000,-16.3616,-16.2536,-0.151535
"rs1391",9.99000,-18.1066,-18.0082,-1.43323
"rs1254",10.2500,-17.4751,-14.7361,-1.82539
"rs1392",8.77000,-15.8831,-15.7009,-1.24522
"rs1393",8.57000,-15.8002,-15.3741,-0.366240
"rs1394",8.19000,-15.8490,-15.6690,-0.122295
"rs1395",8.81000,-17.8811,-17.9324,-2.45414
"rs1396",8.41000,-16.1978,-15.9466,-0.575197
"rs1397",9.09000,-17.4036,-17.5105,-0.152924
"rs1398",4.51000,NaN,NaN,NaN
"rs1399",8.87000,-17.3501,-17.2478,-1.63744
"rs1400",8.51000,-16.1834,-16.0590,-0.840349
"rs1401",4.51000,NaN,NaN,NaN
"rs1256",8.31000,-15.5047,-15.5666,-0.870771
"rs1257",8.37000,-17.3289,-17.4431,-0.841366
"rs1258",9.61000,-17.7936,-17.6300,-1.92807
"rs1259",9.11000,-16.8514,-16.9271,-0.172005
"rs1260",8.63000,-16.3705,-16.3506,-0.988886
"rs1261",8.77000,-16.4873,-16.5735,-0.479870
"rs1262",8.57000,-16.8902,-16.7362,-0.657093
"rs1263",9.21000,-17.6434,-17.6134,-1.11183
"rs1264",8.81000,-17.0254,-16.7943,-0.995857
"rs1402",10.9100,-16.1361,-15.9901,-0.977343
"rs1265",8.95000,-17.4691,-17.5236,-0.0393524
"rs1266",8.65000,-14.5030,-14.4519,-0.859947
"rs1267",9.65000,-20.5939,-20.5526,-2.63282
"rs1268",8.75000,-17.0773,-17.0529,-1.78262
"rs1269",8.41000,-16.1959,-16.2974,-0.563396
"rs1270",8.83000,-16.6578,-16.3961,-0.592991
"rs1403",9.25000,-18.2130,-18.0708,-1.06543
"rs1271",8.63000,-15.4209,-14.8759,-0.986586
"rs1404",10.6300,-18.2055,-18.0649,-0.651894
"rs1272",8.91000,-16.4319,-16.2381,-1.11020
"rs1405",8.41000,-16.0593,-15.9480,-0.981688
"rs1275",7.41000,-14.3149,-14.2338,-0.00837708
"rs1276",9.01000,-18.9752,-19.0862,-1.05119
"rs1277",8.35000,-16.2680,-16.1733,-1.32294
"rs1406",9.01000,-17.3304,-17.2768,-1.32646
"rs1278",9.57000,-17.4468,-17.1499,-2.07223
"rs1279",9.87000,-14.8971,-12.8292,-0.960766
"rs1407",9.07000,-13.3883,-12.2454,-1.12174
"rs1408",9.03000,-16.1518,-15.9350,-0.967232
"rs1409",10.5300,-16.9678,-16.7682,-0.215862
"rs1280",8.61000,-16.0391,-16.0084,-0.497549
"rs1281",8.57000,-15.6903,-15.3795,-0.582104
"rs1282",10.0500,-16.5413,-15.8926,-1.61598
"rs1283",4.51000,NaN,NaN,NaN
"rs1284",8.53000,-16.8092,-16.6779,-0.434509
"rs1285",8.59000,-16.0590,-16.1652,-0.266136
"rs1286",9.21000,-18.8008,-18.8936,-2.43151
"rs1287",9.73000,-15.5369,-13.2425,-1.19968
"rs1288",9.89000,-15.7956,-13.5502,-1.31231
"rs1289",8.69000,-17.7794,-17.8894,-1.61502
"rs1290",8.73000,-17.0253,-16.9008,-0.537739
"rs1291",9.17000,-17.5716,-17.3443,-1.13027
"rs1292",9.65000,-17.0148,-15.3209,-2.77960
"rs1293",6.97000,-14.0424,-14.1483,-1.90735e-06
"rs1294",9.95000,-19.4702,-19.4882,-2.12847
"rs1295",8.37000,-16.6447,-16.7547,-0.956779
"rs1296",8.15000,-16.8530,-16.8121,-0.331699
"rs1297",8.99000,-17.6812,-17.4954,-1.00431
"rs1298",8.79000,-16.5099,-16.4049,-1.64156
"rs1299",5.97000,-11.2899,-11.3494,-0.0673790
"rs1300",10.5500,-16.2047,-15.1101,-1.12440
"rs1301",9.73000,-18.3040,-18.3139,-1.50443
"rs1302",8.57000,-17.5942,-17.6331,-1.22667
"rs1303",8.41000,-16.5372,-16.4791,-0.664742
"rs1304",8.49000,-16.7509,-16.7752,-0.676605
"rs1305",8.03000,-15.1292,-14.8719,-0.125393
"rs1306",8.09000,-15.4128,-15.2960,-0.725439
"rs1307",7.59000,-14.4536,-14.5308,-0.405025
"rs1308",10.2700,-17.5996,-17.6684,-0.106377
"rs1309",11.1500,-19.2053,-19.0459,-0.467113
"rs1310",8.71000,-16.3884,-16.2310,-1.06873
"rs1311",9.97000,-17.9315,-17.8786,-0.549545
"rs1312",8.21000,-15.7927,-15.6564,-0.570221
"rs0079",7.61000,-14.6795,-14.5641,-0.0270939
"rs0245",7.53000,-14.6548,-14.6060,-0.126377
"rs0287",7.73000,-14.1443,-13.8467,-0.441122
"rs0294",7.63000,-15.5425,-15.6503,-0.644291
"rs0878",4.51000,-NaN,-NaN,-NaN
"rs0902",7.35000,-14.2243,-14.2357,-0.350954
"rs1203",7.97000,-15.3310,-15.1572,-0.730141
"rs1216",9.63000,-17.3278,-15.6982,-1.14441e-05
"",0.00000,0.00000,0.00000,0.00000
"",0.00000,0.00000,0.00000,0.00000
"",0.00000,0.00000,0.00000,0.00000
"",0.00000,0.00000,0.00000,0.00000
"",0.00000,0.00000,0.00000,0.00000
"",0.00000,0.00000,0.00000,0.00000
"",0.00000,0.00000,0.00000,0.00000
"",0.00000,0.00000,0.00000,0.00000
"",0.00000,0.00000,0.00000,0.00000
"",0.00000,0.00000,0.00000,0.00000
"",0.00000,0.00000,0.00000,0.00000
"",0.00000,0.00000,0.00000,0.00000
"",0.00000,0.00000,0.00000,0.00000
"",0.00000,0.00000,0.00000,0.00000
"",0.00000,0.00000,0.00000,0.00000
"",0.00000,0.00000,0.00000,0.00000
"",0.00000,0.00000,0.00000,0.00000
"",0.00000,0.00000,0.00000,0.00000
"",0.00000,0.00000,0.00000,0.00000
"",0.00000,0.00000,0.00000,0.00000
"",0.00000,0.00000,0.00000,0.00000
"",0.00000,0.00000,0.00000,0.00000
"",0.00000,0.00000,0.00000,0.00000
"",0.00000,0.00000,0.00000,0.00000
"",0.00000,0.00000,0.00000,0.00000
"",0.00000,0.00000,0.00000,0.00000
"",0.00000,0.00000,0.00000,0.00000
"",0.00000,0.00000,0.00000,0.00000
"",0.00000,0.00000,0.00000,0.00000
"",0.00000,0.00000,0.00000,0.00000
"",0.00000,0.00000,0.00000,0.00000
"",0.00000,0.00000,0.00000,0.00000
"",0.00000,0.00000,0.00000,0.00000
"",0.00000,0.00000,0.00000,0.00000
"",0.00000,0.00000,0.00000,0.00000
"",0.00000,0.00000,0.00000,0.00000
"",0.00000,0.00000,0.00000,0.00000
"",0.00000,0.00000,0.00000,0.00000
"",0.00000,0.00000,0.00000,0.00000
"",0.00000,0.00000,0.00000,0.00000
"",0.00000,0.00000,0.00000,0.00000
"",0.00000,0.00000,0.00000,0.00000
"",0.00000,0.00000,0.00000,0.00000
"",0.00000,0.00000,0.00000,0.00000
"",0.00000,0.00000,0.00000,0.00000
"",0.00000,0.00000,0.00000,0.00000
"",0.00000,0.00000,0.00000,0.00000
"",0.00000,0.00000,0.00000,0.00000
"",0.00000,0.00000,0.00000,0.00000
"",0.00000,0.00000,0.00000,0.00000
"",0.00000,0.00000,0.00000,0.00000
"",0.00000,0.00000,0.00000,0.00000
"",0.00000,0.00000,0.00000,0.00000
"",0.00000,0.00000,0.00000,0.00000
"",0.00000,0.00000,0.00000,0.00000
"",0.00000,0.00000,0.00000,0.00000
"",0.00000,0.00000,0.00000,0.00000
"",0.00000,0.00000,0.00000,0.00000
"",0.00000,0.00000,0.00000,0.00000
"",0.00000,0.00000,0.00000,0.00000
"",0.00000,0.00000,0.00000,0.00000
"",0.00000,0.00000,0.00000,0.00000
"",0.00000,0.00000,0.00000,0.00000
"",0.00000,0.00000,0.00000,0.00000
"",0.00000,0.00000,0.00000,0.00000
"",0.00000,0.00000,0.00000,0.00000
"",0.00000,0.00000,0.00000,0.00000
"",0.00000,0.00000,0.00000,0.00000
"",0.00000,0.00000,0.00000,0.00000
"",0.00000,0.00000,0.00000,0.00000
"",0.00000,0.00000,0.00000,0.00000
"",0.00000,0.00000,0.00000,0.00000
"",0.00000,0.00000,0.00000,0.00000
"",0.00000,0.00000,0.00000,0.00000
"",0.00000,0.00000,0.00000,0.00000
"",0.00000,0.00000,0.00000,0.00000
"",0.00000,0.00000,0.00000,0.00000
"",0.00000,0.00000,0.00000,0.00000
"",0.00000,0.00000,0.00000,0.00000
"",0.00000,0.00000,0.00000,0.00000
"",0.00000,0.00000,0.00000,0.00000
"",0.00000,0.00000,0.00000,0.00000
"",0.00000,0.00000,0.00000,0.00000
"",0.00000,0.00000,0.00000,0.00000
"",0.00000,0.00000,0.00000,0.00000
"",0.00000,0.00000,0.00000,0.00000
"",0.00000,0.00000,0.00000,0.00000
"",0.00000,0.00000,0.00000,0.00000
"",0.00000,0.00000,0.00000,0.00000
"",0.00000,0.00000,0.00000,0.00000
"",0.00000,0.00000,0.00000,0.00000
"",0.00000,0.00000,0.00000,0.00000
"",0.00000,0.00000,0.00000,0.00000
"",0.00000,0.00000,0.00000,0.00000
"",0.00000,0.00000,0.00000,0.00000
"",0.00000,0.00000,0.00000,0.00000
"",0.00000,0.00000,0.00000,0.00000
"",0.00000,0.00000,0.00000,0.00000
"",0.00000,0.00000,0.00000,0.00000
"",0.00000,0.00000,0.00000,0.00000
"",0.00000,0.00000,0.00000,0.00000
"",0.00000,0.00000,0.00000,0.00000
"",0.00000,0.00000,0.00000,0.00000
"",0.00000,0.00000,0.00000,0.00000
"",0.00000,0.00000,0.00000,0.00000
"",0.00000,0.00000,0.00000,0.00000
"",0.00000,0.00000,0.00000,0.00000
"",0.00000,0.00000,0.00000,0.00000
"",0.00000,0.00000,0.00000,0.00000
"rf0001",8.53000,-16.4992,-16.3902,-0.823534
"rf0514",10.2700,-16.3604,-14.1951,-1.18011
"rf0515",9.99000,-18.9420,-18.9853,-1.41539
"rf0516",8.31000,-15.1735,-15.0556,-0.689400
"rf0002",9.63000,-15.1928,-14.7300,-1.60413
"rf0517",8.33000,-15.3757,-15.0991,-0.839680
"rf0518",8.29000,-15.5542,-15.2832,-0.664951
"rf0003",8.91000,-16.6728,-16.6602,-2.44587
"rf0005",10.5900,-17.0584,-14.6623,-0.960815
"rf0519",8.09000,-15.1566,-15.2140,-1.24558
"rf0006",8.99000,-15.2855,-14.7447,-0.660904
"rf0007",9.83000,-18.1308,-18.0653,-1.62585
"rf0008",10.3100,-19.2481,-19.2009,-2.19225
"rf0009",8.51000,-15.9280,-15.5561,-0.190435
"rf0010",4.51000,NaN,NaN,NaN
"rf0011",4.51000,NaN,NaN,NaN
"rf0520",8.09000,-15.0270,-14.9326,-0.910925
"rf0012",8.13000,-16.1157,-16.0922,-1.07208
"rf0521",8.45000,-11.2107,-9.35472,-0.645611
"rf0522",8.19000,-13.1782,-12.5317,-1.61116
"rf0013",9.81000,-16.5582,-16.0554,-0.855768
"rf0523",8.49000,-12.5581,-10.3810,-0.907135
"rf0014",8.61000,-15.8718,-15.6808,-1.01520
"rf0524",8.05000,-16.2149,-16.3235,-1.20379
"rf0015",10.4700,-16.9819,-15.8941,-0.869373
"rf0016",10.7700,-17.3084,-16.5702,-1.73823
"rf0017",8.69000,-16.0538,-15.7663,-1.00056
"rf0018",8.91000,-12.8456,-11.3039,-0.765743
"rf0019",8.47000,-15.4566,-15.2671,-0.841005
"rf0020",8.65000,-13.5802,-12.2996,-1.59184
"rf0525",8.29000,-14.0573,-13.8465,-1.59966
"rf0021",10.1300,-15.4140,-13.7596,-1.17226
"rf0022",9.15000,-13.6646,-12.6080,-1.20481
"rf0526",7.59000,-14.0764,-13.8568,-0.357443
"rf0023",8.39000,-16.6867,-16.7656,-1.69723
"rf0527",8.01000,-15.2516,-15.0986,-1.12578
"rf0528",7.85000,-15.0178,-14.8901,-0.673767
"rf0529",8.29000,-14.3294,-14.3280,-0.434477
"rf0530",8.49000,-16.1957,-15.8996,-0.107883
"rf0024",9.43000,-17.6609,-17.5770,-0.981842
"rf0025",9.75000,-16.3521,-16.4757,-0.0973434
"rf0531",7.65000,-14.9155,-14.8691,-0.488550
"rf0026",8.35000,-15.7012,-15.4864,-0.695040
"rf0027",7.99000,-15.4598,-15.4524,-0.870550
"rf0532",8.03000,-16.4774,-16.5126,-1.26843
"rf0533",9.23000,-17.5839,-17.5599,-0.453423
"rf0028",8.83000,-16.0095,-15.8168,-1.14643
"rf0029",9.05000,-17.6867,-17.5718,-0.713566
"rf0534",7.77000,-14.5647,-14.3684,-0.667868
"rf0030",9.27000,-18.3217,-18.3705,-1.83166
"rf0031",10.3900,-18.7409,-18.4732,-2.96003
"rf0032",9.11000,-16.7673,-16.7780,-0.474686
"rf0535",5.91000,-11.2012,-11.2748,-0.0544491
"rf0033",8.75000,-16.6317,-16.5469,-0.661518
"rf0536",5.69000,-6.33222,-5.39432,-1.19825
"rf0537",7.79000,-14.7743,-14.5974,-0.778582
"rf0034",8.43000,-16.5567,-16.5312,-1.53495
"rf0035",7.99000,-14.5132,-14.2497,-0.918518
"rf0538",7.51000,-14.0917,-13.8876,-0.102516
"rf0539",8.43000,-14.0615,-13.5762,-0.584866
"rf0036",8.11000,-14.0212,-13.5911,-1.01519
"rf0540",10.8500,-19.3722,-19.0985,-2.48338
"rf0541",8.71000,-12.5124,-10.7493,-0.843700
"rf0542",10.3900,-17.9539,-15.4072,-1.99985
"rf0037",10.4700,-19.3149,-19.3567,-1.29683
"rf0038",8.65000,-13.3282,-12.4159,-1.54647
"rf0543",7.99000,-15.1137,-14.9720,-0.963587
"rf0039",7.75000,-14.0468,-13.6604,-0.176268
"rf0040",9.49000,-17.5020,-17.3367,-1.46710
"rf0041",8.11000,-14.0566,-13.7513,-0.826437
"rf0042",8.71000,-16.9384,-16.8381,-0.645687
"rf0544",7.93000,-16.1402,-16.1673,-2.20957
"rf0043",10.3900,-19.5918,-19.5983,-1.41259
"rf0545",8.65000,-15.6515,-15.5694,-1.26354
"rf0044",9.25000,-16.6860,-16.4623,-0.885710
"rf0045",8.35000,-15.7230,-15.4394,-0.610493
"rf0046",8.37000,-14.2341,-13.8792,-0.410662
"rf0047",9.25000,-13.5719,-12.0676,-0.875595
"rf0048",9.09000,-17.1912,-16.9865,-0.576641
"rf0049",8.69000,-17.8079,-17.9072,-1.86483
"rf0050",10.1100,-17.8831,-17.7051,-0.719662
"rf0546",7.97000,-16.1569,-16.1743,-0.268692
"rf0051",8.31000,-15.2977,-14.9584,-0.542284
"rf0052",9.01000,-14.4782,-13.2629,-1.52905
"rf0053",8.69000,-15.7389,-15.3565,-0.646797
"rf0054",10.4700,-16.5093,-15.4258,-1.45946
"rf0055",10.8100,-18.4986,-18.1704,-1.21096
"rf0056",9.89000,-15.4475,-13.5955,-1.27235
"rf0547",7.69000,-14.1599,-13.8397,-0.0670300
"rf0548",10.4900,-19.3373,-19.3524,-1.29042
"rf0549",8.01000,-14.9513,-14.7862,-1.09172
"rf0057",10.0700,-18.0959,-18.0032,-0.459198
"rf0058",8.83000,-17.8832,-17.9603,-2.41279
"rf0059",8.61000,-16.8720,-16.9325,-1.24783
"rf0550",8.33000,-15.6139,-15.1507,-0.00279808
"rf0551",8.03000,-15.2590,-15.1433,-0.782169
"rf0060",8.85000,-17.3489,-17.4079,-1.70448
"rf0061",8.77000,-16.3731,-16.3592,-1.41291
"rf0552",7.57000,-13.9698,-13.7588,-0.341627
"rf0062",5.65000,-10.4518,-10.4736,-0.0872421
"rf0063",6.09000,-8.10812,-7.33458,-1.20619
"rf0553",7.91000,-15.4819,-15.4366,-1.20618
"rf0064",8.27000,-16.1039,-16.0142,-0.480478
"rf0065",8.89000,-16.8202,-16.7580,-1.42932
"rf0066",8.49000,-15.8230,-15.4186,-0.0391178
"rf0554",7.51000,-14.1416,-14.0253,-0.392925
"rf0067",8.03000,-14.8974,-14.7861,-0.427483
"rf0555",7.81000,-14.8868,-14.7429,-0.518969
"rf0068",8.27000,-15.5674,-15.5160,-0.801497
"rf0070",8.19000,-14.9871,-14.7284,-0.608368
"rf0556",7.71000,-14.0310,-13.7049,-0.256477
"rf0071",10.3500,-19.2293,-19.2642,-0.934372
"rf0072",8.47000,-16.9493,-16.8417,-7.62939e-06
"rf0073",8.79000,-17.0412,-16.7944,-0.612736
"rf0557",7.65000,-14.5159,-14.3736,-0.549469
"rf0074",9.63000,-17.7957,-17.8509,-0.102722
"rf0558",7.97000,-14.4755,-14.1701,-0.753157
"rf0075",8.87000,-16.6326,-16.6432,-0.389294
"rf0559",6.65000,-9.98552,-9.39801,-1.08704
"rf0076",8.37000,-15.9375,-15.7886,-1.49797
"rf0077",8.79000,-17.2856,-17.1802,-0.977184
"rf0078",9.31000,-14.3845,-12.9013,-1.37032
"rf0079",8.61000,-15.6736,-15.4372,-1.00108
"rf0080",10.1900,-15.7066,-13.7370,-0.973631
"rf0081",9.61000,-13.7728,-12.2635,-0.479191
"rf0560",8.57000,-13.0588,-11.8992,-1.31247
"rf0082",9.47000,-14.3349,-12.0187,-0.773737
"rf0083",8.59000,-16.3337,-16.3579,-1.11949
"rf0084",9.33000,-17.5860,-17.4662,-0.791794
"rf0085",9.15000,-16.6628,-16.3953,-1.40510
"rf0086",9.29000,-13.4457,-11.9493,-0.766430
"rf0561",8.01000,-14.3278,-13.8719,-0.548304
"rf0562",8.35000,-12.3147,-10.6385,-1.05576
"rf0087",10.0300,-16.4165,-15.3493,-1.88381
"rf0088",9.07000,-15.5603,-15.2188,-1.77968
"rf0089",8.35000,-15.3632,-15.0798,-0.857883
"rf0090",8.69000,-13.5292,-12.3719,-1.61734
"rf0091",7.07000,-8.34971,-7.14415,-0.890301
"rf0092",10.0300,-17.6873,-17.4037,-1.85149
"rf0093",10.7500,-17.4005,-15.8536,-1.35684
"rf0094",10.6500,-18.1739,-16.0914,-1.73805
"rf0563",8.71000,-14.0837,-12.1108,-1.68117
"rf0095",8.83000,-13.3082,-11.5723,-1.06989
"rf0564",8.43000,-15.7572,-15.7619,-2.25745
"rf0096",9.47000,-13.6540,-12.3183,-0.877522
"rf0097",10.7700,-17.6458,-14.9444,-0.872301
"rf0098",9.95000,-17.0573,-16.6076,-1.91374
"rf0565",8.11000,-15.5582,-15.4023,-0.505777
"rf0099",8.75000,-16.7222,-16.5891,-0.243332
"rf0100",4.51000,NaN,NaN,NaN
"rf0101",8.91000,-14.1052,-13.1103,-1.89368
"rf0102",8.67000,-16.1976,-16.3066,-0.262833
"rf0103",7.55000,-7.62283,-7.16646,-0.612173
"rf0104",6.79000,-6.52878,-5.77925,-0.837416
"rf0105",8.07000,-16.6452,-16.7380,-1.54365
"rf0106",9.31000,-16.9562,-16.8932,-0.547932
"rf0107",8.43000,-16.6057,-16.4417,-0.365818
"rf0108",8.51000,-14.8103,-14.2356,-0.921787
"rf0109",9.31000,-17.5173,-17.4242,-1.34669
"rf0566",7.95000,-15.2053,-15.0853,-1.86893
"rf0567",8.17000,-14.3225,-14.0882,-0.819311
"rf0110",8.09000,-15.5252,-15.4049,-0.606894
"rf0111",8.85000,-18.1412,-18.2190,-2.12919
"rf0112",8.15000,-15.2597,-15.0204,-0.765759
"rf0568",8.71000,-12.8664,-11.9935,-1.23555
"rf0569",8.03000,-15.2353,-15.0047,-0.571999
"rf0113",10.5500,-17.5155,-15.6235,-1.43019
"rf0570",4.51000,NaN,NaN,NaN
"rf0571",8.53000,-12.0821,-9.63944,-0.660933
"rf0114",10.6700,-17.6032,-15.0562,-1.09005
"rf0115",9.67000,-15.5409,-15.0282,-1.79288
"rf0572",7.73000,-15.0197,-14.9092,-0.0155506
"rf0573",8.33000,-14.0106,-13.7238,-1.59341
"rf0116",9.49000,-14.2082,-12.1574,-0.700211
"rf0574",7.85000,-15.1496,-15.0209,-1.08250
"rf0117",8.97000,-16.3938,-16.2787,-0.917274
"rf0118",8.31000,-16.4445,-16.5046,-1.11308
"rf0119",6.17000,-11.8694,-11.9200,-0.0148926
"rf0120",8.01000,-15.3180,-15.1837,-0.668177
"rf0121",8.05000,-15.1783,-15.0277,-0.536673
"rf0122",8.29000,-16.6154,-16.6669,-1.23119
"rf0123",8.27000,-14.9769,-14.6878,-0.646616
"rf0124",10.5300,-17.2414,-16.9686,-1.19824
"rf0125",10.3100,-17.1991,-16.9859,-1.33423
"rf0575",7.43000,-14.0002,-13.8420,-0.131218
"rf0126",9.95000,-17.5132,-17.5949,-0.397007
"rf0127",9.67000,-17.6876,-17.6502,-1.48969
"rf0128",8.99000,-16.9555,-16.9381,-0.230087
"rf0129",9.39000,-18.0299,-17.9946,-2.09777
"rf0576",7.93000,-15.5765,-15.5132,-0.407009
"rf0130",10.2500,-17.0062,-15.5360,-1.32108
"rf0131",8.85000,-13.9296,-12.0494,-1.53267
"rf0132",10.0100,-12.6053,-12.4594,-0.00199890
"rf0133",10.6300,-17.6663,-17.3762,-0.885941
"rf0134",6.95000,-13.0246,-13.0025,-0.739830
"rf0135",9.13000,-12.9858,-10.7466,-0.429329
"rf0577",8.11000,-14.4983,-13.9920,-1.18967
"rf0136",8.67000,-12.9610,-11.9963,-1.10121
"rf0137",8.65000,-14.0940,-13.7175,-1.13786
"rf0138",10.6700,-18.1000,-17.4670,-1.75739
"rf0139",10.7100,-16.8278,-14.6450,-1.09843
"rf0140",10.9300,-17.9209,-15.3568,-0.797188
"rf0141",8.05000,-16.3798,-16.4655,-1.43783
"rf0142",8.75000,-14.0487,-13.2660,-1.13055
"rf0578",8.47000,-13.1650,-12.0252,-1.43670
"rf0143",8.73000,-16.5476,-16.4911,-1.33000
"rf0144",10.5900,-18.0470,-17.5250,-1.78513
"rf0579",8.79000,-16.9634,-16.7250,-0.834686
"rf0145",9.63000,-16.5228,-16.3007,-1.03441
"rf0146",8.59000,-16.5368,-16.5748,-1.96079
"rf0147",10.1100,-17.6065,-17.3963,-0.478695
"rf0148",10.8300,-16.7815,-16.0333,-1.10762
"rf0149",9.89000,-15.5293,-13.6977,-1.10855
"rf0150",10.1700,-18.4590,-18.2693,-2.19004
"rf0151",6.13000,-7.27290,-6.43753,-1.20051
"rf0152",8.87000,-16.5008,-16.2146,-1.70405
"rf0153",9.27000,-14.6123,-13.0735,-1.55674
"rf0154",8.83000,-15.1989,-14.4549,-0.396597
"rf0155",8.89000,-16.3230,-16.2316,-0.584045
"rf0156",9.15000,-17.3498,-17.3072,-0.681023
"rf0580",8.03000,-15.8075,-15.8170,-1.74881
"rf0581",8.05000,-14.9824,-14.9539,-1.12587
"rf0157",8.17000,-15.9066,-15.7364,-0.592157
"rf0158",10.2900,-17.0727,-16.7801,-0.803898
"rf0160",7.83000,-8.78680,-8.23645,-0.764376
"rf0161",10.0700,-14.7954,-13.4819,-1.06548
"rf0582",7.91000,-14.6132,-14.3892,-0.613346
"rf0162",8.03000,-15.2912,-15.0943,-1.07499
"rf0163",8.51000,-15.8944,-15.7584,-0.813780
"rf0164",9.75000,-19.5930,-19.2960,-3.28210
"rf0165",6.29000,-12.2180,-12.2917,-0.0114174
"rf0166",10.8900,-18.2101,-18.2283,-0.565487
"rf0583",7.93000,-15.3683,-15.2653,-0.445082
"rf0167",9.33000,-16.1479,-14.4807,-2.18290
"rf0585",7.87000,-14.2807,-14.0481,-0.921240
"rf0168",9.09000,-13.4989,-12.9222,-0.812393
"rf0586",8.11000,-13.4523,-13.0201,-1.66726
"rf0169",8.51000,-17.0870,-17.1432,-1.77895
"rf0170",9.87000,-13.8662,-12.4702,-0.543688
"rf0171",9.61000,-17.0582,-16.5915,-2.32039
"rf0172",8.75000,-15.4872,-15.1735,-2.33848
"rf0173",9.71000,-16.8798,-16.5531,-2.31225
"rf0174",9.31000,-15.2877,-14.5670,-2.19487
"rf0175",9.05000,-15.6153,-15.2788,-1.22366
"rf0587",7.99000,-16.0326,-16.1116,-2.20254
"rf0588",7.87000,-15.0278,-14.8945,-0.686157
"rf0176",9.61000,-17.4436,-16.9976,-0.985470
"rf0177",8.87000,-16.5205,-16.4163,-1.46215
"rf0589",8.55000,-12.2617,-9.92837,-0.623835
"rf0178",10.4100,-16.9189,-16.2717,-1.49846
"rf0590",7.89000,-13.9952,-13.8092,-0.841827
"rf0179",8.37000,-15.9620,-15.8368,-2.02967
"rf0591",8.47000,-15.4323,-15.2738,-1.16618
"rf0180",9.05000,-18.4538,-18.4711,-1.39876
"rf0181",7.21000,-14.4607,-14.4225,-0.000507355
"rf0182",7.59000,-7.91349,-7.52502,-0.632877
"rf0592",8.41000,-11.7732,-10.0509,-0.999815
"rf0183",8.11000,-15.3081,-15.4275,-0.175169
"rf0593",8.17000,-12.0114,-10.1863,-1.20112
"rf0184",9.55000,-13.9359,-12.1428,-1.15659
"rf0185",8.63000,-12.8512,-11.5713,-1.22269
"rf0186",8.83000,-13.3666,-11.7313,-1.23153
"rf0594",8.63000,-13.5717,-13.1487,-1.41976
"rf0187",6.15000,-8.00743,-7.26061,-1.19783
"rf0595",8.51000,-13.4871,-12.9497,-1.55683
"rf0596",8.23000,-14.7408,-14.4903,-0.926704
"rf0597",9.09000,-15.0141,-13.9449,-2.05865
"rf0188",9.73000,-14.7392,-11.7097,-0.411032
"rf0189",8.97000,-13.4758,-12.0248,-1.00542
"rf0190",9.73000,-16.6116,-15.8839,-2.31698
"rf0191",9.55000,-16.9417,-16.6704,-1.90965
"rf0598",8.15000,-12.1331,-10.0937,-0.887150
"rf0192",8.77000,-16.7199,-16.6006,-0.418789
"rf0193",9.93000,-19.2590,-19.3133,-1.96870
"rf0194",8.97000,-13.9945,-12.4484,-1.27290
"rf0195",9.17000,-15.5735,-15.0097,-0.829332
"rf0599",7.83000,-14.7952,-14.5499,-0.401850
"rf0196",10.3300,-16.9592,-14.1337,-1.22637
"rf0600",8.41000,-12.4844,-10.7300,-1.05481
"rf0197",8.65000,-15.4469,-15.1784,-1.81082
"rf0198",9.53000,-14.5788,-11.7102,-0.578564
"rf0199",7.41000,-7.62120,-7.01176,-0.722378
"rf0200",10.1100,-15.6271,-13.7303,-0.694578
"rf0201",9.09000,-17.1895,-16.8604,-0.699593
"rf0601",7.99000,-14.0395,-13.7380,-1.17567
"rf0202",9.21000,-13.4706,-11.3464,-0.732002
"rf0203",8.71000,-12.6971,-10.9142,-0.939466
"rf0204",8.83000,-16.8860,-16.9765,-0.525707
"rf0205",9.59000,-17.7303,-17.3004,-0.148678
"rf0602",7.93000,-12.1107,-10.0982,-0.728302
"rf0603",8.51000,-13.7306,-12.8248,-1.64082
"rf0206",9.87000,-17.8062,-17.6885,-0.515755
"rf0605",8.33000,-12.8873,-11.8016,-1.48651
"rf0207",8.39000,-17.0726,-17.1482,-1.83865
"rf0606",8.61000,-13.8714,-13.0020,-1.90372
"rf0208",8.95000,-14.1014,-12.3974,-1.26886
"rf0209",9.43000,-15.8667,-14.9552,-1.74667
"rf0607",7.21000,-10.7096,-9.68258,-0.784813
"rf0210",8.55000,-14.8673,-14.1344,-1.50934
"rf0608",7.97000,-14.9255,-14.7568,-0.709120
"rf0211",9.13000,-13.2128,-10.9977,-0.613352
"rf0609",7.81000,-13.4975,-12.7421,-0.0524445
"rf0212",9.43000,-14.2044,-12.8764,-1.08014
"rf0213",4.51000,NaN,NaN,NaN
"rf0214",9.17000,-13.6406,-11.3825,-0.718309
"rf0215",4.51000,NaN,NaN,NaN
"rf0216",9.47000,-17.5324,-17.3059,-2.00718
"rf0611",8.23000,-15.2686,-15.1749,-1.25986
"rf0217",8.57000,-14.3002,-13.5591,-1.13917
"rf0218",8.77000,-14.4451,-13.9128,-1.08910
"rf0219",10.2700,-16.2579,-14.1484,-1.15045
"rf0220",9.89000,-15.7466,-13.7117,-1.40727
"rf0612",9.75000,-16.3386,-13.7307,-1.87846
"rf0221",10.9900,-18.5555,-18.0055,-1.58222
"rf0222",10.7900,-17.6529,-15.2992,-1.32615
"rf0223",9.61000,-18.2899,-18.2868,-2.59886
"rf0224",10.5900,-16.4504,-14.7616,-1.15795
"rf0613",7.55000,-12.6297,-11.8305,-0.703005
"rf0225",7.99000,-16.5588,-16.6659,-0.341293
"rf0226",8.73000,-15.9200,-15.5873,-1.46033
"rf0614",8.09000,-15.0179,-14.8769,-1.47708
"rf0227",9.11000,-17.4873,-17.4012,-1.46852
"rf0228",8.61000,-13.4122,-10.9419,-1.27800
"rf0229",8.65000,-14.5585,-14.0381,-0.393654
"rf0230",9.87000,-15.0113,-13.6017,-1.30498
"rf0615",8.53000,-12.7447,-10.2473,-0.670172
"rf0231",9.67000,-14.5703,-12.5973,-0.886484
"rf0232",9.09000,-13.9925,-12.5037,-1.41917
"rf0616",8.13000,-14.0173,-13.3705,-1.41945
"rf0233",11.0100,-17.6138,-17.1505,-1.22266
"rf0234",9.09000,-16.5447,-16.2467,-2.20926
"rf0235",8.09000,-15.1238,-14.9979,-0.819788
"rf0236",8.39000,-16.1357,-15.9684,-1.40329
"rf0237",10.1700,-19.3853,-19.4077,-2.06906
"rf0238",8.53000,-16.5444,-16.5183,-0.206249
"rf0239",4.51000,NaN,NaN,NaN
"rf0240",7.07000,-14.2933,-14.3991,0.00000
"rf0241",7.95000,-15.6647,-15.5672,-1.90735e-06
"rf0242",4.51000,NaN,NaN,NaN
"rf0243",8.63000,-13.3135,-11.5659,-1.34226
"rf0244",10.6500,-17.9968,-17.4585,-1.93502
"rf0617",7.97000,-13.8218,-13.6211,-0.798439
"rf0245",9.47000,-15.3074,-14.9630,-0.830296
"rf0246",7.91000,-15.6535,-15.6362,-0.193523
"rf0247",8.57000,-15.5739,-15.2324,-0.668972
"rf0618",7.69000,-8.07287,-7.69328,-0.625376
"rf0248",10.1100,-17.4432,-17.2422,-0.746906
"rf0619",7.47000,-14.4468,-14.3492,-0.00104904
"rf0249",10.6700,-17.7478,-17.6405,-0.409519
"rf0620",7.77000,-14.7505,-14.6257,-0.938690
"rf0250",8.33000,-15.9195,-15.6494,-0.248627
"rf0251",9.27000,-17.9783,-17.8506,-1.20824
"rf0252",8.55000,-14.8356,-14.1097,-0.300978
"rf0621",7.29000,-14.7550,-14.8635,-0.157230
"rf0253",9.25000,-14.0241,-12.9579,-1.31761
"rf0254",10.4300,-17.3195,-15.0127,-1.47251
"rf0255",8.05000,-15.3733,-15.1250,-0.335123
"rf0622",8.17000,-15.5549,-15.4091,-1.12489
"rf0256",9.71000,-19.0381,-18.9609,-2.60855
"rf0257",8.29000,-15.4511,-15.2392,-0.787771
"rf0623",8.17000,-13.9310,-13.1735,-0.775177
"rf0258",9.39000,-18.3207,-18.3206,-1.30525
"rf0259",9.13000,-16.3978,-16.5095,-0.134995
"rf0260",8.79000,-15.9178,-15.7620,-0.874861
"rf0261",7.11000,-11.7826,-10.8619,-0.369026
"rf0262",8.37000,-15.5105,-15.2249,-0.853760
"rf0263",8.99000,-16.7094,-16.3565,-0.572563
"rf0264",9.73000,-18.5124,-18.3601,-2.08436
"rf0624",7.95000,-14.7125,-14.4460,-0.765923
"rf0625",8.05000,-14.3416,-14.0426,-1.22220
"rf0265",8.53000,-17.4899,-17.5961,-1.69434
"rf0266",8.37000,-16.2336,-16.0027,-0.0978661
"rf0626",7.77000,-14.8242,-14.7040,-0.599728
"rf0627",7.75000,-14.7380,-14.6355,-0.576582
"rf0267",9.45000,-20.0568,-20.1617,-2.14903
"rf0628",8.11000,-15.1458,-14.9361,-0.867386
"rf0268",6.07000,-6.36747,-5.44575,-1.19953
"rf0269",8.25000,-15.9240,-15.7810,-0.558487
"rf0270",4.51000,NaN,NaN,NaN
"rf0271",10.2500,-16.9671,-16.1758,-1.82533
"rf0272",8.73000,-15.5932,-15.2553,-1.22150
"rf0273",7.95000,-15.1628,-15.0813,-0.698605
"rf0274",9.57000,-14.9408,-12.3397,-0.470200
"rf0275",8.63000,-12.1166,-11.1955,-1.20524
"rf0276",8.79000,-15.2412,-14.8650,-1.91078
"rf0277",10.8100,-16.5402,-15.4400,-0.933832
"rf0278",8.23000,-15.2244,-15.0479,-0.855513
"rf0279",8.23000,-15.1874,-15.0084,-0.917088
"rf0280",8.19000,-15.5101,-15.2261,-0.351248
"rf0281",10.2900,-15.9326,-13.9177,-0.982550
"rf0629",8.33000,-14.2984,-14.0346,-0.401281
"rf0630",8.09000,-15.5371,-15.3412,-0.154913
"rf0282",6.75000,-12.9864,-12.9841,-0.213913
"rf0631",7.77000,-14.2897,-13.9707,-0.118164
"rf0632",8.21000,-15.1934,-15.0942,-0.919193
"rf0283",10.0500,-18.0760,-17.9951,-2.42187
"rf0633",8.25000,-16.5021,-16.5482,-2.01568
"rf0284",8.65000,-15.9607,-15.7176,-0.411245
"rf0285",4.51000,NaN,NaN,NaN
"rf0634",7.93000,-13.4972,-13.0250,-0.584208
"rf0286",10.3100,-16.6742,-15.2406,-1.64924
"rf0635",7.69000,-14.3697,-14.1333,-0.125204
"rf0287",4.51000,NaN,NaN,NaN
"rf0636",7.99000,-13.6395,-13.2963,-0.898407
"rf0637",8.39000,-13.4600,-12.3320,-1.19989
"rf0288",9.93000,-15.7611,-14.5087,-1.30396
"rf0289",8.21000,-14.8714,-14.5229,-0.974245
"rf0638",9.39000,-16.9199,-16.7775,-0.702087
"rf0291",9.05000,-16.8390,-16.7256,-0.988518
"rf0640",10.4900,-15.7088,-13.9379,-0.885942
"rf0292",7.75000,-7.44159,-7.15741,-0.311165
"rf0641",8.05000,-15.8261,-15.9007,-1.59968
"rf0642",7.87000,-16.1078,-16.1918,-0.574505
"rf0643",7.67000,-14.9792,-14.8970,-0.000856400
"rf0293",10.3300,-15.9108,-13.7163,-0.844015
"rf0644",6.51000,-7.83826,-6.79088,-1.21352
"rf0645",8.19000,-14.9300,-14.7783,-0.845709
"rf0294",10.4100,-19.2302,-19.2654,-1.21936
"rf0295",10.8700,-17.0798,-16.7175,-0.501907
"rf0646",8.23000,-14.9652,-14.7479,-0.850697
"rf0647",7.85000,-14.7191,-14.5474,-0.632584
"rf0648",7.61000,-14.2658,-14.0784,-0.298214
"rf0296",8.43000,-14.8584,-14.8285,-0.0463486
"rf0297",4.51000,NaN,NaN,NaN
"rf0298",9.09000,-17.5179,-17.4368,-1.50326
"rf0299",8.75000,-16.2713,-16.2082,-0.718390
"rf0649",8.95000,-15.9774,-15.5432,-0.276608
"rf0300",9.25000,-17.3886,-17.3495,-1.43796
"rf0301",9.65000,-14.4617,-12.1124,-0.337137
"rf0650",5.85000,-10.9159,-10.9318,-0.153315
"rf0302",10.2500,-18.2439,-18.2078,-0.447884
"rf0303",9.13000,-16.3036,-16.1988,-0.136902
"rf0651",8.01000,-15.2359,-15.1007,-0.606867
"rf0304",8.15000,-15.7248,-15.6257,-0.694401
"rf0652",7.83000,-14.5241,-14.2654,-0.501469
"rf0653",7.89000,-15.3699,-15.2822,-0.634779
"rf0305",8.83000,-17.1121,-17.1806,-0.620350
"rf0654",8.55000,-16.1939,-16.1066,-1.29304
"rf0655",8.17000,-14.5816,-14.1266,-0.888512
"rf0656",8.11000,-14.5326,-14.3179,-1.02549
"rf0657",5.91000,-8.82833,-8.29451,-0.928238
"rf0658",9.81000,-15.6842,-13.0651,-1.23353
"rf0306",8.73000,-17.0875,-16.9415,-0.899529
"rf0307",9.93000,-15.8072,-12.6587,-1.02538
"rf0308",8.71000,-15.6147,-15.2882,-0.896648
"rf0309",9.13000,-13.7516,-13.8100,-0.142300
"rf0310",10.3700,-17.9427,-15.5837,-1.80837
"rf0311",8.33000,-15.4114,-15.1899,-0.966740
"rf0312",8.77000,-18.4063,-18.5014,-0.580482
"rf0313",8.77000,-17.4506,-17.2831,-0.294155
"rf0659",8.33000,-16.0451,-16.0674,-1.27002
"rf0314",8.45000,-17.3320,-17.4208,-1.45014
"rf0315",10.9700,-18.4703,-18.5432,-0.119255
"rf0316",9.35000,-18.4661,-18.4251,-1.60720
"rf0317",8.65000,-16.8229,-16.6787,-1.07787
"rf0660",7.65000,-14.6465,-14.5269,-0.413610
"rf0661",8.01000,-14.0123,-13.6805,-0.691267
"rf0318",8.35000,-17.1370,-17.2493,-1.11959
"rf0662",8.05000,-15.2048,-15.0481,-0.641903
"rf0319",11.1300,-18.3845,-17.8978,-1.46948
"rf0663",7.95000,-15.5613,-15.4838,-0.0175056
"rf0320",8.47000,-16.5805,-16.5103,-0.537800
"rf0321",6.45000,-12.2124,-12.2312,-0.249416
"rf0322",8.75000,-16.2238,-16.0314,-1.08973
"rf0664",8.31000,-16.6979,-16.7722,-1.92527
"rf0665",8.71000,-17.1138,-17.1386,-1.43744
"rf0666",8.09000,-15.2486,-15.0621,-1.09198
"rf0667",8.07000,-15.8010,-15.8388,-1.03845
"rf0324",10.4900,-17.9005,-17.6113,-1.28571
"rf0325",11.0300,-19.1754,-19.2131,-0.625671
"rf0326",8.55000,-16.0548,-15.9591,-0.647959
"rf0668",7.53000,-14.0231,-13.9051,-0.765783
"rf0327",10.5500,-19.2996,-17.4975,-2.92461
"rf0669",7.87000,-14.9609,-14.8126,-0.851873
"rf0670",8.43000,-15.4757,-15.2076,-0.947124
"rf0671",7.77000,-15.5851,-15.6436,-1.16252
"rf0328",9.15000,-15.0227,-14.7143,-1.30263
"rf0672",8.43000,-13.4637,-13.0421,-0.617159
"rf0329",10.6100,-18.1379,-17.9706,-0.222763
"rf0330",9.99000,-17.4877,-14.8677,-1.76163
"rf0673",8.11000,-13.7211,-12.8499,-2.17525
"rf0331",8.49000,-16.8357,-16.9145,-1.25383
"rf0674",8.15000,-15.5933,-15.4416,-1.10142
"rf0332",8.69000,-15.4607,-15.0638,-0.392416
"rf0675",8.85000,-14.5173,-14.1444,-1.88894
"rf0333",9.41000,-16.2474,-15.9059,-1.47705
"rf0334",10.5300,-16.2629,-14.0012,-0.676332
"rf0676",8.33000,-12.9822,-12.3990,-1.00073
"rf0677",9.11000,-13.3747,-12.1090,-1.03887
"rf0678",8.15000,-13.4425,-12.3147,-1.85311
"rf0679",7.33000,-14.7523,-14.7833,-0.0436954
"rf0680",7.91000,-14.5906,-14.3017,-0.618637
"rf0335",8.69000,-17.0864,-17.0101,-1.14605
"rf0681",8.33000,-12.3037,-9.92764,-0.735411
"rf0682",8.41000,-11.7113,-9.39741,-0.659012
"rf0683",8.05000,-15.5120,-15.3442,-0.950827
"rf0336",9.69000,-16.8339,-16.5815,-1.03648
"rf0684",9.67000,-16.2486,-15.9843,-1.09584
"rf0685",8.21000,-14.8274,-14.7257,-0.963924
"rf0337",9.41000,-13.8646,-12.3716,-0.694286
"rf0338",8.63000,-16.5823,-16.5290,-1.01339
"rf0339",9.75000,-19.4426,-19.3665,-2.41841
"rf0340",8.39000,-16.3613,-16.1865,-0.481556
"rf0341",10.1700,-18.2302,-18.2854,-0.441566
"rf0342",9.51000,-17.5965,-17.5530,-0.170109
"rf0343",10.1700,-18.9551,-18.6621,-3.06773
"rf0686",8.57000,-12.9598,-11.6912,-1.25851
"rf0345",9.39000,-13.9129,-11.8636,-0.729113
"rf0346",10.9900,-18.0997,-17.1143,-1.75638
"rf0347",8.91000,-14.6755,-14.0547,-1.73826
"rf0348",9.63000,-16.0234,-15.9955,-0.262398
"rf0349",9.13000,-13.1638,-11.2337,-0.625210
"rf0350",10.0700,-15.7247,-13.6165,-1.11893
"rf0687",8.05000,-15.9991,-16.0157,-1.41813
"rf0688",8.81000,-16.6471,-16.4388,-1.74093
"rf0689",8.31000,-15.6668,-15.5530,-0.905205
"rf0351",8.97000,-16.0243,-15.5274,-0.690819
"rf0352",9.27000,-15.0405,-13.9723,-2.20023
"rf0353",8.09000,-15.6790,-15.4690,-0.239122
"rf0690",7.69000,-15.7943,-15.9051,-0.369722
"rf0691",8.27000,-15.5089,-15.3585,-1.28938
"rf0692",8.19000,-16.8231,-16.9183,-1.84669
"rf0354",8.99000,-15.7657,-14.9954,-0.326017
"rf0693",7.79000,-15.8926,-15.9815,-0.803074
"rf0355",4.51000,NaN,NaN,NaN
"rf0356",8.95000,-14.9259,-14.4153,-1.80404
"rf0357",8.37000,-15.6116,-15.5999,-0.400833
"rf0358",8.95000,-18.0272,-17.9221,-0.0357475
"rf0359",10.1300,-19.9342,-19.9822,-2.15052
"rf0360",8.79000,-15.7832,-15.8643,-0.200935
"rf0361",10.8500,-17.5516,-15.7665,-1.14173
"rf0362",10.0900,-15.8433,-13.9196,-0.968809
"rf0363",8.95000,-18.9774,-19.0832,-0.330654
"rf0364",9.27000,-18.3086,-18.1511,-1.34620
"rf0366",8.89000,-17.8872,-17.9035,-2.13440
"rf0365",8.95000,-15.8402,-15.5753,-2.29931
"rf0367",8.61000,-15.3972,-15.0858,-0.569170
"rf0368",8.25000,-16.9874,-17.0757,-1.50946
"rf0369",9.45000,-13.5606,-11.7900,-0.356253
"rf0694",8.45000,-13.7296,-13.3822,-0.732130
"rf0370",8.61000,-15.0485,-14.4731,-1.27914
"rf0371",9.97000,-15.6275,-14.1062,-1.39435
"rf0372",10.3700,-19.0917,-18.6155,-2.45744
"rf0695",8.41000,-16.4281,-16.4543,-1.46492
"rf0696",8.43000,-17.3955,-17.4901,-1.78204
"rf0373",8.55000,-16.1072,-15.9366,-1.26329
"rf0374",8.77000,-16.9529,-16.8558,-0.819851
"rf0697",8.23000,-15.6109,-15.5164,-0.952723
"rf0375",10.6500,-17.6877,-17.7732,-0.0247688
"rf0698",7.49000,-12.8756,-12.2933,-0.549976
"rf0699",8.39000,-13.6105,-12.8112,-1.73413
"rf0376",9.33000,-15.0734,-14.4519,-1.00181
"rf0377",10.5900,-17.1890,-16.6844,-1.75583
"rf0378",5.97000,-11.0861,-11.0795,-0.113596
"rf0700",8.21000,-15.7362,-15.6791,-0.834833
"rf0379",4.51000,NaN,NaN,NaN
"rf0701",4.51000,NaN,NaN,NaN
"rf0702",4.51000,NaN,NaN,NaN
"rf0380",4.51000,NaN,NaN,NaN
"rf0381",4.51000,NaN,NaN,NaN
"rf0703",4.51000,NaN,NaN,NaN
"rf0704",4.51000,NaN,NaN,NaN
"rf0382",4.51000,NaN,NaN,NaN
"rf0383",4.51000,NaN,NaN,NaN
"rf0384",4.51000,NaN,NaN,NaN
"rf0705",4.51000,NaN,NaN,NaN
"rf0706",4.51000,NaN,NaN,NaN
"rf0707",8.55000,-16.2447,-16.1333,-1.71792
"rf0385",4.51000,NaN,NaN,NaN
"rf0386",9.75000,-17.5444,-17.3134,-2.33693
"rf0387",4.51000,NaN,NaN,NaN
"rf0708",4.51000,NaN,NaN,NaN
"rf0388",9.67000,-18.3362,-18.2439,-2.53476
"rf0389",9.37000,-16.3150,-14.8629,-2.41056
"rf0709",7.91000,-15.2001,-15.1608,-1.10115
"rf0390",9.47000,-16.6859,-16.6743,-0.232285
"rf0391",8.69000,-17.1635,-17.2104,-1.80956
"rf0392",8.17000,-15.8957,-15.7474,-0.630802
"rf0393",8.23000,-16.0458,-15.9335,-0.291264
"rf0710",8.29000,-15.1797,-15.0892,-0.916956
"rf0711",8.99000,-17.2418,-17.1336,-1.70412
"rf0394",11.0900,-19.3060,-19.3717,-0.619282
"rf0395",10.3300,-18.0819,-17.8343,-1.48258
"rf0712",7.79000,-14.4130,-14.1460,-0.300390
"rf0713",7.11000,-12.3825,-11.9507,-0.306431
"rf0714",8.71000,-16.2653,-16.1362,-0.542103
"rf0715",8.39000,-15.4692,-15.2333,-1.35017
"rf0716",10.2100,-17.6627,-17.6322,-1.54722
"rf0396",10.8100,-18.9256,-18.8240,-1.30866
"rf0717",8.27000,-14.1312,-13.3924,-1.07379
"rf0397",10.8900,-18.9392,-18.8251,-1.18689
"rf0398",9.41000,-18.4040,-18.4163,-1.67761
"rf0718",8.07000,-14.9861,-14.7224,-1.25352
"rf0719",10.9700,-19.8933,-19.8115,-1.10674
"rf0720",9.31000,-18.2810,-18.1302,-0.980133
"rf0399",9.57000,-19.3070,-19.3679,-2.09076
"rf0721",8.11000,-13.6988,-13.1519,-1.15415
"rf0722",8.21000,-12.4523,-10.5086,-1.10277
"rf0723",8.83000,-16.2793,-15.9496,-1.27899
"rf0400",10.4300,-19.1691,-19.1828,-1.05533
"rf0724",10.5900,-18.1406,-17.9645,-1.12729
"rf0401",8.39000,-17.1166,-17.2134,-1.33918
"rf0402",10.4300,-18.3910,-18.0826,-1.85327
"rf0403",9.03000,-17.7984,-17.6443,-1.44977
"rf0725",8.25000,-15.7699,-15.6125,-1.55296
"rf0726",8.55000,-12.4254,-10.1092,-0.760874
"rf0728",7.99000,-14.7025,-14.4169,-0.640646
"rf0729",8.41000,-14.5535,-14.2623,-0.852455
"rf0404",10.0900,-16.4932,-13.4041,-1.29420
"rf0730",9.69000,-16.9019,-16.5562,-2.28373
"rf0405",10.6300,-18.4050,-17.2391,-1.73270
"rf0731",8.19000,-15.7443,-15.7302,-1.09949
"rf0406",10.1300,-14.6226,-12.8273,-0.730255
"rf0407",10.6300,-17.8976,-15.0735,-1.28723
"rf0408",9.27000,-14.4182,-13.6801,-1.40674
"rf0732",8.87000,-12.9056,-10.5305,-0.640629
"rf0733",8.91000,-13.1929,-12.2347,-1.15820
"rf0409",8.97000,-14.6702,-13.6765,-0.859339
"rf0410",9.29000,-13.4770,-11.3974,-0.558075
"rf0734",9.69000,-15.2845,-14.0124,-1.35414
"rf0736",8.65000,-13.0995,-11.3354,-1.10053
"rf0737",4.51000,NaN,NaN,NaN
"rf0738",8.73000,-12.4247,-10.1239,-0.479090
"rf0411",10.0900,-15.7456,-13.8447,-0.944004
"rf0739",7.13000,-7.35718,-6.63282,-0.819157
"rf0740",7.57000,-14.4148,-14.5333,-0.472260
"rf0412",8.97000,-14.8214,-14.3363,-1.21294
"rf0413",8.63000,-16.5337,-16.4524,-1.76024
"rf0414",7.87000,-16.2865,-16.3924,0.00000
"rf0741",8.39000,-16.7308,-16.8208,-1.02362
"rf0742",10.3700,-18.8082,-18.6891,-1.19521
"rf0743",8.09000,-14.6543,-14.2811,-0.525492
"rf0415",9.99000,-16.8762,-16.6797,-0.979290
"rf0416",8.19000,-15.4360,-15.2603,-1.15268
"rf0417",10.5500,-19.4013,-19.4067,-1.24664
"rf0418",9.27000,-17.1496,-17.1001,-0.214520
"rf0744",7.73000,-14.7790,-14.6319,-0.443850
"rf0419",8.35000,-16.3721,-16.1947,-0.585308
"rf0745",7.79000,-15.0892,-14.9696,-0.169296
"rf0420",4.51000,NaN,NaN,NaN
"rf0421",8.79000,-13.8487,-12.4320,-1.37062
"rf0422",8.39000,-15.0027,-14.8481,-0.799257
"rf0746",4.51000,NaN,NaN,NaN
"rf0423",10.3700,-18.0107,-14.4530,-2.07330
"rf0424",9.61000,-16.8874,-16.7578,-0.839417
"rf0747",7.63000,-14.4936,-14.4297,-1.12862
"rf0748",10.0100,-18.1756,-17.8774,-2.49277
"rf0749",7.93000,-14.5411,-14.3107,-0.878103
"rf0425",9.07000,-17.5499,-17.5798,-0.732437
"rf0750",8.49000,-16.5843,-16.4799,-1.89203
"rf0751",7.43000,-15.1231,-15.2388,-0.596897
"rf0752",7.75000,-14.1371,-13.8607,-0.622620
"rf0426",8.27000,-15.3450,-15.0487,-0.632792
"rf0427",4.51000,NaN,NaN,NaN
"rf0753",7.87000,-15.1413,-15.0603,-0.877138
"rf0428",9.11000,-17.1031,-17.1770,-1.03580
"rf0429",6.39000,-12.1498,-12.1416,-0.309292
"rf0430",4.51000,NaN,NaN,NaN
"rf0755",4.51000,NaN,NaN,NaN
"rf0756",4.51000,NaN,NaN,NaN
"rf0757",4.51000,NaN,NaN,NaN
"rf0758",8.73000,-17.6005,-17.6516,-1.86285
"rf0759",9.29000,-17.4843,-17.4815,-0.528969
"rf0760",7.75000,-14.2797,-14.1010,-0.548983
"rf0431",4.51000,NaN,NaN,NaN
"rf0432",4.51000,NaN,NaN,NaN
"rf0433",4.51000,NaN,NaN,NaN
"rf0434",8.85000,-17.2924,-17.1555,-1.05936
"rf0435",11.0300,-19.2072,-18.8957,-1.19750
"rf0436",8.55000,-14.2452,-13.3247,-0.762611
"rf0437",8.55000,-15.1065,-14.9322,-0.807804
"rf0438",9.61000,-18.2874,-18.2729,-1.14596
"rf0439",8.19000,-17.0105,-17.1185,-0.973663
"rf0440",9.27000,-15.3647,-15.3698,-0.322193
"rf0441",6.57000,-10.1402,-9.64626,-1.67130
"rf0443",8.79000,-15.4287,-15.3083,-0.579659
"rf0444",11.3900,-17.9621,-16.0665,-0.259342
"rf0445",8.69000,-12.4058,-10.6215,-0.812092
"rf0446",10.5300,-17.0905,-16.7012,-1.20379
"rf0447",10.6900,-17.6676,-17.6650,-0.614044
"rf0448",9.65000,-17.8236,-17.6216,-0.560040
"rf0449",9.33000,-15.5581,-15.5304,-0.549690
"rf0450",9.51000,-16.0276,-14.5740,-1.87974
"rf0451",7.97000,-15.2847,-15.1363,-0.924736
"rf0452",8.79000,-16.7437,-16.6338,-1.22617
"rf0453",6.33000,-10.1410,-9.62200,-1.02120
"rf0454",8.61000,-15.7866,-15.7165,-0.702560
"rf0455",9.37000,-17.1137,-17.0407,-1.46984
"rf0456",8.93000,-15.6926,-15.5878,-0.929781
"rf0457",8.83000,-14.8328,-14.8484,-1.31712
"rf0458",8.87000,-16.1670,-16.0158,-0.384708
"rf0459",8.29000,-16.1493,-16.0468,-0.429749
"rf0460",9.95000,-15.9932,-15.8203,-1.22504
"rf0461",8.71000,-17.1525,-16.9992,-0.660263
"rf0761",7.97000,-15.7361,-15.7376,-0.980469
"rf0462",8.53000,-16.0984,-15.9738,-1.03012
"rf0463",9.91000,-18.2287,-18.2607,-0.449627
"rf0464",8.43000,-16.1882,-15.9048,-4.57764e-05
"rf0465",8.45000,-16.7654,-16.7904,-1.71377
"rf0466",9.15000,-18.4162,-18.5144,-1.02611
"rf0762",7.37000,-14.9556,-15.0661,-0.559046
"rf0763",8.25000,-15.9241,-15.7376,-0.546047
"rf0467",8.69000,-15.2051,-14.7226,-1.43318
"rf0764",8.15000,-15.0986,-14.9824,-1.29445
"rf0468",9.89000,-17.1548,-17.0668,-0.192085
"rf0469",10.6900,-18.2348,-15.1325,-1.51944
"rf0470",8.51000,-13.4181,-10.9650,-0.622538
"rf0471",8.45000,-15.0254,-14.7484,-0.504044
"rf0472",8.91000,-15.9691,-15.7810,-0.739815
"rf0473",9.35000,-15.3381,-14.7744,-1.43495
"rf0474",8.65000,-17.0093,-16.7777,-0.184765
"rf0475",8.77000,-15.8962,-15.8239,-0.796864
"rf0476",8.57000,-14.8808,-14.8955,-0.00155067
"rf0477",8.93000,-17.3424,-17.1179,-0.606270
"rf0478",8.63000,-15.9687,-15.8508,-0.625004
"rf0479",8.51000,-15.7262,-15.3584,-0.374311
"rf0480",9.17000,-17.3309,-17.3003,-1.50877
"rf0481",9.47000,-17.2994,-17.3794,-0.100353
"rf0765",7.77000,-16.0266,-16.1334,-0.315041
"rf0482",8.89000,-16.8877,-16.7029,-0.533199
"rf0483",8.83000,-15.3857,-15.3591,-0.844269
"rf0484",10.1300,-15.7635,-12.9000,-0.758274
"rf0767",8.77000,-16.0731,-16.0270,-1.01334
"rf0768",10.4100,-16.1217,-14.0074,-0.736273
"rf0769",7.91000,-13.8192,-13.4345,-0.631491
"rf0770",9.39000,-17.4110,-17.4512,-0.363148
"rf0771",9.55000,-18.0861,-18.0052,-0.415100
"rf0772",7.73000,-15.2578,-15.2182,-0.0827999
"rf0485",7.93000,-16.3399,-16.4563,-0.343559
"rf0486",6.09000,-11.6226,-11.6529,-0.0571976
"rf0773",7.85000,-14.8920,-14.7584,-0.805841
"rf0774",7.93000,-14.9286,-14.7337,-0.559280
"rf0487",8.73000,-16.3312,-16.2055,-0.893515
"rf0488",9.53000,-18.3021,-18.2195,-1.96413
"rf0489",8.99000,-16.4865,-16.3877,-0.789631
"rf0490",10.2300,-15.9577,-13.8909,-1.10990
"rf0491",4.51000,NaN,NaN,NaN
"rf0492",9.69000,-16.1339,-15.6697,-1.76362
"rf0493",9.69000,-17.3016,-17.2808,-0.192741
"rf0494",10.6900,-16.7689,-15.6474,-1.19202
"rf0775",7.65000,-14.7986,-14.6864,-0.0590553
"rf0776",8.77000,-17.0885,-16.9154,-1.00147
"rf0495",9.91000,-18.8264,-18.8092,-1.90186
"rf0496",8.55000,-16.3705,-16.1968,-1.10038
"rf0497",8.25000,-15.6651,-15.7843,-0.0239182
"rf0777",8.33000,-16.1723,-16.0794,-0.675245
"rf0778",8.89000,-16.6185,-16.2353,-0.244675
"rf0779",9.17000,-17.7829,-17.5793,-2.39297
"rf0780",7.93000,-15.1946,-15.0627,-0.473091
"rf0498",7.63000,-14.8810,-14.7936,-0.000171661
"rf0499",8.61000,-16.5329,-16.3703,-1.24587
"rf0500",9.55000,-17.7040,-17.5228,-1.51606
"rf0781",8.41000,-15.1141,-14.8285,-0.926874
"rf0782",8.19000,-15.7103,-15.5567,-0.598583
"rf0501",8.79000,-16.7537,-16.8496,-0.604687
"rf0502",9.09000,-18.2934,-18.3721,-1.48472
"rf0503",9.47000,-17.1159,-16.9479,-1.47946
"rf0783",8.35000,-14.9840,-14.6432,-0.696634
"rf0784",7.97000,-15.8043,-15.8049,-0.781448
"rf0785",8.69000,-16.7703,-16.5746,-1.29437
"rf0786",10.3900,-17.3060,-15.0384,-1.56338
"rf0787",10.7500,-17.5905,-17.1607,-1.57674
"rf0504",9.49000,-14.9525,-13.8126,-1.53745
"rf0788",8.27000,-14.7142,-14.4668,-1.16003
"rf0789",8.05000,-15.2173,-14.9808,-0.272301
"rf0790",8.03000,-15.8783,-15.9772,-1.34656
"rf0505",8.35000,-16.0799,-15.9297,-1.11583
"rf0791",8.13000,-15.2324,-15.1754,-0.851263
"rf0506",9.75000,-16.1873,-15.7291,-1.48855
"rf0792",8.59000,-17.5359,-17.6467,-1.31700
"rf0507",9.03000,-17.5535,-17.5581,-1.56532
"rf0508",10.5100,-17.3560,-15.9799,-1.66256
"rf0509",11.0100,-18.4824,-18.3768,-0.527584
"rf0510",10.8700,-18.3352,-18.1832,-1.36999
"rf0511",8.65000,-15.9772,-15.8019,-1.26921
"rf0512",9.65000,-16.3882,-14.8612,-2.30832
"rf0513",10.0300,-18.2886,-18.1895,-0.878548
"rf0793",8.13000,-14.6328,-14.3497,-1.00151
"rf0794",9.85000,-17.8829,-17.8294,-0.599411
"rf0795",8.87000,-17.0188,-16.8892,-1.15589
"rf0796",10.5100,-17.9906,-17.6390,-1.82992
"rf0797",8.23000,-14.4454,-13.9588,-0.560358
"rf0004",6.31000,-8.92245,-8.18761,-1.16821
"rf0069",7.45000,-14.6066,-14.6258,-1.38407
"rf0290",10.9100,-19.1334,-19.2180,-0.348763
"rf0323",9.01000,-15.6749,-15.1877,-1.39253
"rf0344",9.71000,-17.3742,-17.1138,-0.717339
"rf0798",7.81000,-15.9661,-16.0882,-0.165340
"rf0799",4.51000,NaN,NaN,NaN
"rf0800",8.65000,-13.9085,-13.9547,-0.293114
"rf0801",7.81000,-14.7677,-14.6061,-0.449732
"rf0802",7.67000,-14.2375,-13.9929,-0.296673
"rf0803",9.99000,-15.9999,-13.1516,-1.06200
