Wavelength,A_lambda/tau1,Al_Ebv
3000,5.3414,5.47936
3003,5.33625,5.47408
3006,5.33112,5.46882
3009,5.32602,5.46358
3012,5.32094,5.45837
3015,5.31588,5.45318
3018,5.31085,5.44802
3021,5.30584,5.44288
3024,5.30085,5.43776
3027,5.29588,5.43267
3030,5.29094,5.4276
3033,5.26095,5.39683
3036,5.25692,5.3927
3039,5.25303,5.38871
3042,5.24927,5.38485
3045,5.24562,5.3811
3048,5.24207,5.37747
3051,5.23863,5.37394
3054,5.23529,5.37051
3057,5.23203,5.36716
3060,5.22885,5.3639
3063,5.22574,5.36071
3066,5.2227,5.35759
3069,5.21972,5.35454
3072,5.2168,5.35154
3075,5.21392,5.34859
3078,5.21109,5.34569
3081,5.20831,5.34283
3084,5.20555,5.34
3087,5.20283,5.33721
3090,5.20013,5.33445
3093,5.19746,5.3317
3096,5.1948,5.32898
3099,5.19216,5.32627
3102,5.18953,5.32357
3105,5.1869,5.32087
3108,5.18428,5.31819
3111,5.18166,5.3155
3114,5.17904,5.31281
3117,5.17642,5.31011
3120,5.17378,5.30741
3123,5.17114,5.3047
3126,5.16848,5.30197
3129,5.16581,5.29923
3132,5.16312,5.29647
3135,5.16041,5.29369
3138,5.15768,5.29089
3141,5.15493,5.28807
3144,5.15215,5.28522
3147,5.14935,5.28235
3150,5.14652,5.27945
3153,5.14366,5.27652
3156,5.14078,5.27355
3159,5.13786,5.27056
3162,5.13491,5.26754
3165,5.13193,5.26447
3168,5.12891,5.26138
3171,5.12586,5.25825
3174,5.12277,5.25508
3177,5.11965,5.25188
3180,5.11649,5.24864
3183,5.11329,5.24536
3186,5.11006,5.24204
3189,5.10678,5.23868
3192,5.10347,5.23529
3195,5.10013,5.23185
3198,5.09674,5.22838
3201,5.09331,5.22486
3204,5.08984,5.22131
3207,5.08634,5.21771
3210,5.0828,5.21408
3213,5.07921,5.2104
3216,5.07559,5.20669
3219,5.07193,5.20293
3222,5.06823,5.19913
3225,5.06449,5.1953
3228,5.06072,5.19143
3231,5.0569,5.18751
3234,5.05305,5.18356
3237,5.04916,5.17957
3240,5.04524,5.17555
3243,5.04127,5.17148
3246,5.03727,5.16738
3249,5.03324,5.16324
3252,5.02917,5.15906
3255,5.02506,5.15485
3258,5.02093,5.15061
3261,5.01675,5.14633
3264,5.01255,5.14201
3267,5.00831,5.13766
3270,5.00404,5.13328
3273,4.99974,5.12887
3276,4.9954,5.12443
3279,4.99104,5.11995
3282,4.98665,5.11544
3285,4.98223,5.11091
3288,4.97778,5.10634
3291,4.9733,5.10175
3294,4.9688,5.09713
3297,4.96426,5.09248
3300,4.95971,5.08781
3303,4.95513,5.08311
3306,4.95052,5.07839
3309,4.94589,5.07364
3312,4.94124,5.06887
3315,4.93657,5.06407
3318,4.93187,5.05926
3321,4.92716,5.05442
3324,4.92242,5.04956
3327,4.91767,5.04469
3330,4.9129,5.03979
3333,4.90811,5.03488
3336,4.9033,5.02994
3339,4.89848,5.025
3342,4.89364,5.02003
3345,4.88878,5.01505
3348,4.88391,5.01006
3351,4.87903,5.00505
3354,4.87414,5.00003
3357,4.86923,4.99499
3360,4.86431,4.98995
3363,4.85938,4.98489
3366,4.85445,4.97983
3369,4.8495,4.97475
3372,4.84454,4.96967
3375,4.83958,4.96458
3378,4.83461,4.95947
3381,4.82963,4.95437
3384,4.82464,4.94926
3387,4.81965,4.94414
3390,4.81466,4.93901
3393,4.80966,4.93389
3396,4.80466,4.92876
3399,4.79966,4.92362
3402,4.79465,4.91849
3405,4.78964,4.91335
3408,4.78463,4.90821
3411,4.77962,4.90307
3414,4.77461,4.89793
3417,4.76961,4.8928
3420,4.7646,4.88766
3423,4.75959,4.88253
3426,4.75459,4.8774
3429,4.74959,4.87227
3432,4.7446,4.86714
3435,4.7396,4.86202
3438,4.73462,4.8569
3441,4.72964,4.85179
3444,4.72466,4.84669
3447,4.71969,4.84159
3450,4.71472,4.8365
3453,4.70977,4.83141
3456,4.70482,4.82634
3459,4.69988,4.82127
3462,4.69494,4.81621
3465,4.69002,4.81115
3468,4.6851,4.80611
3471,4.6802,4.80108
3474,4.6753,4.79606
3477,4.67042,4.79105
3480,4.66554,4.78605
3483,4.66068,4.78106
3486,4.65583,4.77608
3489,4.65099,4.77112
3492,4.64616,4.76617
3495,4.64135,4.76123
3498,4.63655,4.7563
3501,4.63176,4.75139
3504,4.62699,4.74649
3507,4.62223,4.74161
3510,4.61748,4.73674
3513,4.61275,4.73189
3516,4.60803,4.72705
3519,4.60333,4.72223
3522,4.59864,4.71742
3525,4.59397,4.71263
3528,4.58932,4.70785
3531,4.58468,4.70309
3534,4.58006,4.69835
3537,4.57545,4.69363
3540,4.57086,4.68892
3543,4.56629,4.68423
3546,4.56174,4.67956
3549,4.5572,4.6749
3552,4.55268,4.67027
3555,4.54818,4.66565
3558,4.54369,4.66105
3561,4.53923,4.65647
3564,4.53478,4.65191
3567,4.53035,4.64736
3570,4.52594,4.64284
3573,4.52155,4.63833
3576,4.51718,4.63385
3579,4.51282,4.62938
3582,4.50849,4.62494
3585,4.50417,4.62051
3588,4.49988,4.6161
3591,4.4956,4.61171
3594,4.49134,4.60735
3597,4.48711,4.603
3600,4.48289,4.59867
3603,4.47869,4.59437
3606,4.47451,4.59008
3609,4.47035,4.58581
3612,4.46621,4.58157
3615,4.46209,4.57734
3618,4.45799,4.57314
3621,4.45391,4.56895
3624,4.44986,4.56479
3627,4.44582,4.56064
3630,4.4418,4.55652
3633,4.4378,4.55242
3636,4.43382,4.54834
3639,4.42986,4.54428
3642,4.42592,4.54024
3645,4.422,4.53622
3648,4.41811,4.53222
3651,4.41423,4.52824
3654,4.41037,4.52428
3657,4.40653,4.52034
3660,4.40271,4.51643
3663,4.39891,4.51253
3666,4.39514,4.50865
3669,4.39138,4.5048
3672,4.38764,4.50096
3675,4.38392,4.49715
3678,4.38022,4.49335
3681,4.37654,4.48958
3684,4.37288,4.48583
3687,4.36924,4.48209
3690,4.36562,4.47838
3693,4.36202,4.47468
3696,4.35844,4.47101
3699,4.35487,4.46735
3702,4.35133,4.46372
3705,4.3478,4.4601
3708,4.3443,4.45651
3711,4.34081,4.45293
3714,4.33734,4.44937
3717,4.33389,4.44583
3720,4.33046,4.44231
3723,4.32705,4.43881
3726,4.32366,4.43533
3729,4.32028,4.43187
3732,4.31692,4.42842
3735,4.31359,4.425
3738,4.31026,4.42159
3741,4.30696,4.4182
3744,4.30367,4.41483
3747,4.30041,4.41148
3750,4.29715,4.40814
3753,4.29392,4.40483
3756,4.2907,4.40153
3759,4.2875,4.39824
3762,4.28432,4.39498
3765,4.28116,4.39173
3768,4.27801,4.3885
3771,4.27487,4.38529
3774,4.27176,4.38209
3777,4.26866,4.37891
3780,4.26557,4.37575
3783,4.2625,4.3726
3786,4.25945,4.36947
3789,4.25641,4.36635
3792,4.25339,4.36325
3795,4.25039,4.36017
3798,4.2474,4.3571
3801,4.24442,4.35405
3804,4.24146,4.35101
3807,4.23851,4.34799
3810,4.23558,4.34498
3813,4.23266,4.34199
3816,4.22976,4.33901
3819,4.22687,4.33604
3822,4.224,4.33309
3825,4.22113,4.33016
3828,4.21829,4.32724
3831,4.21545,4.32433
3834,4.21263,4.32144
3837,4.20982,4.31856
3840,4.20703,4.31569
3843,4.20425,4.31283
3846,4.20148,4.30999
3849,4.19872,4.30716
3852,4.19597,4.30435
3855,4.19324,4.30155
3858,4.19052,4.29875
3861,4.18781,4.29598
3864,4.18511,4.29321
3867,4.18243,4.29045
3870,4.17975,4.28771
3873,4.17709,4.28498
3876,4.17444,4.28226
3879,4.1718,4.27955
3882,4.16916,4.27685
3885,4.16654,4.27416
3888,4.16393,4.27148
3891,4.16133,4.26881
3894,4.15874,4.26616
3897,4.15616,4.26351
3900,4.15359,4.26087
3903,4.15103,4.25825
3906,4.14848,4.25563
3909,4.14594,4.25302
3912,4.1434,4.25042
3915,4.14088,4.24783
3918,4.13836,4.24525
3921,4.13586,4.24268
3924,4.13336,4.24011
3927,4.13087,4.23756
3930,4.12838,4.23501
3933,4.12591,4.23247
3936,4.12344,4.22994
3939,4.12098,4.22742
3942,4.11853,4.2249
3945,4.11608,4.22239
3948,4.11365,4.21989
3951,4.11121,4.2174
3954,4.10879,4.21491
3957,4.10637,4.21243
3960,4.10396,4.20996
3963,4.10156,4.20749
3966,4.09916,4.20503
3969,4.09677,4.20258
3972,4.09438,4.20013
3975,4.092,4.19769
3978,4.08962,4.19525
3981,4.08725,4.19282
3984,4.08489,4.19039
3987,4.08253,4.18797
3990,4.08017,4.18556
3993,4.07782,4.18315
3996,4.07548,4.18074
3999,4.07314,4.17834
4002,4.0708,4.17595
4005,4.06847,4.17355
4008,4.06614,4.17117
4011,4.06382,4.16878
4014,4.0615,4.1664
4017,4.05919,4.16403
4020,4.05687,4.16166
4023,4.05457,4.15929
4026,4.05226,4.15692
4029,4.04996,4.15456
4032,4.04766,4.1522
4035,4.04536,4.14985
4038,4.04307,4.1475
4041,4.04078,4.14515
4044,4.03849,4.1428
4047,4.03621,4.14046
4050,4.03392,4.13811
4053,4.03164,4.13578
4056,4.02937,4.13344
4059,4.02709,4.1311
4062,4.02481,4.12877
4065,4.02254,4.12644
4068,4.02027,4.12411
4071,4.018,4.12178
4074,4.01573,4.11945
4077,4.01347,4.11713
4080,4.0112,4.1148
4083,4.00893,4.11248
4086,4.00667,4.11016
4089,4.00441,4.10783
4092,4.00215,4.10551
4095,3.99988,4.10319
4098,3.99762,4.10087
4101,3.99536,4.09856
4104,3.9931,4.09624
4107,3.99084,4.09392
4110,3.98858,4.0916
4113,3.98632,4.08928
4116,3.98406,4.08696
4119,3.9818,4.08465
4122,3.97954,4.08233
4125,3.97728,4.08001
4128,3.97502,4.07769
4131,3.97276,4.07537
4134,3.9705,4.07305
4137,3.96823,4.07073
4140,3.96597,4.06841
4143,3.96371,4.06608
4146,3.96144,4.06376
4149,3.95917,4.06143
4152,3.95691,4.05911
4155,3.95464,4.05678
4158,3.95237,4.05445
4161,3.9501,4.05212
4164,3.94782,4.04979
4167,3.94555,4.04746
4170,3.94327,4.04512
4173,3.941,4.04279
4176,3.93872,4.04045
4179,3.93644,4.03811
4182,3.93415,4.03577
4185,3.93187,4.03342
4188,3.92958,4.03108
4191,3.92729,4.02873
4194,3.925,4.02638
4197,3.92271,4.02403
4200,3.92041,4.02167
4203,3.91812,4.01932
4206,3.91582,4.01696
4209,3.91351,4.01459
4212,3.91121,4.01223
4215,3.9089,4.00986
4218,3.90659,4.00749
4221,3.90428,4.00512
4224,3.90196,4.00275
4227,3.89965,4.00037
4230,3.89733,3.99799
4233,3.895,3.9956
4236,3.89267,3.99322
4239,3.89034,3.99083
4242,3.88801,3.98843
4245,3.88568,3.98604
4248,3.88334,3.98364
4251,3.881,3.98124
4254,3.87865,3.97883
4257,3.8763,3.97642
4260,3.87395,3.97401
4263,3.87159,3.97159
4266,3.86924,3.96917
4269,3.86687,3.96675
4272,3.86451,3.96432
4275,3.86214,3.96189
4278,3.85977,3.95946
4281,3.85739,3.95702
4284,3.85501,3.95458
4287,3.85263,3.95214
4290,3.85025,3.94969
4293,3.84786,3.94724
4296,3.84546,3.94478
4299,3.84306,3.94232
4302,3.84066,3.93986
4305,3.83826,3.93739
4308,3.83585,3.93492
4311,3.83344,3.93245
4314,3.83102,3.92997
4317,3.8286,3.92749
4320,3.82618,3.925
4323,3.82375,3.92251
4326,3.82132,3.92002
4329,3.81888,3.91752
4332,3.81644,3.91502
4335,3.814,3.91251
4338,3.81155,3.91
4341,3.8091,3.90748
4344,3.80665,3.90496
4347,3.80419,3.90244
4350,3.80172,3.89991
4353,3.79925,3.89738
4356,3.79678,3.89485
4359,3.79431,3.89231
4362,3.79183,3.88977
4365,3.78934,3.88722
4368,3.78686,3.88467
4371,3.78437,3.88211
4374,3.78187,3.87955
4377,3.77937,3.87698
4380,3.77687,3.87442
4383,3.77436,3.87184
4386,3.77184,3.86927
4389,3.76933,3.86668
4392,3.76681,3.8641
4395,3.76428,3.86151
4398,3.76175,3.85891
4401,3.75922,3.85632
4404,3.75669,3.85371
4407,3.75414,3.85111
4410,3.7516,3.8485
4413,3.74905,3.84588
4416,3.7465,3.84326
4419,3.74394,3.84064
4422,3.74138,3.83801
4425,3.73881,3.83538
4428,3.73624,3.83274
4431,3.73367,3.8301
4434,3.73109,3.82746
4437,3.72851,3.82481
4440,3.72593,3.82216
4443,3.72334,3.8195
4446,3.72074,3.81684
4449,3.71814,3.81418
4452,3.71554,3.81151
4455,3.71294,3.80884
4458,3.71033,3.80616
4461,3.70771,3.80348
4464,3.7051,3.80079
4467,3.70248,3.79811
4470,3.69985,3.79541
4473,3.69722,3.79272
4476,3.69459,3.79001
4479,3.69195,3.78731
4482,3.68931,3.7846
4485,3.68667,3.78189
4488,3.68402,3.77917
4491,3.68137,3.77645
4494,3.67871,3.77373
4497,3.67605,3.771
4500,3.67339,3.76827
4503,3.67072,3.76553
4506,3.66805,3.76279
4509,3.66538,3.76005
4512,3.6627,3.7573
4515,3.66002,3.75455
4518,3.65734,3.7518
4521,3.65465,3.74904
4524,3.65196,3.74628
4527,3.64926,3.74352
4530,3.64656,3.74075
4533,3.64386,3.73797
4536,3.64115,3.7352
4539,3.63845,3.73242
4542,3.63573,3.72964
4545,3.63302,3.72685
4548,3.6303,3.72406
4551,3.62758,3.72127
4554,3.62485,3.71847
4557,3.62212,3.71568
4560,3.61939,3.71287
4563,3.61665,3.71007
4566,3.61392,3.70726
4569,3.61117,3.70445
4572,3.60843,3.70163
4575,3.60568,3.69881
4578,3.60293,3.69599
4581,3.60018,3.69317
4584,3.59742,3.69034
4587,3.59466,3.68751
4590,3.5919,3.68467
4593,3.58914,3.68184
4596,3.58637,3.679
4599,3.5836,3.67616
4602,3.58082,3.67331
4605,3.57805,3.67046
4608,3.57527,3.66761
4611,3.57249,3.66476
4614,3.5697,3.6619
4617,3.56692,3.65904
4620,3.56413,3.65618
4623,3.56133,3.65332
4626,3.55854,3.65045
4629,3.55574,3.64758
4632,3.55294,3.64471
4635,3.55014,3.64184
4638,3.54734,3.63896
4641,3.54453,3.63608
4644,3.54172,3.6332
4647,3.53891,3.63032
4650,3.5361,3.62743
4653,3.53328,3.62454
4656,3.53047,3.62165
4659,3.52765,3.61876
4662,3.52483,3.61587
4665,3.522,3.61297
4668,3.51918,3.61007
4671,3.51635,3.60717
4674,3.51352,3.60427
4677,3.51069,3.60136
4680,3.50786,3.59846
4683,3.50502,3.59555
4686,3.50218,3.59264
4689,3.49935,3.58973
4692,3.49651,3.58681
4695,3.49366,3.5839
4698,3.49082,3.58098
4701,3.48798,3.57806
4704,3.48513,3.57515
4707,3.48228,3.57222
4710,3.47943,3.5693
4713,3.47658,3.56638
4716,3.47373,3.56345
4719,3.47088,3.56052
4722,3.46802,3.5576
4725,3.46517,3.55467
4728,3.46231,3.55173
4731,3.45945,3.5488
4734,3.45659,3.54587
4737,3.45373,3.54293
4740,3.45087,3.54
4743,3.44801,3.53706
4746,3.44514,3.53412
4749,3.44228,3.53119
4752,3.43941,3.52825
4755,3.43655,3.52531
4758,3.43368,3.52236
4761,3.43081,3.51942
4764,3.42794,3.51648
4767,3.42507,3.51354
4770,3.4222,3.51059
4773,3.41933,3.50765
4776,3.41646,3.5047
4779,3.41359,3.50176
4782,3.41072,3.49881
4785,3.40784,3.49586
4788,3.40497,3.49291
4791,3.4021,3.48997
4794,3.39922,3.48702
4797,3.39635,3.48407
4800,3.39347,3.48112
4803,3.3906,3.47817
4806,3.38772,3.47522
4809,3.38485,3.47227
4812,3.38197,3.46932
4815,3.3791,3.46637
4818,3.37622,3.46342
4821,3.37334,3.46047
4824,3.37047,3.45752
4827,3.36759,3.45457
4830,3.36472,3.45162
4833,3.36184,3.44867
4836,3.35897,3.44573
4839,3.35609,3.44278
4842,3.35322,3.43983
4845,3.35035,3.43688
4848,3.34747,3.43393
4851,3.3446,3.43098
4854,3.34172,3.42804
4857,3.33885,3.42509
4860,3.33598,3.42214
4863,3.33311,3.4192
4866,3.33024,3.41625
4869,3.32737,3.41331
4872,3.3245,3.41036
4875,3.32163,3.40742
4878,3.31876,3.40448
4881,3.31589,3.40154
4884,3.31303,3.3986
4887,3.31016,3.39566
4890,3.30729,3.39272
4893,3.30443,3.38978
4896,3.30157,3.38684
4899,3.2987,3.3839
4902,3.29584,3.38097
4905,3.29298,3.37803
4908,3.29012,3.3751
4911,3.28726,3.37217
4914,3.28441,3.36924
4917,3.28155,3.36631
4920,3.2787,3.36338
4923,3.27584,3.36045
4926,3.27299,3.35753
4929,3.27014,3.3546
4932,3.26729,3.35168
4935,3.26444,3.34876
4938,3.2616,3.34584
4941,3.25875,3.34292
4944,3.25591,3.34
4947,3.25307,3.33709
4950,3.25023,3.33418
4953,3.24739,3.33126
4956,3.24455,3.32835
4959,3.24172,3.32544
4962,3.23888,3.32254
4965,3.23605,3.31963
4968,3.23322,3.31673
4971,3.23039,3.31383
4974,3.22756,3.31093
4977,3.22474,3.30803
4980,3.22192,3.30513
4983,3.2191,3.30224
4986,3.21628,3.29935
4989,3.21346,3.29646
4992,3.21064,3.29357
4995,3.20783,3.29068
4998,3.20502,3.2878
5001,3.20221,3.28492
5004,3.19941,3.28204
5007,3.1966,3.27916
5010,3.1938,3.27629
5013,3.191,3.27342
5016,3.1882,3.27055
5019,3.18541,3.26768
5022,3.18261,3.26482
5025,3.17982,3.26195
5028,3.17703,3.25909
5031,3.17425,3.25623
5034,3.17147,3.25338
5037,3.16868,3.25053
5040,3.16591,3.24768
5043,3.16313,3.24483
5046,3.16036,3.24198
5049,3.15759,3.23914
5052,3.15482,3.2363
5055,3.15205,3.23347
5058,3.14929,3.23063
5061,3.14653,3.2278
5064,3.14377,3.22497
5067,3.14102,3.22215
5070,3.13827,3.21932
5073,3.13552,3.2165
5076,3.13277,3.21369
5079,3.13003,3.21087
5082,3.12729,3.20806
5085,3.12455,3.20525
5088,3.12182,3.20245
5091,3.11909,3.19965
5094,3.11636,3.19685
5097,3.11363,3.19405
5100,3.11091,3.19126
5103,3.10819,3.18847
5106,3.10547,3.18568
5109,3.10276,3.1829
5112,3.10005,3.18012
5115,3.09734,3.17734
5118,3.09464,3.17457
5121,3.09194,3.1718
5124,3.08924,3.16903
5127,3.08655,3.16627
5130,3.08386,3.16351
5133,3.08117,3.16075
5136,3.07849,3.158
5139,3.07581,3.15525
5142,3.07313,3.1525
5145,3.07045,3.14976
5148,3.06778,3.14702
5151,3.06512,3.14428
5154,3.06245,3.14155
5157,3.05979,3.13882
5160,3.05714,3.1361
5163,3.05448,3.13338
5166,3.05183,3.13066
5169,3.04919,3.12794
5172,3.04655,3.12523
5175,3.04391,3.12253
5178,3.04127,3.11982
5181,3.03864,3.11712
5184,3.03601,3.11443
5187,3.03339,3.11174
5190,3.03077,3.10905
5193,3.02815,3.10636
5196,3.02554,3.10368
5199,3.02293,3.10101
5202,3.02033,3.09834
5205,3.01772,3.09567
5208,3.01513,3.093
5211,3.01253,3.09034
5214,3.00994,3.08768
5217,3.00736,3.08503
5220,3.00477,3.08238
5223,3.00219,3.07974
5226,2.99962,3.0771
5229,2.99705,3.07446
5232,2.99448,3.07183
5235,2.99192,3.0692
5238,2.98936,3.06657
5241,2.98681,3.06395
5244,2.98426,3.06133
5247,2.98171,3.05872
5250,2.97917,3.05611
5253,2.97663,3.05351
5256,2.97409,3.05091
5259,2.97156,3.04831
5262,2.96904,3.04572
5265,2.96651,3.04314
5268,2.964,3.04055
5271,2.96148,3.03797
5274,2.95897,3.0354
5277,2.95647,3.03283
5280,2.95397,3.03026
5283,2.95147,3.0277
5286,2.94898,3.02514
5289,2.94649,3.02259
5292,2.944,3.02004
5295,2.94152,3.0175
5298,2.93905,3.01496
5301,2.93657,3.01242
5304,2.93411,3.00989
5307,2.93164,3.00736
5310,2.92918,3.00484
5313,2.92673,3.00232
5316,2.92428,2.99981
5319,2.92183,2.9973
5322,2.91939,2.99479
5325,2.91695,2.99229
5328,2.91452,2.9898
5331,2.91209,2.98731
5334,2.90967,2.98482
5337,2.90725,2.98234
5340,2.90483,2.97986
5343,2.90242,2.97738
5346,2.90001,2.97492
5349,2.89761,2.97245
5352,2.89521,2.96999
5355,2.89282,2.96754
5358,2.89043,2.96509
5361,2.88805,2.96264
5364,2.88567,2.9602
5367,2.88329,2.95776
5370,2.88092,2.95533
5373,2.87855,2.9529
5376,2.87619,2.95048
5379,2.87383,2.94806
5382,2.87148,2.94565
5385,2.86913,2.94324
5388,2.86679,2.94083
5391,2.86445,2.93843
5394,2.86211,2.93604
5397,2.85978,2.93365
5400,2.85746,2.93126
5403,2.85513,2.92888
5406,2.85282,2.9265
5409,2.85051,2.92413
5412,2.8482,2.92176
5415,2.84589,2.9194
5418,2.8436,2.91704
5421,2.8413,2.91469
5424,2.83901,2.91234
5427,2.83673,2.90999
5430,2.83445,2.90766
5433,2.83217,2.90532
5436,2.8299,2.90299
5439,2.82763,2.90067
5442,2.82537,2.89835
5445,2.82311,2.89603
5448,2.82086,2.89372
5451,2.81861,2.89141
5454,2.81637,2.88911
5457,2.81413,2.88681
5460,2.8119,2.88452
5463,2.80967,2.88223
5466,2.80744,2.87995
5469,2.80522,2.87767
5472,2.803,2.8754
5475,2.80079,2.87313
5478,2.79859,2.87087
5481,2.79638,2.86861
5484,2.79419,2.86636
5487,2.79199,2.86411
5490,2.78981,2.86186
5493,2.78762,2.85962
5496,2.78544,2.85739
5499,2.78327,2.85516
5502,2.7811,2.85293
5505,2.77893,2.85071
5508,2.77677,2.84849
5511,2.77462,2.84628
5514,2.77247,2.84408
5517,2.77032,2.84187
5520,2.76818,2.83968
5523,2.76604,2.83748
5526,2.76391,2.8353
5529,2.76178,2.83311
5532,2.75966,2.83094
5535,2.75754,2.82876
5538,2.75542,2.82659
5541,2.75332,2.82443
5544,2.75121,2.82227
5547,2.74911,2.82011
5550,2.74701,2.81797
5553,2.74492,2.81582
5556,2.74284,2.81368
5559,2.74075,2.81154
5562,2.73868,2.80941
5565,2.7366,2.80729
5568,2.73454,2.80516
5571,2.73247,2.80305
5574,2.73041,2.80094
5577,2.72836,2.79883
5580,2.72631,2.79673
5583,2.72426,2.79463
5586,2.72222,2.79253
5589,2.72019,2.79045
5592,2.71816,2.78836
5595,2.71613,2.78628
5598,2.71411,2.78421
5601,2.71209,2.78214
5604,2.71008,2.78007
5607,2.70807,2.77801
5610,2.70606,2.77596
5613,2.70406,2.7739
5616,2.70207,2.77186
5619,2.70008,2.76981
5622,2.69809,2.76778
5625,2.69611,2.76574
5628,2.69413,2.76372
5631,2.69216,2.76169
5634,2.69019,2.75967
5637,2.68823,2.75766
5640,2.68627,2.75565
5643,2.68431,2.75364
5646,2.68236,2.75164
5649,2.68042,2.74965
5652,2.67847,2.74766
5655,2.67654,2.74567
5658,2.67461,2.74369
5661,2.67268,2.74171
5664,2.67075,2.73973
5667,2.66883,2.73777
5670,2.66692,2.7358
5673,2.66501,2.73384
5676,2.6631,2.73189
5679,2.6612,2.72994
5682,2.6593,2.72799
5685,2.65741,2.72605
5688,2.65552,2.72411
5691,2.65364,2.72218
5694,2.65176,2.72025
5697,2.64988,2.71833
5700,2.64801,2.71641
5703,2.64615,2.71449
5706,2.64428,2.71258
5709,2.64242,2.71067
5712,2.64057,2.70877
5715,2.63872,2.70688
5718,2.63688,2.70498
5721,2.63503,2.70309
5724,2.6332,2.70121
5727,2.63137,2.69933
5730,2.62954,2.69745
5733,2.62771,2.69558
5736,2.62589,2.69372
5739,2.62408,2.69185
5742,2.62227,2.69
5745,2.62046,2.68814
5748,2.61866,2.68629
5751,2.61686,2.68445
5754,2.61506,2.68261
5757,2.61327,2.68077
5760,2.61149,2.67894
5763,2.6097,2.67711
5766,2.60793,2.67528
5769,2.60615,2.67347
5772,2.60438,2.67165
5775,2.60262,2.66984
5778,2.60086,2.66803
5781,2.5991,2.66623
5784,2.59734,2.66443
5787,2.5956,2.66264
5790,2.59385,2.66084
5793,2.59211,2.65906
5796,2.59037,2.65728
5799,2.58864,2.6555
5802,2.58691,2.65372
5805,2.58518,2.65195
5808,2.58346,2.65019
5811,2.58174,2.64843
5814,2.58003,2.64667
5817,2.57832,2.64492
5820,2.57662,2.64317
5823,2.57492,2.64142
5826,2.57322,2.63968
5829,2.57152,2.63794
5832,2.56983,2.63621
5835,2.56815,2.63448
5838,2.56647,2.63275
5841,2.56479,2.63103
5844,2.56311,2.62931
5847,2.56144,2.6276
5850,2.55978,2.62589
5853,2.55811,2.62419
5856,2.55645,2.62248
5859,2.5548,2.62079
5862,2.55315,2.61909
5865,2.5515,2.6174
5868,2.54986,2.61572
5871,2.54822,2.61403
5874,2.54658,2.61235
5877,2.54495,2.61068
5880,2.54332,2.60901
5883,2.54169,2.60734
5886,2.54007,2.60568
5889,2.53845,2.60402
5892,2.53684,2.60236
5895,2.53523,2.60071
5898,2.53362,2.59906
5901,2.53202,2.59741
5904,2.53042,2.59577
5907,2.52882,2.59414
5910,2.52723,2.5925
5913,2.52564,2.59087
5916,2.52405,2.58924
5919,2.52247,2.58762
5922,2.52089,2.586
5925,2.51932,2.58439
5928,2.51774,2.58277
5931,2.51618,2.58117
5934,2.51461,2.57956
5937,2.51305,2.57796
5940,2.51149,2.57636
5943,2.50994,2.57477
5946,2.50839,2.57318
5949,2.50684,2.57159
5952,2.5053,2.57
5955,2.50375,2.56842
5958,2.50222,2.56685
5961,2.50068,2.56527
5964,2.49915,2.5637
5967,2.49763,2.56213
5970,2.4961,2.56057
5973,2.49458,2.55901
5976,2.49306,2.55745
5979,2.49155,2.5559
5982,2.49004,2.55435
5985,2.48853,2.5528
5988,2.48702,2.55126
5991,2.48552,2.54972
5994,2.48403,2.54818
5997,2.48253,2.54665
6000,2.48104,2.54512
6003,2.47955,2.54359
6006,2.47806,2.54207
6009,2.47658,2.54055
6012,2.4751,2.53903
6015,2.47363,2.53752
6018,2.47215,2.536
6021,2.47068,2.5345
6024,2.46922,2.53299
6027,2.46775,2.53149
6030,2.46629,2.52999
6033,2.46483,2.5285
6036,2.46338,2.527
6039,2.46193,2.52551
6042,2.46048,2.52403
6045,2.45903,2.52254
6048,2.45759,2.52106
6051,2.45615,2.51959
6054,2.45471,2.51811
6057,2.45328,2.51664
6060,2.45184,2.51517
6063,2.45041,2.51371
6066,2.44899,2.51224
6069,2.44757,2.51078
6072,2.44615,2.50933
6075,2.44473,2.50787
6078,2.44331,2.50642
6081,2.4419,2.50497
6084,2.44049,2.50353
6087,2.43909,2.50208
6090,2.43768,2.50064
6093,2.43628,2.49921
6096,2.43488,2.49777
6099,2.43349,2.49634
6102,2.4321,2.49491
6105,2.43071,2.49349
6108,2.42932,2.49206
6111,2.42793,2.49064
6114,2.42655,2.48923
6117,2.42517,2.48781
6120,2.4238,2.4864
6123,2.42242,2.48499
6126,2.42105,2.48358
6129,2.41968,2.48218
6132,2.41831,2.48077
6135,2.41695,2.47937
6138,2.41559,2.47798
6141,2.41423,2.47658
6144,2.41287,2.47519
6147,2.41152,2.4738
6150,2.41016,2.47242
6153,2.40882,2.47103
6156,2.40747,2.46965
6159,2.40612,2.46827
6162,2.40478,2.46689
6165,2.40344,2.46552
6168,2.4021,2.46415
6171,2.40077,2.46278
6174,2.39944,2.46141
6177,2.39811,2.46004
6180,2.39678,2.45868
6183,2.39545,2.45732
6186,2.39413,2.45596
6189,2.39281,2.45461
6192,2.39149,2.45325
6195,2.39017,2.4519
6198,2.38885,2.45055
6201,2.38754,2.44921
6204,2.38623,2.44786
6207,2.38492,2.44652
6210,2.38362,2.44518
6213,2.38231,2.44384
6216,2.38101,2.44251
6219,2.37971,2.44118
6222,2.37841,2.43984
6225,2.37712,2.43852
6228,2.37583,2.43719
6231,2.37453,2.43586
6234,2.37324,2.43454
6237,2.37196,2.43322
6240,2.37067,2.4319
6243,2.36939,2.43059
6246,2.36811,2.42927
6249,2.36683,2.42796
6252,2.36555,2.42665
6255,2.36427,2.42534
6258,2.363,2.42403
6261,2.36173,2.42273
6264,2.36046,2.42143
6267,2.35919,2.42013
6270,2.35793,2.41883
6273,2.35666,2.41753
6276,2.3554,2.41623
6279,2.35414,2.41494
6282,2.35288,2.41365
6285,2.35162,2.41236
6288,2.35037,2.41107
6291,2.34911,2.40979
6294,2.34786,2.4085
6297,2.34661,2.40722
6300,2.34536,2.40594
6303,2.34412,2.40466
6306,2.34287,2.40339
6309,2.34163,2.40211
6312,2.34039,2.40084
6315,2.33915,2.39956
6318,2.33791,2.39829
6321,2.33667,2.39703
6324,2.33544,2.39576
6327,2.33421,2.39449
6330,2.33297,2.39323
6333,2.33174,2.39197
6336,2.33051,2.39071
6339,2.32929,2.38945
6342,2.32806,2.38819
6345,2.32684,2.38694
6348,2.32562,2.38568
6351,2.32439,2.38443
6354,2.32318,2.38318
6357,2.32196,2.38193
6360,2.32074,2.38068
6363,2.31953,2.37943
6366,2.31831,2.37819
6369,2.3171,2.37695
6372,2.31589,2.3757
6375,2.31468,2.37446
6378,2.31347,2.37322
6381,2.31226,2.37199
6384,2.31106,2.37075
6387,2.30985,2.36951
6390,2.30865,2.36828
6393,2.30745,2.36705
6396,2.30625,2.36581
6399,2.30505,2.36458
6402,2.30385,2.36336
6405,2.30265,2.36213
6408,2.30146,2.3609
6411,2.30027,2.35968
6414,2.29907,2.35845
6417,2.29788,2.35723
6420,2.29669,2.35601
6423,2.2955,2.35479
6426,2.29431,2.35357
6429,2.29313,2.35235
6432,2.29194,2.35114
6435,2.29076,2.34992
6438,2.28957,2.34871
6441,2.28839,2.34749
6444,2.28721,2.34628
6447,2.28603,2.34507
6450,2.28485,2.34386
6453,2.28367,2.34265
6456,2.28249,2.34144
6459,2.28132,2.34024
6462,2.28014,2.33903
6465,2.27897,2.33783
6468,2.27779,2.33662
6471,2.27662,2.33542
6474,2.27545,2.33422
6477,2.27428,2.33302
6480,2.27311,2.33182
6483,2.27194,2.33062
6486,2.27077,2.32942
6489,2.26961,2.32823
6492,2.26844,2.32703
6495,2.26727,2.32583
6498,2.26611,2.32464
6501,2.26495,2.32345
6504,2.26378,2.32225
6507,2.26262,2.32106
6510,2.26146,2.31987
6513,2.2603,2.31868
6516,2.25914,2.31749
6519,2.25798,2.3163
6522,2.25683,2.31512
6525,2.25567,2.31393
6528,2.25451,2.31274
6531,2.25336,2.31156
6534,2.2522,2.31037
6537,2.25105,2.30919
6540,2.24989,2.308
6543,2.24874,2.30682
6546,2.24759,2.30564
6549,2.24644,2.30446
6552,2.24529,2.30328
6555,2.24414,2.3021
6558,2.24299,2.30092
6561,2.24184,2.29974
6564,2.24069,2.29856
6567,2.23954,2.29738
6570,2.23839,2.29621
6573,2.23725,2.29503
6576,2.2361,2.29386
6579,2.23496,2.29268
6582,2.23381,2.29151
6585,2.23267,2.29033
6588,2.23152,2.28916
6591,2.23038,2.28799
6594,2.22924,2.28681
6597,2.22809,2.28564
6600,2.22695,2.28447
6603,2.22581,2.2833
6606,2.22467,2.28213
6609,2.22353,2.28096
6612,2.22239,2.27979
6615,2.22125,2.27862
6618,2.22011,2.27745
6621,2.21897,2.27628
6624,2.21783,2.27511
6627,2.21669,2.27395
6630,2.21555,2.27278
6633,2.21442,2.27161
6636,2.21328,2.27044
6639,2.21214,2.26928
6642,2.21101,2.26811
6645,2.20987,2.26695
6648,2.20873,2.26578
6651,2.2076,2.26462
6654,2.20646,2.26345
6657,2.20533,2.26229
6660,2.20419,2.26112
6663,2.20306,2.25996
6666,2.20192,2.2588
6669,2.20079,2.25763
6672,2.19966,2.25647
6675,2.19852,2.25531
6678,2.19739,2.25414
6681,2.19626,2.25298
6684,2.19512,2.25182
6687,2.19399,2.25066
6690,2.19286,2.24949
6693,2.19172,2.24833
6696,2.19059,2.24717
6699,2.18946,2.24601
6702,2.18833,2.24485
6705,2.1872,2.24369
6708,2.18606,2.24253
6711,2.18493,2.24137
6714,2.1838,2.2402
6717,2.18267,2.23904
6720,2.18154,2.23788
6723,2.18041,2.23672
6726,2.17927,2.23556
6729,2.17814,2.2344
6732,2.17701,2.23324
6735,2.17588,2.23208
6738,2.17475,2.23092
6741,2.17362,2.22976
6744,2.17249,2.2286
6747,2.17136,2.22744
6750,2.17022,2.22628
6753,2.16909,2.22512
6756,2.16796,2.22396
6759,2.16683,2.2228
6762,2.1657,2.22164
6765,2.16457,2.22048
6768,2.16344,2.21931
6771,2.1623,2.21815
6774,2.16117,2.21699
6777,2.16004,2.21583
6780,2.15891,2.21467
6783,2.15778,2.21351
6786,2.15665,2.21235
6789,2.15551,2.21119
6792,2.15438,2.21003
6795,2.15325,2.20886
6798,2.15212,2.2077
6801,2.15098,2.20654
6804,2.14985,2.20538
6807,2.14872,2.20422
6810,2.14759,2.20305
6813,2.14645,2.20189
6816,2.14532,2.20073
6819,2.14419,2.19957
6822,2.14305,2.1984
6825,2.14192,2.19724
6828,2.14078,2.19608
6831,2.13965,2.19491
6834,2.13851,2.19375
6837,2.13738,2.19258
6840,2.13624,2.19142
6843,2.13511,2.19026
6846,2.13397,2.18909
6849,2.13284,2.18793
6852,2.1317,2.18676
6855,2.13057,2.18559
6858,2.12943,2.18443
6861,2.12829,2.18326
6864,2.12715,2.1821
6867,2.12602,2.18093
6870,2.12488,2.17976
6873,2.12374,2.17859
6876,2.1226,2.17743
6879,2.12146,2.17626
6882,2.12032,2.17509
6885,2.11918,2.17392
6888,2.11805,2.17275
6891,2.1169,2.17158
6894,2.11576,2.17041
6897,2.11462,2.16924
6900,2.11348,2.16807
6903,2.11234,2.1669
6906,2.1112,2.16573
6909,2.11006,2.16456
6912,2.10891,2.16338
6915,2.10777,2.16221
6918,2.10663,2.16104
6921,2.10548,2.15986
6924,2.10434,2.15869
6927,2.10319,2.15752
6930,2.10205,2.15634
6933,2.1009,2.15517
6936,2.09976,2.15399
6939,2.09861,2.15281
6942,2.09746,2.15164
6945,2.09632,2.15046
6948,2.09517,2.14928
6951,2.09402,2.1481
6954,2.09287,2.14693
6957,2.09172,2.14575
6960,2.09057,2.14457
6963,2.08942,2.14339
6966,2.08827,2.14221
6969,2.08712,2.14103
6972,2.08597,2.13984
6975,2.08482,2.13866
6978,2.08366,2.13748
6981,2.08251,2.1363
6984,2.08136,2.13511
6987,2.0802,2.13393
6990,2.07905,2.13275
6993,2.07789,2.13156
6996,2.07674,2.13037
6999,2.07558,2.12919
7002,2.07442,2.128
7005,2.07327,2.12681
7008,2.07211,2.12563
7011,2.07095,2.12444
7014,2.06979,2.12325
7017,2.06863,2.12206
7020,2.06747,2.12087
7023,2.06631,2.11968
7026,2.06515,2.11849
7029,2.06399,2.11729
7032,2.06282,2.1161
7035,2.06166,2.11491
7038,2.0605,2.11372
7041,2.05933,2.11252
7044,2.05817,2.11133
7047,2.057,2.11013
7050,2.05584,2.10893
7053,2.05467,2.10774
7056,2.0535,2.10654
7059,2.05233,2.10534
7062,2.05116,2.10414
7065,2.05,2.10294
7068,2.04883,2.10174
7071,2.04766,2.10054
7074,2.04648,2.09934
7077,2.04531,2.09814
7080,2.04414,2.09694
7083,2.04297,2.09573
7086,2.04179,2.09453
7089,2.04062,2.09333
7092,2.03944,2.09212
7095,2.03827,2.09091
7098,2.03709,2.08971
7101,2.03592,2.0885
7104,2.03474,2.08729
7107,2.03356,2.08608
7110,2.03238,2.08487
7113,2.0312,2.08366
7116,2.03002,2.08245
7119,2.02884,2.08124
7122,2.02766,2.08003
7125,2.02648,2.07882
7128,2.02529,2.0776
7131,2.02411,2.07639
7134,2.02293,2.07518
7137,2.02174,2.07396
7140,2.02056,2.07274
7143,2.01937,2.07153
7146,2.01818,2.07031
7149,2.017,2.06909
7152,2.01581,2.06787
7155,2.01462,2.06665
7158,2.01343,2.06543
7161,2.01224,2.06421
7164,2.01105,2.06299
7167,2.00985,2.06177
7170,2.00866,2.06054
7173,2.00747,2.05932
7176,2.00627,2.05809
7179,2.00508,2.05687
7182,2.00388,2.05564
7185,2.00269,2.05441
7188,2.00149,2.05319
7191,2.00029,2.05196
7194,1.9991,2.05073
7197,1.9979,2.0495
7200,1.9967,2.04827
7203,1.9955,2.04704
7206,1.9943,2.0458
7209,1.99309,2.04457
7212,1.99189,2.04334
7215,1.99069,2.0421
7218,1.98948,2.04087
7221,1.98828,2.03963
7224,1.98707,2.0384
7227,1.98587,2.03716
7230,1.98466,2.03592
7233,1.98345,2.03468
7236,1.98224,2.03344
7239,1.98103,2.0322
7242,1.97982,2.03096
7245,1.97861,2.02972
7248,1.9774,2.02848
7251,1.97619,2.02723
7254,1.97498,2.02599
7257,1.97376,2.02474
7260,1.97255,2.0235
7263,1.97133,2.02225
7266,1.97012,2.021
7269,1.9689,2.01976
7272,1.96769,2.01851
7275,1.96647,2.01726
7278,1.96525,2.01601
7281,1.96403,2.01476
7284,1.96281,2.0135
7287,1.96159,2.01225
7290,1.96037,2.011
7293,1.95914,2.00975
7296,1.95792,2.00849
7299,1.9567,2.00723
7302,1.95547,2.00598
7305,1.95425,2.00472
7308,1.95302,2.00346
7311,1.95179,2.00221
7314,1.95057,2.00095
7317,1.94934,1.99969
7320,1.94811,1.99843
7323,1.94688,1.99716
7326,1.94565,1.9959
7329,1.94442,1.99464
7332,1.94319,1.99337
7335,1.94195,1.99211
7338,1.94072,1.99084
7341,1.93949,1.98958
7344,1.93825,1.98831
7347,1.93701,1.98704
7350,1.93578,1.98578
7353,1.93454,1.98451
7356,1.9333,1.98324
7359,1.93206,1.98197
7362,1.93083,1.9807
7365,1.92959,1.97942
7368,1.92835,1.97815
7371,1.9271,1.97688
7374,1.92586,1.9756
7377,1.92462,1.97433
7380,1.92338,1.97305
7383,1.92213,1.97178
7386,1.92089,1.9705
7389,1.91964,1.96922
7392,1.91839,1.96794
7395,1.91715,1.96666
7398,1.9159,1.96538
7401,1.91465,1.9641
7404,1.9134,1.96282
7407,1.91215,1.96154
7410,1.9109,1.96026
7413,1.90965,1.95897
7416,1.9084,1.95769
7419,1.90714,1.9564
7422,1.90589,1.95512
7425,1.90464,1.95383
7428,1.90338,1.95254
7431,1.90213,1.95126
7434,1.90087,1.94997
7437,1.89961,1.94868
7440,1.89836,1.94739
7443,1.8971,1.9461
7446,1.89584,1.94481
7449,1.89458,1.94351
7452,1.89332,1.94222
7455,1.89206,1.94093
7458,1.8908,1.93963
7461,1.88954,1.93834
7464,1.88827,1.93704
7467,1.88701,1.93575
7470,1.88574,1.93445
7473,1.88448,1.93315
7476,1.88321,1.93185
7479,1.88195,1.93056
7482,1.88068,1.92926
7485,1.87941,1.92796
7488,1.87815,1.92666
7491,1.87688,1.92535
7494,1.87561,1.92405
7497,1.87434,1.92275
7500,1.87307,1.92145
7503,1.8718,1.92014
7506,1.87052,1.91884
7509,1.86925,1.91753
7512,1.86798,1.91623
7515,1.86671,1.91492
7518,1.86543,1.91361
7521,1.86416,1.9123
7524,1.86288,1.911
7527,1.8616,1.90969
7530,1.86033,1.90838
7533,1.85905,1.90707
7536,1.85777,1.90576
7539,1.85649,1.90444
7542,1.85521,1.90313
7545,1.85393,1.90182
7548,1.85265,1.90051
7551,1.85137,1.89919
7554,1.85009,1.89788
7557,1.84881,1.89656
7560,1.84753,1.89525
7563,1.84624,1.89393
7566,1.84496,1.89261
7569,1.84368,1.8913
7572,1.84239,1.88998
7575,1.84111,1.88866
7578,1.83982,1.88734
7581,1.83853,1.88602
7584,1.83725,1.8847
7587,1.83596,1.88338
7590,1.83467,1.88206
7593,1.83338,1.88074
7596,1.83209,1.87941
7599,1.8308,1.87809
7602,1.82951,1.87677
7605,1.82822,1.87544
7608,1.82693,1.87412
7611,1.82564,1.87279
7614,1.82435,1.87147
7617,1.82306,1.87014
7620,1.82176,1.86882
7623,1.82047,1.86749
7626,1.81918,1.86616
7629,1.81788,1.86483
7632,1.81659,1.86351
7635,1.81529,1.86218
7638,1.814,1.86085
7641,1.8127,1.85952
7644,1.8114,1.85819
7647,1.8101,1.85686
7650,1.80881,1.85553
7653,1.80751,1.85419
7656,1.80621,1.85286
7659,1.80491,1.85153
7662,1.80361,1.8502
7665,1.80231,1.84886
7668,1.80101,1.84753
7671,1.79971,1.84619
7674,1.79841,1.84486
7677,1.79711,1.84352
7680,1.79581,1.84219
7683,1.7945,1.84085
7686,1.7932,1.83952
7689,1.7919,1.83818
7692,1.7906,1.83684
7695,1.78929,1.83551
7698,1.78799,1.83417
7701,1.78668,1.83283
7704,1.78538,1.83149
7707,1.78407,1.83015
7710,1.78277,1.82881
7713,1.78146,1.82747
7716,1.78015,1.82613
7719,1.77885,1.82479
7722,1.77754,1.82345
7725,1.77623,1.82211
7728,1.77493,1.82077
7731,1.77362,1.81943
7734,1.77231,1.81809
7737,1.771,1.81674
7740,1.76969,1.8154
7743,1.76838,1.81406
7746,1.76707,1.81272
7749,1.76576,1.81137
7752,1.76445,1.81003
7755,1.76314,1.80868
7758,1.76183,1.80734
7761,1.76052,1.806
7764,1.75921,1.80465
7767,1.7579,1.80331
7770,1.75659,1.80196
7773,1.75528,1.80061
7776,1.75397,1.79927
7779,1.75265,1.79792
7782,1.75134,1.79658
7785,1.75003,1.79523
7788,1.74872,1.79388
7791,1.7474,1.79254
7794,1.74609,1.79119
7797,1.74478,1.78984
7800,1.74346,1.78849
7803,1.74215,1.78715
7806,1.74084,1.7858
7809,1.73952,1.78445
7812,1.73821,1.7831
7815,1.73689,1.78176
7818,1.73558,1.78041
7821,1.73426,1.77906
7824,1.73295,1.77771
7827,1.73164,1.77636
7830,1.73032,1.77501
7833,1.72901,1.77366
7836,1.72769,1.77231
7839,1.72637,1.77096
7842,1.72506,1.76961
7845,1.72374,1.76827
7848,1.72243,1.76692
7851,1.72111,1.76557
7854,1.7198,1.76422
7857,1.71848,1.76287
7860,1.71717,1.76152
7863,1.71585,1.76017
7866,1.71453,1.75882
7869,1.71322,1.75747
7872,1.7119,1.75612
7875,1.71059,1.75477
7878,1.70927,1.75342
7881,1.70795,1.75207
7884,1.70664,1.75072
7887,1.70532,1.74937
7890,1.70401,1.74802
7893,1.70269,1.74667
7896,1.70137,1.74532
7899,1.70006,1.74397
7902,1.69874,1.74262
7905,1.69743,1.74127
7908,1.69611,1.73992
7911,1.69479,1.73857
7914,1.69348,1.73722
7917,1.69216,1.73587
7920,1.69085,1.73452
7923,1.68953,1.73317
7926,1.68822,1.73182
7929,1.6869,1.73047
7932,1.68559,1.72912
7935,1.68427,1.72777
7938,1.68296,1.72642
7941,1.68164,1.72507
7944,1.68033,1.72373
7947,1.67901,1.72238
7950,1.6777,1.72103
7953,1.67638,1.71968
7956,1.67507,1.71833
7959,1.67375,1.71699
7962,1.67244,1.71564
7965,1.67113,1.71429
7968,1.66981,1.71294
7971,1.6685,1.7116
7974,1.66719,1.71025
7977,1.66587,1.7089
7980,1.66456,1.70756
7983,1.66325,1.70621
7986,1.66194,1.70486
7989,1.66063,1.70352
7992,1.65931,1.70217
7995,1.658,1.70083
7998,1.65669,1.69948
8001,1.65538,1.69814
