name,e_bv_sfd,spectofiber
rs0215,0.0306066,0.7878341
rs0246,0.04926324,0.7267429
rs0263,0.04850799,0.7709081
rs1335,0.04003169,0.7523054
rs0824,0.02817304,0.7133646
rs0977,0.03158809,0.8638167
rs1028,0.02558963,0.7688382
rs1079,0.02906226,0.7510273
rs1282,0.04561535,0.7349825
rs0773,0.02972285,0.6982655
rf0502,0.03618175,0.8073071
rf0032,0.02298801,0.7565306
rf0049,0.02043817,0.8039131
rf0100,0.03019829,0.7560093
rf0182,0.04685904,0.7749467
rf0199,0.02956405,0.8343804
rf0233,0.03899645,0.7769767
rf0250,0.03773655,0.7308856
rf0301,0.02552364,0.7478531
rf0348,0.02323841,0.7373612
rf0382,0.03404251,0.6936647
rf0706,0.04015764,0.7219915
rf0399,0.05334581,0.8333246
rs0010,0.05358292,0.9637069
rs0058,0.05225264,0.7506518
rs0314,0.04773711,0.8083256
rs0437,0.05801941,0.7429365
rs0420,0.05667801,0.8024411
rs0571,0.02395805,0.7336406
rs0674,0.02231113,0.7606319
rs0623,0.01994974,0.7424846
rs0726,0.02727505,0.7653343
rs0721,0.02140923,0.8290358
rs0691,0.02098726,0.7502463
rs0876,0.019072,0.7712932
rs0842,0.02813991,0.7689101
rs0893,0.01718181,0.7503358
rs0930,0.03302555,0.782625
rs1404,0.03143713,0.7318118
rs0041,0.05546711,0.8434383
rs0111,0.05144537,0.8003956
rf0433,0.04673463,0.8186893
rf0147,0.03377226,0.8523377
rs0640,0.02331755,0.7640448
rs1353,0.03323604,0.7416484
rs1045,0.02888116,0.80467
rs1147,0.02483334,0.725745
rs1228,0.02400103,0.733301
rs1198,0.02617199,0.6726331
rs1245,0.02332413,0.8231379
rf0760,0.05545375,1.243092
rf0655,0.02695872,0.7164551
rf0553,0.0418556,0.6896849
rf0130,0.02704548,0.6976666
rf0583,0.03535607,0.7326463
rf0601,0.02945796,0.7850717
rf0637,0.02268885,0.8156864
rs1299,0.04474986,0.8207135
rs0145,0.07715194,0.7329864
rs0213,0.03415391,0.8039399
rs0435,0.042856,0.7380585
rs0503,0.02913444,0.7476915
rs0758,0.0289531,0.6657497
rs0840,0.02306035,0.8133026
rf0758,0.07946607,0.7989828
rf0453,0.04679034,0.7996697
rf0466,0.04070291,0.7746763
rf0030,0.02835625,0.757828
rf0064,0.04024522,0.8261954
rf0098,0.03025174,0.783532
rf0167,0.03258236,0.7818171
rf0201,0.03177463,0.7899276
rf0248,0.03413338,0.8915815
rf0640,0.03045922,0.774621
rf0316,0.03106881,0.7277135
rf0384,0.03927183,0.7705874
rf0418,0.06855258,0.7752104
rs0025,0.03158895,0.785919
rs0096,0.06895817,0.7537258
rs0282,0.03383177,0.7630169
rs0316,0.0377513,0.7713885
rs0469,0.03517196,0.7775247
rs0537,0.02393034,0.780742
rs0573,0.01850057,0.7258292
rs0655,0.02256648,0.7624237
rs0608,0.01938528,0.7414878
rs0689,0.02792168,0.7596192
rs0724,0.02410793,0.7354049
rs0827,0.0244122,0.7627007
rs0908,0.01799947,0.7520971
rs0945,0.0231941,0.7737948
rs1047,0.02702601,0.7048709
rs1081,0.03044689,0.7803062
rs1196,0.02810021,0.7263001
rs1162,0.02653154,0.7596291
rs1230,0.03106039,0.77665
rs1385,0.0345647,0.7157922
rs1314,0.04912622,0.7437425
rs0060,0.03979002,0.7231147
rs0131,0.04136645,0.768526
rs0179,0.0230324,0.8068193
rs0366,0.05388088,0.7554501
rs0351,0.03832559,0.7333089
rs1265,0.03288222,0.8048028
rf0568,0.05025301,0.7292402
rf0132,0.02627655,0.8365118
rs0401,0.04530055,0.7802184
rs0621,0.02072559,0.7573444
rs0979,0.02880909,0.7664282
rs1351,0.02913094,0.7702904
rs1094,0.02923481,0.7571003
rs1128,0.02760954,0.7671185
rf0674,0.02614442,0.7631725
rf0534,0.02853001,0.7387584
rf0500,0.0294297,0.7715099
rf0793,0.03797383,0.676178
rf0603,0.03698593,0.7712037
rf0282,0.03326663,0.7458416
rf0721,0.06137905,0.8451216
rs1301,0.0458012,0.805626
rs0185,0.03264917,0.8019868
rs0490,0.02813076,0.7198501
rs0497,0.02597377,0.6255369
rs0794,0.02559397,0.6425113
rs0881,0.01777014,0.758678
rs0895,0.01711978,0.7817349
rs0888,0.01719673,0.7257561
rs1091,0.02504859,0.7505181
rs1177,0.02883513,0.7951358
rs1280,0.04167506,0.8013784
rf0488,0.02640302,0.786404
rf0796,0.03456729,0.7237795
rf0086,0.038545,0.7431227
rf0093,0.03458792,0.7300181
rf0079,0.03555328,0.780237
rf0194,0.03470661,0.8115649
rf0187,0.03764404,0.7378069
rf0180,0.02965423,0.7627901
rf0280,0.0303455,0.7914457
rf0294,0.0266854,0.7725264
rf0387,0.03356247,0.7779981
rf0394,0.03955253,0.802826
rs0083,0.07408559,0.7981751
rs0090,0.03961701,0.6991669
rs0097,0.05335132,0.7047389
rs0192,0.03107938,0.8440635
rs0599,0.02824187,0.6825128
rs0592,0.02194133,0.7804552
rs0585,0.02625771,0.7278557
rs0693,0.02569387,0.7252442
rs0679,0.02661419,0.7353227
rs0984,0.02821255,0.780897
rs0991,0.03082835,0.8001241
rs0998,0.02938732,0.7290474
rs1084,0.02616202,0.7315481
rs1397,0.03384306,0.697427
rs1383,0.03268464,0.7339489
rs1390,0.02618269,0.7763278
rs0178,0.02216049,0.7188535
rs0279,0.02240295,0.7720679
rs0396,0.06169182,0.7733448
rs0389,0.06118376,0.8027205
rs0382,0.06805007,0.7435886
rs1294,0.05587759,0.7642065
rs1287,0.039925,0.76504
rf0474,0.03344903,0.7699091
rf0789,0.02909763,0.7870155
rf0574,0.05694042,0.6993381
rf0589,0.0305657,0.8847097
rf0287,0.02966623,0.8235098
rs1098,0.03028207,0.7806199
rs1191,0.02700821,0.6846256
rs1184,0.02709551,0.6271219
rf0692,0.02345429,0.7241355
rf0581,0.03084841,0.7410375
rf0782,0.03153257,0.7545283
rf0685,0.02415097,0.7398078
rf0678,0.0234376,0.7629281
rs0119,0.1106967,0.8409821
rs0171,0.02442071,0.7903045
rs0258,0.05036379,0.778593
rs0272,0.04204615,0.816898
rs0411,0.04714838,0.7146237
rs0766,0.02663393,0.6456576
rs0801,0.02283354,0.7309517
rs1070,0.02818856,0.7037018
rf0768,0.03322442,0.7715358
rf0495,0.03974928,0.7486278
rf0007,0.03746816,0.7912671
rf0021,0.0227593,0.7353734
rf0058,0.02106624,0.812668
rf0107,0.0274342,0.8026725
rf0158,0.0373502,0.7357485
rf0208,0.0272972,0.8092027
rf0173,0.03187314,0.747012
rf0612,0.02608524,0.7765455
rf0373,0.02591794,0.8196809
rf0408,0.07278956,0.8617601
rs0068,0.06515604,0.7566212
rs0206,0.03755856,0.875179
rs0220,0.02595975,0.7468143
rs0476,0.03293169,0.8123682
rs0511,0.02275706,0.7278453
rs0578,0.02849464,0.7608827
rs0614,0.02507979,0.7182817
rs0714,0.02176394,0.7428324
rs0665,0.02617461,0.7734598
rs0700,0.02549262,0.7866562
rs0867,0.02312606,0.7635474
rs0916,0.02572812,0.7677599
rs0970,0.02410232,0.7706938
rs1056,0.02302299,0.7511048
rs1119,0.02578929,0.7204716
rs1376,0.03183157,0.6902609
rs1219,0.02553722,0.7266195
rs1257,0.02973026,0.7600485
rs1271,0.0312379,0.7898229
rs0015,0.04875546,0.7129205
rs0104,0.03138642,0.7448824
rs0157,0.04181224,0.8432769
rs0361,0.05157811,0.745102
rf0460,0.04532301,0.7466257
rf0072,0.02758024,0.7182266
rf0259,0.03143668,0.9492506
rf0308,0.02590143,0.8136378
rf0713,0.03824146,0.8110525
rs0564,0.02168246,0.8550162
rs1005,0.03682632,0.756837
rs1156,0.03103283,0.7397953
rs1411,0.02831193,0.6813272
rs1105,0.03167995,0.7464576
rs1362,0.02568462,0.6539961
rs1170,0.03022701,0.6696257
rs1205,0.02483046,0.7304552
rs1462,0.02732262,0.7766926
rf0273,0.02880821,0.8645537
rf0596,0.03347252,0.7559351
rf0560,0.03874387,0.7476069
rf0664,0.03778227,0.7735115
rf0699,0.02372331,0.7842476
rs1308,0.05198464,0.7742422
rs0815,0.01856811,0.8366172
rs0137,0.141849,0.7293477
rs0239,0.04653655,0.7589329
rs0393,0.03587026,0.8148049
rs0444,0.03776503,0.7498074
rs0595,0.02442608,0.6897139
rs0633,0.01837718,0.7194094
rs0696,0.0176754,0.7432939
rs0783,0.02454032,0.771587
rs0834,0.02589689,0.6861936
rs0849,0.02246508,0.7081964
rs1137,0.02630538,0.7803697
rs1187,0.02852307,0.7755092
rf0478,0.03140995,0.8923258
rf0786,0.0275126,0.7166671
rf0528,0.02245608,0.7127044
rf0541,0.01949799,0.6983333
rf0089,0.04128598,0.8983742
rf0139,0.03162529,0.7408391
rf0125,0.03143513,0.739701
rf0176,0.03128561,0.7896077
rf0226,0.02188135,0.8645471
rf0241,0.02420895,0.7298684
rf0276,0.03267398,0.8586237
rf0291,0.02640122,0.7908406
rf0341,0.02448885,0.8083928
rf0377,0.02269579,0.732968
rf0390,0.0302237,0.7799436
rf0391,0.03114957,0.8423222
rs0034,0.0320529,0.8992988
rs0087,0.03837229,0.6324732
rs1326,0.04893921,0.9441042
rs0289,0.03772893,0.7735721
rs0326,0.04798239,0.7361392
rs0545,0.02320667,0.7709589
rs0682,0.02130985,0.7703417
rs0733,0.02777973,0.7373631
rs0683,0.0258599,0.7727714
rs0798,0.0204921,0.7514235
rs1343,0.02029329,0.7512912
rs0988,0.02658904,0.7387474
rs1038,0.02685732,0.6988843
rs1088,0.02316548,0.729237
rs1379,0.02820889,0.7624289
rs1276,0.03316105,0.7571986
rs0138,0.03773074,0.7483272
rs0188,0.0188771,0.7984242
rs0275,0.03082763,0.7727852
rs0378,0.05129836,0.812612
rf0440,0.0993486,1.04E+08
rf0646,0.0293893,0.8006273
rf0800,0.032699,0.8175268
rf0696,0.02563659,0.8331121
rs0429,0.05348903,0.7643595
rs0494,0.02301538,0.7603883
rs0543,0.01776577,0.7936823
rs0582,0.02591661,0.8463929
rs0899,0.03630485,0.6432886
rs0952,0.0334151,0.770712
rs1087,0.03056561,0.743754
rs1223,0.02312544,0.8487343
rs1394,0.03139887,0.7293379
rf0630,0.0278967,0.7168555
rf0039,0.02143567,0.7095683
rf0527,0.02372696,0.7889687
rf0491,0.02680038,0.7136905
rf0427,0.1045673,0.7231628
rf0748,0.05643017,0.8074932
rf0577,0.02246701,0.747485
rf0681,0.02229862,0.7739126
rs0200,0.03868143,0.807704
rs0586,0.02037398,0.5971594
rs0745,0.03106342,0.5913883
rs0779,0.03237963,0.6973088
rs0887,0.01879108,0.7073574
rs1398,0.0328288,0.8092535
rf0431,0.08109299,0.7856034
rf0487,0.02596685,0.7707154
rf0017,0.02533125,0.7327014
rf0051,0.02048522,0.7830587
rf0119,0.0537264,0.8154556
rf0085,0.04054899,0.7792879
rf0153,0.02895165,0.7340053
rf0222,0.02910834,0.7568198
rf0188,0.03765842,0.7639006
rf0261,0.03250762,0.8896167
rf0295,0.02676154,0.7453756
rf0363,0.02807388,0.7124475
rf0397,0.04924958,0.7610044
rs0039,0.03301315,0.7792717
rs0074,0.098781,0.7015499
rs1322,0.0730046,0.7904849
rs0166,0.0381638,0.7906913
rs1329,0.0658228,0.7816634
rs0269,0.03723352,0.6407844
rs0303,0.03355336,0.8130544
rs0379,0.0403543,0.7352507
rs0448,0.03574025,0.7783288
rs0482,0.02723881,0.9391882
rs0516,0.03170944,0.8103225
rs0642,0.02447217,0.7397874
rs0710,0.02784093,0.7865946
rs0676,0.02701284,0.7153586
rs0813,0.01990568,0.8078594
rs0853,0.02373968,0.8205011
rs0921,0.03170644,0.7628797
rs0958,0.02838968,0.8124712
rs1026,0.02600089,0.7080938
rs1149,0.02333618,0.8022038
rs1115,0.02405622,0.8034902
rs1217,0.02377221,0.7130617
rs0109,0.03922066,0.7423867
rs0374,0.05736417,0.7420019
rs1288,0.04506456,0.7552773
rs1293,0.05362903,0.8228284
rf0772,0.03506123,0.8628502
rf0555,0.03379488,0.7722959
rf0227,0.02810551,0.7678911
rs1060,0.02923693,0.7327452
rs1183,0.03077595,0.6529896
rs1364,0.02621458,0.7866512
rs1251,0.03123449,0.7245983
rf0700,0.02446396,1.035266
rf0695,0.02605439,0.7455696
rs0003,0.04934295,0.7390426
rf0590,0.0313636,0.7405404
rf0626,0.02670335,0.6601538
rf0736,0.06425029,0.7210758
rf0521,0.02706121,0.7687324
rf0661,0.03619523,0.8226869
rf0329,0.02828218,0.7166789
rs0759,0.0264625,0.8118597
rs0757,0.02882045,0.6576744
rs1063,0.02742181,0.7646128
rf0014,0.02505045,0.8021497
rf0065,0.02386081,0.8782023
rf0116,0.0259871,0.702427
rf0114,0.02587403,0.7227875
rf0164,0.03739096,0.8312619
rf0215,0.03296854,0.7437604
rf0217,0.03095821,0.7272582
rf0315,0.03287385,0.7431585
rf0317,0.0333295,0.7450622
rf0366,0.02329877,0.7575865
rf0417,0.09208784,0.7743791
rs0024,0.0312458,0.834614
rs1518,0.03150468,0.7490699
rs0044,0.03587579,0.7510125
rs1317,0.05536517,0.7571086
rs0075,0.0899477,0.753298
rs1418,0.0991558,0.7265565
rs0148,0.08489909,0.8756211
rs0331,0.04475138,0.7706658
rs0350,0.04224458,0.7422428
rs0554,0.02127967,0.7585378
rs0656,0.02297287,0.7819186
rs0707,0.02220086,0.7385907
rs0658,0.02625968,0.756696
rs0808,0.02010713,0.7360857
rs0860,0.01636103,0.7761816
rs0858,0.0158143,0.8442404
rs1012,0.02594919,0.7687005
rs1112,0.03039332,0.7909198
rs1114,0.02809731,0.785848
rs1163,0.02692641,0.7617812
rs1369,0.0269285,0.7311684
rs1262,0.04448361,0.7784463
rs1264,0.03886751,0.7620701
rs1315,0.04350787,0.7704907
rs0128,0.0439453,0.7948087
rf0467,0.04805651,0.8438814
rf0016,0.02468334,0.8306249
rf0166,0.04362182,0.7558438
rf0266,0.02758403,0.7485243
rf0415,0.09178628,0.7965564
rs0404,0.05015966,0.7317375
rs0453,0.04761667,0.836647
rs0434,0.03935328,0.7326143
rs0909,0.02510836,0.7740228
rs0961,0.0276223,0.8424081
rs1014,0.02635403,0.7862214
rs1214,0.02401266,0.7516113
rs1212,0.02364948,0.6643238
rf0671,0.03073943,0.8680454
rf0621,0.03427811,0.7345303
rf0518,0.03061489,1.804736
rf0516,0.03079114,0.8653632
rf0775,0.02909541,0.6785318
rf0567,0.03022231,0.7833638
rf0641,0.02735411,0.773219
rf0743,0.06331462,0.7668705
rf0722,0.05491482,0.7413057
rs0165,0.05435506,0.8025415
rs0264,0.06381774,0.7236511
rs0266,0.04270675,0.7692738
rs0470,0.03116798,0.7382715
rs0519,0.0268513,0.5266013
rs0774,0.027824,0.6993576
rs1354,0.03044376,0.7517565
rf0759,0.087307,0.8531241
rf0503,0.02977672,0.7266229
rf0099,0.03536741,0.7609614
rf0080,0.04069239,0.7618096
rf0200,0.03442133,0.7454984
rf0181,0.04653152,0.8020124
rf0251,0.04586618,0.617126
rf0281,0.02869402,0.7383412
rf0300,0.02421155,0.8026146
rf0351,0.02502903,0.7210021
rf0402,0.06376443,0.726368
rf0400,0.05538215,0.726742
rs0006,0.03398873,0.9654385
rs0059,0.052549,1.158853
rs0062,0.06101825,0.7218562
rs0110,0.03555102,0.7004672
rs0163,0.05316447,0.7960806
rs0212,0.02997581,0.788616
rs0214,0.02930252,0.7849925
rs0315,0.0378072,0.7505468
rs0419,0.05070694,0.7083091
rs0468,0.03304562,0.8097745
rs0673,0.02691381,0.6978625
rs0722,0.0231134,0.7513897
rs0671,0.02953009,0.7627566
rs0875,0.02367352,0.7226816
rs0978,0.03906166,0.7592025
rs0997,0.02969087,0.7593407
rs1078,0.0282502,0.7123817
rs1178,0.02567987,0.7357118
rs1248,0.02995684,0.7644026
rs1384,0.02715428,0.7446885
rs1403,0.02843,0.8020216
rs0009,0.05262582,0.7896551
rs0313,0.02811301,0.8063156
rs0367,0.05569383,0.8242205
rs1281,0.0393181,0.72569
rf0452,0.06213088,0.8626722
rf0761,0.04166135,0.7988855
rf0501,0.03652849,0.8752874
rf0705,0.03985651,0.9029677
rf0707,0.02900844,0.8546787
rs0572,0.02223502,0.7385698
rs0570,0.02189394,0.7446403
rs0622,0.02040678,0.7805355
rs0894,0.02949541,0.7925716
rs1097,0.02764403,0.7799006
rs1197,0.02629593,0.08658897
rf0150,0.03731153,0.7030469
rf0552,0.02529133,1.028357
rf0605,0.03880555,0.7681086
rf0602,0.02798241,0.7060393
rf0656,0.0267086,0.7455531
rs1300,0.04512447,0.7568073
rs0823,0.01903652,0.7122192
rs0154,0.07703964,0.7249193
rs0204,0.03755813,0.7833593
rs0273,0.04204615,0.816898
rs0291,0.07659592,0.6970465
rs0547,0.02488812,0.8189478
rs0749,0.02845951,0.7943496
rs1341,0.02359395,0.7491759
rs0865,0.02233146,0.697027
rs0883,0.01958857,0.7520397
rs1153,0.02882893,0.7333301
rs1239,0.03448976,0.7321955
rf0475,0.04895288,0.7483428
rf0005,0.03110016,0.7473412
rf0055,0.02075409,0.7771314
rf0073,0.02777009,0.723904
rf0123,0.06220764,0.8343925
rf0192,0.03333989,0.8440167
rf0260,0.0358742,0.8465396
rf0307,0.03189575,0.7939947
rf0665,0.03545125,0.7522207
rf0375,0.02512611,0.7382151
rs0051,0.04412888,0.7585276
rs0070,0.03665598,0.847104
rs0222,0.04728455,0.7699642
rs0410,0.05311846,0.8163977
rs0460,0.04195451,0.7817206
rs0528,0.02298417,0.7306594
rs0598,0.02366165,0.7075806
rs0767,0.02626645,0.7758052
rs0698,0.02054042,0.7198194
rs0680,0.02920591,0.7663385
rs0817,0.01618638,0.4172703
rs1072,0.02338688,0.7176213
rs1360,0.02300207,0.8342172
rs1289,0.04978124,0.7936795
rs0122,0.04331729,0.7460148
rs0342,0.04288823,0.7706745
rs0339,0.04170852,0.7764568
rs1292,0.04831835,0.7242791
rf0444,0.09609737,0.768969
rf0784,0.02848468,0.8098149
rf0141,0.02876046,0.8013784
rf0257,0.03033543,0.8800637
rf0393,0.0340267,0.8263153
rs0630,0.02045126,0.7966778
rs1410,0.01642917,1.118171
rs0936,0.02756437,0.7651322
rs0954,0.02943198,0.7653013
rs1004,0.03063168,0.7996738
rs1171,0.02914572,0.7630799
rs1103,0.02671641,0.7539042
rs1221,0.02191762,0.7767553
rf0731,0.07181817,0.6717882
rf0662,0.03364857,0.8610041
rf0543,0.01925282,0.7261307
rf0614,0.03048676,0.8954561
rf0594,0.03238471,0.7498817
rf0802,0.03486344,0.7905622
rf0525,0.02344024,0.694575
rf0325,0.04002737,0.7542415
rs0814,0.01790681,0.7948096
rs0127,0.164127,0.7866709
rs0149,0.07100463,0.7982087
rs0228,0.03333005,0.7132377
rs0433,0.03908698,0.7374721
rs0548,0.02622033,0.8664367
rs0744,0.02941236,0.6982456
rs1339,0.03061044,0.7450959
rs0838,0.02699846,0.7478852
rs0845,0.02386459,0.7410941
rs1141,0.02382154,1.044975
rf0445,0.08054919,0.852444
rf0029,0.02864179,0.744476
rf0043,0.02216093,0.7746702
rf0143,0.02822921,0.8257356
rf0230,0.03629654,0.7608216
rf0244,0.03516891,0.7719879
rf0237,0.03552996,0.7802126
rf0344,0.0311201,0.7134303
rf0337,0.02451009,0.784563
rs0038,0.03380933,0.7607957
rs0030,0.02700528,0.734414
rs0141,0.05766585,0.769842
rs0243,0.06000317,0.7277173
rs0236,0.04489071,0.7506486
rs0330,0.04674941,0.7294383
rs0344,0.04666842,0.7329122
rs0447,0.04264703,0.7935141
rs0440,0.05553079,0.7408754
rs0643,0.02271857,0.7157021
rs0636,0.02519155,0.7345327
rs0934,0.02824828,0.774821
rs0948,0.02724514,0.7700089
rs1347,0.0285209,0.7745864
rs1041,0.02266521,0.6273037
rs1134,0.02231759,0.7527112
rs1234,0.03021053,0.7359616
rs0045,0.05101708,0.7709734
rs0134,0.04923418,0.7792077
rs0337,0.04302376,0.7920223
rf0437,0.08075517,0.7696559
rf0524,0.02433993,0.7741592
rf0036,0.0166528,0.7895463
rf0136,0.03212386,0.8229973
rf0129,0.02717241,0.8418164
rf0737,0.06145331,0.7962413
rs1332,0.04938619,0.7739564
rs0533,0.01920556,0.7960283
rs0650,0.02458184,0.7763358
rs0941,0.02919139,0.7682053
rs1048,0.03200797,0.8142957
rs1034,0.02737022,0.8346084
rs1127,0.02565889,0.7508759
rs1148,0.02511218,0.7377621
rs1227,0.02584681,0.7472669
rf0430,0.06553082,0.7929358
rf0729,0.05663441,0.6731436
rf0642,0.02560856,0.8308235
rf0627,0.02985686,0.8120524
rf0531,0.02657532,0.7547066
rf0634,0.02912738,0.8934314
rf0744,0.06257434,0.8905447
rs0831,0.01885792,0.7648579
rs1447,0.01960754,0.7130303
rs0186,0.03144208,0.8286556
rs0191,0.04211354,0.771964
rs0292,0.05135779,0.7677132
rs0591,0.03502503,0.7807698
rs1505,0.02346311,0.7562617
rs0772,0.02553169,0.7398577
rs0802,0.01956047,0.8438752
rs0896,0.01701284,0.7531778
rs1375,0.03765279,0.8005025
rf0473,0.04171146,0.7910324
rf0480,0.03913691,0.7676269
rf0482,0.03314308,0.8607066
rf0071,0.03296433,0.7138568
rf0101,0.03255894,0.7332955
rf0078,0.0398146,0.7346724
rf0202,0.0335752,0.7747294
rf0179,0.02817224,0.7278761
rf0172,0.03025488,0.7524416
rf0272,0.03251719,0.7709625
rf0279,0.03206745,0.7549433
rf0302,0.03583365,0.7605808
rf0677,0.02258739,0.7529027
rf0684,0.0234614,0.783272
rf0372,0.02541996,0.7097003
rf0379,0.02100146,0.9671037
rs0089,0.04035768,0.2121558
rs0193,0.03161153,0.8120031
rs0285,0.03222714,0.7328581
rs0491,0.02615768,0.7622869
rs0498,0.02079504,0.7459677
rs0694,0.02510884,0.7481174
rs0600,0.02065519,0.7132838
rs0593,0.0234516,0.7696541
rs0692,0.02401097,0.7386277
rs0701,0.02620545,0.7790791
rs0795,0.02057537,0.7834427
rs0903,0.01770924,0.7142316
rs0976,0.03371235,0.8299445
rs1006,0.0270734,0.7468794
rs0091,0.03075582,0.7157591
rs0084,0.03477729,0.7993844
rs0082,0.03954536,0.9253557
rs0184,0.02069462,0.8113686
rs0390,0.05550915,0.7248934
rs0388,0.05109894,0.8334759
rs1270,0.02659615,0.7267441
rs1279,0.03307194,0.7243616
rs1405,0.03680452,0.7647401
rs1302,0.0568751,0.7659519
rf0001,0.03647224,0.8145533
rf0381,0.03145073,0.8983487
rs0793,0.01796925,0.7742044
rs0873,0.03245129,0.6765783
rs0999,0.0283645,0.7835807
rs1076,0.03106851,0.7051466
rs1176,0.03008872,0.8689477
rs1382,0.02787644,0.7202182
rf0582,0.03301944,0.7463989
rf0580,0.03827991,0.7807224
rf0781,0.0282659,0.7448007
rf0790,0.03059988,0.7243624
rf0573,0.0260568,0.7147753
rf0788,0.02833394,0.7817547
rf0686,0.02410456,0.746955
rs1484,0.03010005,0.7647911
rs0247,0.05316702,0.7433726
rs1336,0.04374026,0.7089025
rf0432,0.06572337,0.8424271
rf0792,0.03700108,0.7388098
rf0794,0.02798747,0.7897427
rf0031,0.01872526,0.9597637
rf0533,0.02634244,0.7709743
rf0097,0.03156476,0.733708
rf0133,0.0273467,0.8873305
rf0131,0.02613651,0.8177298
rf0168,0.04980683,0.755624
rf0234,0.0355228,0.8042377
rf0249,0.03108604,0.7354235
rf0268,0.03227231,0.8938163
rf0283,0.03214594,0.7611686
rf0638,0.02941877,0.8037381
rf0654,0.03087784,0.7708332
rf0349,0.02437265,0.7554607
rf0688,0.02231268,0.8681602
rf0383,0.03806666,0.7849863
rf0398,0.05456366,0.7888554
rs0026,0.02514408,0.7596785
rs0095,0.06155023,0.7340487
rs0146,0.08529789,0.87467
rs0180,0.02029501,0.8082124
rs0283,0.03707219,0.7415804
rs0317,0.04449477,0.9579086
rs0421,0.05504006,0.7804906
rs0502,0.02766036,0.8017853
rs0641,0.02690187,0.7156737
rs0725,0.02775808,0.7293625
rs0688,0.02411394,0.760052
rs0806,0.01896676,0.8167537
rs0825,0.01669023,0.7319438
rs0907,0.0250972,0.7716941
rs0944,0.02509356,0.7396635
rs1231,0.02690136,0.7237983
rs1386,0.02351346,0.7429973
rs0130,0.05111351,0.7581302
rs0386,0.05448433,0.7595396
rf0535,0.02374596,0.7467592
rf0569,0.02847615,0.8112984
rs0402,0.04106174,0.7295475
rs0536,0.01897294,0.7664081
rs0538,0.02340998,0.7915528
rs0587,0.02392573,0.7423913
rs0946,0.02819225,0.8745482
rs0980,0.03043399,0.7782329
rs1352,0.0280667,0.7261531
rs1046,0.03205279,0.7231943
rs1129,0.02598944,0.7505333
rs1080,0.03057749,0.755483
rs1195,0.02600786,0.6684352
rs1371,0.02799374,0.8166413
rs1229,0.02523699,0.7730224
rf0757,0.07151882,0.8022515
rf0385,0.04367805,0.722704
rf0673,0.02854637,0.693417
rf0520,0.02738161,0.7697732
rf0486,0.03431689,1.004305
rs0211,0.03752746,0.7776673
rs0237,0.04349342,0.7471898
rs1331,0.0559635,0.7863172
rs0549,0.02746847,0.7576718
rs0743,0.03118402,0.6346694
rs0747,0.02877304,0.6884822
rs0752,0.02827472,0.6248121
rs0846,0.02201321,0.6899618
rs0855,0.02274786,0.696516
rs1357,0.02598475,0.7525188
rf0420,0.08076517,0.9068097
rf0429,0.05861516,0.7811388
rf0455,0.04932795,0.7571542
rf0019,0.02188204,1.06665
rf0028,0.02127389,0.8280998
rf0053,0.01681901,0.7669092
rf0126,0.02602692,0.7190679
rf0161,0.03493755,0.7658881
rf0229,0.03766302,0.7545155
rf0220,0.0346867,0.7682784
rf0254,0.0248187,0.7659411
rf0327,0.02810765,0.7647167
rf0322,0.03586462,0.7963309
rf0331,0.02503956,0.9036217
rf0352,0.02455937,0.7412678
rf0361,0.02789582,0.7404124
rs0031,0.02843071,0.7119125
rs0037,0.03132984,0.714345
rs0027,0.02451268,0.7840658
rs0063,0.05330329,0.6957058
rs1320,0.1001201,0.7346172
rs0267,0.04250941,0.7090979
rs0450,0.03411081,0.7762357
rs0712,0.02195628,0.7240057
rs0619,0.02220409,0.7107741
rs0653,0.02438483,0.753184
rs0923,0.02309387,0.7725582
rs0951,0.02608693,0.7720818
rs1049,0.02596737,0.6717392
rs1117,0.02780585,0.7637705
rs1126,0.0231924,0.7500327
rs0005,0.04935682,0.7890085
rs0133,0.04933434,0.7697368
rs0142,0.03710667,0.7341123
rs0242,0.03439457,0.7697565
rs0336,0.04348074,0.8117405
rs0345,0.03649699,0.7653093
rs1259,0.02379437,0.7473861
rf0738,0.06129722,0.8004693
rs0416,0.04717536,0.7342424
rs0644,0.01908735,0.8280989
rs1058,0.02994018,0.7980437
rs1151,0.0305006,0.7165181
rs1224,0.02457537,0.689239
rf0633,0.03046025,0.8689691
rf0624,0.03402591,0.8922139
rf0121,0.03165891,0.7152645
rf0532,0.01943249,0.7566061
rf0523,0.02515039,0.7651367
rf0562,0.030344,0.7739844
rf0151,0.05962396,0.6341878
rf0659,0.02856295,0.7845197
rf0728,0.061789,0.743782
rs0820,0.01774407,0.6953483
rs0158,0.05804133,0.800835
rs0335,0.04634556,0.7698759
rs0456,0.03024982,0.695782
rs0542,0.02704336,0.7884109
rs0771,0.0293824,0.734107
rs0861,0.02098729,0.7033169
rs1356,0.02791701,0.7094924
rs1018,0.03234557,0.8151878
rs1068,0.02572482,0.7538234
rf0439,0.09771901,0.7639473
rf0009,0.02553573,0.7338083
rf0059,0.01546041,0.790987
rf0077,0.03384975,0.6996285
rf0127,0.02693046,0.9143233
rf0145,0.02842803,0.8358429
rf0214,0.03002771,0.7438163
rf0196,0.03635579,0.765983
rf0185,0.03903718,0.6953801
rf0235,0.03669174,0.847854
rf0253,0.02819833,1.01279
rf0264,0.03403276,0.8196559
rf0303,0.02626579,0.8041751
rf0658,0.02891893,0.744114
rf0321,0.03448032,0.7477744
rf0371,0.02649471,0.7176729
rf0389,0.03129179,0.6942595
rs0226,0.04029851,0.7533424
rs0277,0.04258369,0.7105314
rs0524,0.01822282,0.8743194
rs0594,0.02310769,0.743776
rs0702,0.0238595,0.7769072
rs0684,0.02665773,0.7195498
rs1492,0.02687184,0.7029568
rs1337,0.02675452,0.7797694
rs0810,0.02126372,0.765399
rs0879,0.02191775,0.7419742
rs0932,0.02829673,0.7828503
rs1157,0.02445422,0.7478965
rs1175,0.02412907,0.6824002
rs1243,0.02870042,0.7427908
rs1406,0.03737161,0.7919686
rs0066,0.03894304,0.7603292
rs0047,0.05124719,0.7621262
rs0118,0.04786855,0.810732
rs0208,0.0183631,0.7557507
rs0346,0.03399635,0.8005959
rs0387,0.06518092,1.287119
rs1296,0.04420513,0.7191476
rf0479,0.03155577,0.730746
rf0547,0.02024284,0.9241177
rs0417,0.04617537,1.487501
rs0406,0.05735438,0.7243307
rs0474,0.03320264,0.8695272
rs0634,0.02169011,0.7618219
rs0950,0.03554565,0.7360097
rs1000,0.03176123,0.7338119
rs1225,0.02449468,0.793422
rs1367,0.02349813,0.7416958
rf0739,0.06830157,0.8485466
rf0669,0.02836572,0.7291154
rf0618,0.03496302,0.7371971
rf0529,0.02162638,0.6579337
rf0780,0.02928273,0.742942
rf0798,0.02169825,0.6339159
rf0708,0.03210502,0.740542
rf0598,0.03629108,0.7947553
rf0687,0.02295049,0.8315297
rf0726,0.06211518,0.7846422
rs1285,0.0344839,0.7228939
rs0821,0.01924493,0.7564076
rs0224,0.03033935,0.7777476
rs0240,0.04883143,0.7334611
rs0748,0.02973552,0.6786219
rs0884,0.01699773,0.7436891
rs0885,0.01882403,0.7403343
rf0426,0.09559733,0.7674636
rf0441,0.1123135,0.803893
rf0477,0.0336983,0.7875276
rf0492,0.02555513,0.7205103
rf0785,0.02987659,0.7306626
rf0025,0.0257958,0.7276164
rf0040,0.02598431,0.8080545
rf0090,0.03188659,0.7160803
rf0075,0.03199078,0.7951429
rf0190,0.03328107,0.7781282
rf0191,0.02980299,0.7964351
rf0290,0.03242297,0.7748432
rf0326,0.03364182,0.873162
rf0340,0.02342086,0.7722153
rf0376,0.02211021,0.7466847
rs0049,0.03794855,0.7566655
rs0033,0.02740535,0.7158852
rs0086,0.04277063,0.6199158
rs0101,0.03362847,0.7396528
rs0290,0.04080313,0.7826735
rs0340,0.04340013,0.8036351
rs0341,0.04400945,0.7906072
rs0529,0.02328634,0.737491
rs0697,0.02505194,0.7147232
rs0596,0.02489019,0.7214335
rs0734,0.03004325,0.7238001
rs0632,0.02321486,0.7473909
rs0647,0.02352847,0.7661891
rs0784,0.02090557,0.7509322
rs0835,0.02413031,0.7456137
rs1052,0.02416822,0.753554
rs1393,0.02937306,0.7962068
rs1290,0.05073721,0.739425
rs0189,0.0313546,0.969793
rs0392,0.04833009,0.7487832
rs1291,0.05096671,0.7569131
rf0140,0.03145195,0.7460014
rf0733,0.06874032,0.8088231
rf0732,0.06474126,0.7937138
rs0493,0.02602658,0.7672084
rs1342,0.0246402,0.763733
rs1002,0.0337927,0.8715583
rs1138,0.03331809,0.6860358
rs1102,0.02604572,0.7502141
rs1188,0.02673022,0.5202988
rs1238,0.02918678,0.788856
rf0631,0.03252883,0.7523444
rf0240,0.03308524,0.8113705
rf0578,0.03046822,0.6964746
rf0542,0.01986489,0.7206425
rf0682,0.0235253,0.7557685
rf0593,0.02836372,0.6598771
rs0198,0.03784811,0.7404765
rs0250,0.04694631,0.776798
rs0280,0.05852681,0.7497233
rs0454,0.0304824,0.6659911
rs0484,0.02914,0.7090618
rs0756,0.02836782,0.6759235
rs0859,0.02563641,0.7647762
rs0964,0.02930734,0.7331591
rs0994,0.03706837,0.7355461
rs1062,0.02754512,0.7452469
rs0739,0.0277595,6809785
rf0468,0.04855783,0.7736025
rf0485,0.03518943,0.8175526
rf0778,0.02810112,0.7462696
rf0795,0.03887945,0.7411925
rf0015,0.02469352,0.7019944
rf0536,0.02004215,0.7202219
rf0066,0.02367405,0.7524958
rf0083,0.03256541,0.7146971
rf0113,0.05118822,0.8103204
rf0165,0.03434397,0.8167766
rf0216,0.03066697,0.7990344
rf0284,0.03304778,0.7717138
rf0318,0.03531582,0.7926869
rf0335,0.03375089,0.7809251
rf0365,0.02812436,0.7319109
rf0742,0.06694429,0.7785805
rf0416,0.08399019,0.7758889
rs0023,0.03876791,0.7499554
rs0181,0.02556452,0.9070844
rs0332,0.04384238,0.8859339
rs0501,0.02210104,0.7969969
rs0657,0.02693997,0.7570984
rs0708,0.02450822,0.7556605
rs1370,0.02826081,0.752934
rs1263,0.05033239,0.7764586
rs1316,0.05127759,0.8222052
rs0094,0.03768744,0.757083
rs0077,0.05694076,0.7887928
rs0129,0.05187776,0.7796057
rs0147,0.03935318,0.7744555
rs0297,0.02882869,0.8260668
rs0349,0.03400182,0.8154151
rs0385,0.06614227,0.8582027
rf0570,0.05210055,0.7370424
rf0267,0.03243558,0.8251779
rf0723,0.05463743,0.8360159
rs0403,0.04098119,0.803731
rs0553,0.02437738,0.8401285
rs0588,0.02285754,0.742688
rs0790,0.01984237,0.8130906
rs0910,0.02994867,0.7292056
rs0960,0.02724833,0.8043182
rs1011,0.03239674,0.7304742
rs1113,0.02730297,0.747668
rs1164,0.0270936,0.6896451
rs1211,0.02366337,0.7648359
rs1387,0.02733108,0.7414705
rf0689,0.02291961,0.7687078
rf0620,0.03063022,0.6975795
rf0519,0.02719931,0.6909039
rf0672,0.03121275,0.722072
rs0754,0.02821243,0.6493763
rs1355,0.036897,0.7272932
rs1389,0.03797664,0.7507941
rf0422,0.08422169,0.7745469
rf0462,0.04091427,0.7580736
rf0496,0.02982228,0.784217
rf0530,0.02517028,0.7194577
rf0026,0.02007081,0.7576938
rf0060,0.01955414,0.815915
rf0094,0.03246395,0.7426243
rf0128,0.02529444,0.7629683
rf0163,0.03270593,0.8388072
rf0197,0.03585233,0.7569228
rf0252,0.02720123,0.8894112
rf0286,0.02885295,0.7401986
rf0320,0.03819505,0.7536206
rf0354,0.0276586,0.7681435
rf0388,0.03211249,0.8159131
rs0029,0.02746053,0.7175494
rs0135,0.05658793,0.9329485
rs0140,0.05799241,0.8851205
rs0209,0.02368458,0.7645174
rs0439,0.05477078,0.7988376
rs0473,0.03440157,0.7346314
rs0617,0.02174515,0.7008978
rs0685,0.02630879,0.7018448
rs1491,0.02658342,0.7264249
rs0719,0.02316915,0.7577296
rs0788,0.02055722,0.7265168
rs0983,0.02642949,0.7990311
rs1017,0.02313247,0.7047554
rs1090,0.02770732,0.7254887
rs0065,0.03746277,0.799522
rs0175,0.02959883,0.7851269
rs0244,0.03374771,0.7623773
rs0347,0.0340232,0.7815782
rs1261,0.02501533,0.7194172
rs1297,0.04539443,0.7344415
rf0762,0.03591288,0.7814353
rf0797,0.02780126,0.7890528
rf0670,0.0263811,5.65E+07
rs0405,0.05193987,0.7795554
rs0541,0.01996261,0.7541362
rs0612,0.01977932,0.7769944
rs1124,0.02702486,0.7194768
rs1226,0.02586553,0.6924667
rs1192,0.02824251,0.6873365
rf0725,0.06051967,0.6961594
rf0599,0.0266421,0.6298499
rf0564,0.03081886,0.7329662
rf0635,0.02861218,0.844252
rs0822,0.01817042,0.7827817
rs0167,0.04061196,0.763617
rs0762,0.02763287,0.7990019
rs1358,0.02576725,0.7437626
rs1059,0.03015024,0.7246388
rs1066,0.02578828,0.7154
rf0449,0.08455232,0.7470724
rf0470,0.04748704,0.6965544
rf0771,0.03355112,0.7758739
rf0499,0.03064992,0.7701808
rf0506,0.03922092,0.7528799
rf0018,0.02474006,0.8403132
rf0068,0.02812402,0.8736705
rf0104,0.04117832,0.7686371
rf0118,0.02672264,0.8036814
rf0154,0.03974158,0.7706051
rf0205,0.03461423,0.8026247
rf0262,0.03326144,0.7149433
rf0362,0.02298552,0.7398896
rf0369,0.02266353,0.769335
rf0412,0.06572729,0.7242482
rs0004,0.03689987,0.7779454
rs0019,0.03636361,0.9146685
rs1472,0.02210876,0.7767514
rs0056,0.04152856,0.786
rs0115,0.1337406,1.447717
rs0160,0.09411919,1.024415
rs0268,0.04250941,0.7090979
rs0415,0.04969492,0.7385842
rs0567,0.02447974,0.739841
rs0574,0.01769955,0.7444171
rs0661,0.02521803,0.748019
rs0711,0.02375918,0.7298463
rs0675,0.02687184,0.7029568
rs0654,0.02726894,0.75322
rs0704,0.02528494,0.7941692
rs0812,0.02022487,0.7189066
rs0870,0.02280357,0.7396834
rs0920,0.03125376,0.755219
rs0973,0.03494088,0.8430883
rs0959,0.02519704,0.7949459
rs1166,0.02560682,0.8074072
rs1109,0.02446645,0.7525643
rs1116,0.02370006,0.7524486
rs1202,0.02479053,0.7439052
rs1365,0.02425922,0.744786
rs1515,0.03342848,2.281996
rs0108,0.04089201,0.7083703
rs0254,0.03807544,0.7719082
rs0356,0.04332812,0.7633936
rs1305,0.04540144,0.7706013
rf0011,0.02751865,0.9664282
rf0255,0.03902496,0.8178417
rs0408,0.05350755,0.7900911
rs0522,0.02382212,0.7375753
rs0625,0.01902477,1.09357
rs1009,0.02721234,0.8101618
rf0667,0.04139758,0.7478494
rf0312,0.02779813,0.7937393
rf0608,0.02712725,0.7982313
rf0556,0.03233286,0.7550061
rf0549,0.01733231,0.7788603
rf0419,0.07072335,0.7698823
rf0660,0.03593181,0.6627317
rf0717,0.05447752,0.6774328
rs0819,0.01972268,0.7382752
rs0155,0.06719642,0.757908
rs0446,0.04112364,0.6632407
rs0513,0.0245678,0.8893372
rs0731,0.02450583,0.7382207
rs0764,0.02641221,0.7957029
rs0851,0.02291649,0.7134176
rs1054,0.02850172,0.764232
rf0424,0.103097,0.8577058
rf0750,0.0507728,0.8439469
rf0476,0.03323311,0.7515571
rf0770,0.03132667,0.7445078
rf0493,0.03038222,0.7936856
rf0787,0.03107905,0.7425073
rf0511,0.03789393,0.7927054
rf0074,0.02757736,0.6993015
rf0088,0.04035545,0.7605227
rf0156,0.03237821,0.8420593
rf0224,0.02878065,0.7351786
rf0275,0.03210799,0.7846031
rf0292,0.0282624,0.806953
rf0310,0.03147586,0.7507697
rf0343,0.03250946,0.7451255
rs0085,0.04192188,0.7400988
rs0121,0.06447852,0.7784944
rs0190,0.03143157,0.7485359
rs0580,0.0223718,0.7194153
rs0597,0.02504825,0.728609
rs0716,0.01963876,0.733477
rs0649,0.02585981,0.7729078
rs0782,0.02259281,0.7381839
rs1446,0.02176364,0.7429425
rs0799,0.02053024,0.8198668
rs0986,0.02505879,0.9086882
rs0989,0.02709051,0.7828674
rs1121,0.02620842,0.757535
rs1378,0.02985976,0.7525988
rs1395,0.03172066,0.75704
rs1254,0.02766619,0.7536418
rs0102,0.03340751,0.7211919
rs1324,0.04737796,0.7164115
rs0173,0.02881565,0.7401737
rs0288,0.04120475,0.799176
rs0358,0.04146352,0.7898811
rs0377,0.06936937,0.7882194
rs0394,0.06098703,0.7387372
rs1409,0.03373285,0.7322747
rf0105,0.03138259,0.7425403
rf0091,0.03039123,0.76231
rs0561,0.02419974,0.7968109
rs0935,0.0255525,0.7672744
rs0972,0.03061276,0.7207984
rs1003,0.03370902,0.8641177
rs1186,0.02850343,0.7714055
rs1172,0.03028112,0.766127
rf0715,0.04429663,0.7468379
rf0680,0.0215354,0.7619144
rf0697,0.02544089,0.7263293
rf0357,0.0239453,0.7473327
rf0628,0.03252779,0.7996939
rf0023,0.02461946,0.8002905
rf0544,0.0224641,0.7134565
rf0558,0.03826847,0.7233614
rs0261,0.05238194,0.7460388
rs0508,0.02684575,0.7075341
rs1123,0.02694089,0.7337873
rf0456,0.04580419,0.8791319
rf0463,0.04401598,0.7871948
rf0513,0.03180085,0.7854588
rf0054,0.02035497,0.6933092
rf0061,0.02393849,0.7609964
rf0111,0.04865912,0.789853
rf0162,0.03422015,0.7606798
rf0219,0.03200332,0.7523871
rf0212,0.03065935,0.761502
rf0169,0.03524981,0.7847887
rf0269,0.03316412,0.7343652
rf0319,0.03779753,0.7504858
rf0355,0.02394619,0.737039
rf0405,0.05467115,0.7485431
rs0012,0.03852952,0.8818579
rs1319,0.05795452,0.7022226
rs0071,0.1064586,0.7591606
rs0210,0.04052014,0.7802002
rs0203,0.02498875,1.099507
rs0318,0.04207663,0.7981362
rs0458,0.03526298,0.8444992
rs0422,0.04883289,0.7279491
rs0472,0.02796218,0.7895911
rs0559,0.02605597,0.7367862
rs0769,0.03018202,0.7505187
rs0668,0.02024868,0.7839368
rs0906,0.02775675,0.7865297
rs0966,0.03606691,0.760649
rs1023,0.03109886,0.7369142
rs1016,0.02482409,0.7646297
rs1159,0.02257194,0.7726868
rs1073,0.02783446,0.8107458
rs1372,0.03031946,0.7340961
rs0064,0.04632262,0.7918141
rs0174,0.02982209,0.7616744
rs0153,0.03456407,0.722506
rs0371,0.05318696,0.7940024
rs0364,0.05193881,0.751316
rs1260,0.02775289,0.7682332
rs1267,0.02902153,0.7757669
rs1408,0.03363132,0.7751873
rf0763,0.0448661,0.7833336
rf0563,0.03419474,0.7120855
rs0618,0.01890557,0.8456157
rs0856,0.0237064,0.7642362
rs0863,0.02528223,0.764307
rs1209,0.02207169,0.7172062
rs1152,0.03237972,0.7367049
rs0123,0.04454093,0.6985111
rf0756,0.0717606,0.7735613
rf0703,0.03674263,0.7386343
rf0653,0.02818003,0.7448741
rf0305,0.0300875,0.7997069
rf0616,0.0304507,0.7679837
rf0600,0.02745619,0.8238991
rs0805,0.01794681,0.8809563
rs0156,0.04845666,0.7945735
rs0257,0.048359,0.786232
rs0308,0.05478859,0.8009191
rs0562,0.02773512,0.7578524
rs0751,0.02853912,0.6184072
rs0852,0.02282235,0.6972748
rs0969,0.03762575,0.8336652
rf0459,0.05110153,0.7979702
rf0767,0.03598693,0.8022096
rf0510,0.03750034,0.7460651
rf0022,0.02296733,0.7947133
rf0057,0.02107886,0.7917149
rf0122,0.03157046,0.7376185
rf0157,0.03530732,0.7713768
rf0209,0.0336939,0.7937099
rf0258,0.02825565,0.7382898
rf0649,0.02418459,0.7280968
rf0323,0.03769604,0.8640825
rf0358,0.02835162,0.7691027
rf0409,0.06596389,0.7554476
rs0016,0.04078292,0.8044717
rs0052,0.04412967,0.7789843
rs0067,0.0641048,0.7632971
rs0221,0.04566604,0.7929055
rs0323,0.04491972,0.787182
rs0412,0.03780667,0.7254843
rs0461,0.04175708,0.7898403
rs0664,0.02298088,0.7642855
rs0866,0.0271125,0.7882106
rs0917,0.02650694,0.7345841
rs1020,0.02632821,0.6441036
rs1055,0.02328296,0.660087
rs1106,0.02464219,0.7697164
rs1120,0.02586819,0.7510702
rs1361,0.02502562,0.7414056
rs0105,0.04143702,0.8023052
rs0120,0.04176153,0.7957496
rs1323,0.0357833,0.7467516
rs0170,0.04435482,0.7409961
rf0008,0.03783805,0.9128072
rf0545,0.01962569,0.898894
rf0108,0.02934102,0.7733995
rf0223,0.02895966,0.7264822
rf0309,0.03147951,0.8697418
rf0663,0.03241784,0.7914422
rs0512,0.02404405,0.8247167
rs0526,0.02031764,0.7590082
rs0615,0.02036694,0.7845732
rs1206,0.02215334,0.7186484
rs1169,0.02966604,0.7040001
rs1220,0.02752705,0.6831078
rf0751,0.05068824,0.7957281
rf0423,0.09945408,0.7584937
rf0559,0.02972137,0.8686418
rf0613,0.03042098,0.9640972
rf0714,0.04417488,0.8941971
rs0816,0.01797337,0.8147747
rs0715,0.02445216,0.7389936
rs0132,0.187328,0.7936798
rs0550,0.02507349,0.8210377
rs0836,0.02260872,0.7152541
rs1449,0.02415366,0.7859729
rs0886,0.01811738,0.7716478
rs1025,0.02316398,0.8399004
rs1132,0.02266,0.9274936
rs1381,0.03961781,0.729867
rf0454,0.04907995,0.802193
rf0465,0.03924821,0.7558817
rf0504,0.02741743,0.8044966
rf0034,0.01971125,0.7764199
rf0052,0.01882679,0.7768921
rf0102,0.03429568,0.7683884
rf0210,0.02734145,0.7444397
rf0189,0.03448438,0.7872823
rf0171,0.04485551,0.7678978
rf0591,0.03701727,0.8758964
rf0278,0.02972516,0.766106
rf0328,0.0265013,0.7237623
rf0346,0.02438387,0.7656242
rf0396,0.05194998,0.7739232
rf0414,0.06416332,0.7753912
rf0734,0.06408869,0.766842
rs0021,0.02691235,0.7908785
rs0073,0.1025901,0.7631549
rs0677,0.02931932,0.7435452
rs0620,0.02091815,0.7075162
rs0609,0.02873926,0.7668765
rs0746,0.02304009,0.7667269
rs0728,0.02640296,0.724708
rs1499,0.02238572,0.7468703
rs0975,0.03584239,0.8152753
rs1043,0.02459677,0.7333853
rs1150,0.0235497,0.8233423
rs1093,0.02809867,0.7379951
rs1218,0.02494483,0.7270021
rs1363,0.02285995,0.7456188
rs0092,0.03903285,0.769326
rs0143,0.04305232,0.7452652
rs0183,0.02079745,0.7610859
rs0201,0.02349377,0.7876121
rs0270,0.02678404,0.7602795
rs0362,0.05332936,0.8266053
rs0391,0.04999382,0.7841315
rs1269,0.02492123,0.8462725
rs1310,0.06027849,0.7607419
rf0572,0.02573683,0.878103
rs0481,0.03174193,0.7930833
rs0957,0.02485279,0.7927257
rs1082,0.03078466,0.77588
rs1200,0.0252179,0.7381174
rf0753,0.06533477,0.785453
rf0683,0.02305317,0.7527412
rf0644,0.03019705,0.7033541
rs0002,0.04378971,0.7737574
rf0120,0.03535673,0.7095648
rf0522,0.02562747,0.7663631
rf0712,0.0358371,0.7129589
rs1517,0.04582535,0.7498913
rs0253,0.05838494,0.7460279
rs0354,0.04198318,0.7764902
rs0763,0.02702647,0.6457055
rs0871,0.02289609,0.7649366
rs0974,0.04035475,0.7382893
rs1008,0.02621607,0.7758445
rf0448,0.07186762,0.7870932
rf0471,0.0472362,0.7809135
rf0505,0.03170627,0.7513057
rf0012,0.0252903,0.7211331
rf0103,0.03677559,0.8166783
rf0211,0.02991403,0.7566749
rf0204,0.02837344,0.7453175
rf0177,0.02973677,0.7759023
rf0170,0.03384601,0.7428485
rf0277,0.03183773,0.8302201
rf0306,0.0285605,0.8444934
rf0311,0.03141885,0.7524542
rf0347,0.02452604,0.7930145
rf0711,0.0399848,0.7440706
rs0020,0.02603836,0.8860276
rs0055,0.04388678,0.7323521
rs0057,0.05220843,0.7252625
rs0161,0.07807797,0.7470856
rs0216,0.02447894,0.7388329
rs0430,0.04157078,0.7826418
rs0466,0.0352618,0.7870243
rs0626,0.02489914,0.7484688
rs0768,0.02974391,0.7259589
rs0727,0.02674764,0.7943234
rs0660,0.02554245,0.7608483
rs0761,0.02307097,0.7338868
rs0797,0.02080053,0.7532097
rs0898,0.03171276,0.7320888
rs1065,0.02949193,0.7007149
rs1165,0.0238149,0.7917813
rs1110,0.02444485,0.7738728
rs0114,0.0421976,0.7645106
rs0218,0.02237749,0.4605011
rs0320,0.04406703,0.7425564
rs1414,0.03744715,0.8796819
rs0363,0.05414461,0.8144302
rs1268,0.03037935,0.7487333
rs1277,0.0421488,0.7396231
rf0571,0.02570294,0.7505387
rf0607,0.02991929,1.132001
rf0413,0.06598683,0.9852525
rs0568,0.02299023,0.8463748
rs0603,0.01833692,0.7697662
rs0905,0.0278222,0.8278967
rs1010,0.03646018,0.7845077
rs1031,0.02912385,0.8419349
rs1201,0.02559715,0.7297289
rf0747,0.08995476,0.8219581
rf0755,0.06235239,0.7861782
rf0067,0.02513755,0.8327476
rf0069,0.0350487,0.8162217
rf0645,0.02454123,0.8638195
rf0313,0.02794179,0.7197271
rf0609,0.03258445,0.6922836
rf0718,0.05610332,0.7642598
rs1311,0.05563255,0.7795806
rs1304,0.04500108,0.7922699
rs0125,0.1593865,0.7688856
rs0234,0.03996025,0.8005419
rs0259,0.05073204,0.7490497
rs0442,0.03642082,0.6753395
rs0854,0.02401083,0.764725
rs0922,0.01958171,0.7838363
rs1250,0.03777549,0.7511528
rf0421,0.0900189,0.7914212
rf0447,0.07259318,0.713132
rf0515,0.03312516,0.8057436
rf0020,0.02410033,0.7958236
rf0152,0.05235501,0.8144645
rf0134,0.03446781,0.8082628
rf0160,0.03360062,0.789669
rf0221,0.02741039,0.7585898
rf0228,0.02696977,0.805214
rf0339,0.02674315,0.7897307
rf0353,0.02235172,0.7403191
rf0719,0.05446991,0.7120155
rs0040,0.03441638,0.7237357
rs0028,0.02937727,0.8431169
rs1321,0.07482047,0.7612316
rs0219,0.02641863,0.6910514
rs1330,0.05009551,0.731252
rs0328,0.0391722,0.7652232
rs0424,0.04897789,0.726848
rs0449,0.05198419,0.7868136
rs0531,0.02301951,0.7835599
rs0645,0.02172596,0.7205015
rs0760,0.02451015,0.7084413
rs0720,0.02500436,0.7781122
rs0652,0.02468146,0.7481004
rs0847,0.02864292,0.7719337
rs0915,0.02478702,0.7568426
rs0943,0.01849328,0.8359287
rs1050,0.02699694,0.7143376
rs1057,0.02483088,0.6713967
rs1143,0.02276987,1.444225
rs1258,0.03187767,0.7822641
rs0014,0.05450091,0.6747993
rs0054,0.06016561,0.7570777
rs0151,0.03540093,0.7602284
rs0353,0.03838864,0.7930554
rf0428,0.07567518,0.7841764
rf0027,0.01882369,0.7624935
rf0540,0.02035594,0.7460624
rf0045,0.01942711,0.7543781
rf0554,0.03643449,0.7413481
rf0314,0.03337957,0.7729068
rs0517,0.02284798,0.725263
rs0627,0.02032625,0.7600996
rs1349,0.02939931,0.7320905
rs1032,0.02349718,0.7572174
rs1118,0.0284466,0.7551656
rs1125,0.02687651,0.7809884
rf0651,0.02652008,0.8170034
rf0632,0.03200342,0.7785189
rf0746,0.08755676,0.9026365
rf0246,0.03268988,0.8599105
rf0625,0.03532334,0.7877327
rs0829,0.01486105,0.7815315
rs0334,0.04555077,0.8149776
rs1333,0.04112364,0.6632407
rs0741,0.02836676,0.6507378
rs0775,0.02156171,0.6724831
rs0844,0.0203276,0.7482022
rs0891,0.01653558,0.7653106
rs0962,0.02549164,0.7302126
rs1064,0.02755181,0.7732171
rs1077,0.02542562,0.8041186
rs1145,0.02988449,0.7549334
rf0776,0.02656232,0.7455024
rf0013,0.02589485,0.7255183
rf0047,0.02065793,0.7207483
rf0115,0.02607112,0.7331511
rf0149,0.03036208,0.7598028
rf0184,0.04487675,0.7487317
rf0231,0.03853698,0.7391781
rf0299,0.02491022,0.7738217
rf0333,0.02816939,0.7746679
rf0367,0.02362447,0.8208202
rs0043,0.02802983,0.7830412
rs1318,0.05399026,0.7648322
rs0113,0.1341126,0.775634
rs0162,0.09473513,0.7702861
rs0196,0.03827399,0.7524632
rs0231,0.03759205,0.7823381
rs0486,0.02958577,0.782912
rs0520,0.02688115,0.7895687
rs0555,0.02886231,0.8232296
rs0604,0.02348168,0.7367653
rs0706,0.01939419,0.7232378
rs0672,0.01984988,0.7875567
rs0638,0.02533041,0.7666034
rs0809,0.02145158,0.779172
rs0857,0.02313207,0.777758
rs0926,0.03286945,0.7537388
rs0996,0.02896534,0.7370898
rs1030,0.02563111,0.6927
rs1111,0.02423975,0.7548513
rs1402,0.0349462,0.7647134
rs0007,0.04526504,0.8330505
rs0079,0.04332037,1.321918
rs0299,0.02795409,0.7903417
rs0383,0.06928015,0.7277821
rf0435,0.06455843,0.7266616
rf0081,0.03541585,0.7230669
rf0218,0.03156544,0.7528613
rf0265,0.03423721,0.8358364
rs0418,0.04852051,0.8109013
rs0452,0.0382198,0.6995622
rs1213,0.02402189,0.6758202
rs1179,0.02912452,0.7406006
rs1368,0.02349347,0.7455858
rf0740,0.08005167,0.7220367
rf0401,0.05909843,0.7732216
rf0691,0.02326244,0.7995293
rf0657,0.03122605,0.8353974
rf0622,0.03456364,0.6876074
rf0551,0.02134055,0.7247458
rf0517,0.04183973,0.6924778
rf0483,0.03755803,0.715714
rf0704,0.02956635,0.8944634
rf0586,0.03310474,0.8136133
rs1284,0.03367997,0.7983178
rs1413,0.03111865,0.7584288
rs0194,0.04009409,0.7856128
rs0380,0.04927955,0.7608815
rs0492,0.02843244,0.7477793
rs0897,0.01729615,0.7145905
rs1399,0.03407928,0.7651783
rf0472,0.04551719,0.8539484
rf0490,0.02863894,0.6553705
rf0002,0.03038425,0.7960867
rf0070,0.03355101,0.7375696
rf0095,0.04344352,0.7972852
rf0084,0.03467134,0.8036552
rf0109,0.03247144,0.8135442
rf0579,0.02865202,0.7534649
rf0203,0.02922197,0.757425
rf0271,0.0316782,0.8138914
rf0296,0.0250667,0.7721516
rf0378,0.02160385,0.8371765
rf0403,0.07409258,0.7280304
rs0081,0.04564544,0.747066
rs0169,0.04621088,0.8888667
rs0302,0.03415553,0.7592896
rs0467,0.03567812,0.7854915
rs0670,0.02284106,0.7643799
rs0695,0.02393078,0.7527343
rs0709,0.0278676,0.7464477
rs0785,0.02343524,0.7182909
rs0778,0.02622669,0.7665516
rs0872,0.02558466,0.7211372
rs0968,0.02598927,0.7797229
rs0993,0.02241724,0.7347321
rs1075,0.02976287,0.7259669
rs1193,0.02544494,0.6971245
rs1392,0.0263756,0.7886316
rs1388,0.02466622,0.7429354
rs0099,0.04491469,0.8511745
rs0106,0.04199364,1.0042
rs0176,0.06645855,1.105414
rs0284,0.03759877,0.7651949
rs0373,0.06406058,0.7325611
rs1278,0.04188688,0.7707209
rs1303,0.05006604,0.7777439
rf0565,0.0455017,9.98E+07
rf0606,0.03390998,0.7579371
rf0364,0.02366424,0.8492824
rf0701,0.02451395,0.8837651
rs0602,0.01545052,0.8136037
rs1007,0.0358284,0.7584388
rs0982,0.03106062,0.7884213
rs1182,0.03004411,0.735541
rs1100,0.03090107,0.7492901
rs1207,0.02259791,0.7709251
rs1168,0.03034212,0.7425166
rf0676,0.02579079,0.7649863
rf0289,0.02687085,0.7833948
rf0497,0.02403592,0.8441579
rf0773,0.03311518,0.7338424
rf0765,0.04673316,0.7268859
rf0791,0.02867093,0.6900635
rf0694,0.02332499,0.7439566
rs0197,0.03832828,0.7515398
rs1334,0.04087104,0.6638606
rs0742,0.02891895,0.6158891
rs0740,0.02516225,0.7189434
rs0776,0.03482631,0.7437228
rs0843,0.0237133,0.707138
rs0892,0.01812892,0.7314474
rs0927,0.02427759,0.7385192
rf0434,0.05689663,0.8066012
rf0450,0.07074448,0.783095
rf0469,0.04629115,0.746417
rf0484,0.03893099,0.7386555
rf0777,0.03182164,0.7349432
rf0033,0.01996022,0.819572
rf0048,0.01967134,0.7850507
rf0082,0.03290412,0.7459401
rf0198,0.0302982,0.7653076
rf0232,0.03311622,0.6967251
rf0298,0.02279328,0.7677169
rf0334,0.02370526,0.7246431
rf0332,0.02459023,0.7482835
rf0368,0.02707276,0.7363799
rf0724,0.07242039,0.7872811
rf0741,0.07441317,0.7715964
rs0042,0.03053049,0.8756124
rs0182,0.01708569,0.9264603
rs0195,0.0240633,0.7632639
rs0384,0.04701746,0.7630991
rs0438,0.05739318,0.8081037
rs0451,0.05035147,0.8504239
rs0705,0.02673174,0.7345084
rs0624,0.0215668,0.7568743
rs0639,0.02428376,0.7429948
rs0877,0.0218988,0.7574084
rs0995,0.02348455,0.7249993
rs1029,0.02405986,0.6806934
rs1401,0.03169039,0.736576
rs0080,0.04791137,0.7295974
rs0078,0.05195427,0.8092369
rs0093,0.03485084,0.7901968
rs0348,0.0375903,0.7754485
rs1283,0.03222857,0.8340162
rs1298,0.04746657,0.7595245
rf0585,0.03659131,0.8160503
rf0285,0.0282372,0.8786711
rf0690,0.02702878,0.8457596
rs1437,0.04555766,0.7169488
rs0521,0.01941753,0.7637587
rs0485,0.02783301,0.8041416
rs0589,0.02172578,0.7548055
rs0605,0.01766672,0.785256
rs1180,0.03049922,0.7571408
rs1146,0.03159997,0.720974
rs1131,0.02534673,0.760731
rs1246,0.02751364,0.7267112
rf0623,0.03243916,0.7288345
rf0587,0.03110987,0.7080754
rf0148,0.06056375,0.716144
rf0550,0.01965505,0.6628918
rf0046,0.02194873,0.8493741
rf0636,0.02911884,0.7954018
rs0241,0.050863,0.7434565
rs0255,0.04820585,0.7430775
rs0306,0.06102012,0.8400647
rs0445,0.0412448,0.677181
rs0713,0.02132265,0.7031925
rs0781,0.02940784,0.7939574
rs0850,0.02020007,0.7032052
rs0901,0.02288463,0.7718764
rs1236,0.03763428,0.7188584
rs1272,0.03643991,0.7903414
rf0425,0.07198129,0.7620676
rf0494,0.02478048,0.7437713
rf0006,0.04892457,0.7114423
rf0024,0.02331357,0.7465281
rf0138,0.03307511,0.7271112
rf0242,0.0350951,0.7780444
rf0293,0.02867857,0.7890565
rf0374,0.02242965,0.8032534
rf0407,0.06201738,0.7265291
rs0018,0.03685327,0.9877434
rs0032,0.02680016,0.7247773
rs0035,0.0278108,0.7075438
rs0050,0.04678812,0.7698106
rs1325,0.06157146,0.9347749
rs0223,0.04728455,0.7699642
rs0376,0.05238045,0.7356846
rs0428,0.05463201,0.802241
rs0463,0.04111565,0.726011
rs0496,0.02872424,0.8236296
rs1510,0.02912106,0.7823111
rs0666,0.02717647,0.7239949
rs0699,0.02072672,0.7828895
rs0648,0.01990828,0.7606382
rs0631,0.02455346,0.7622886
rs0868,0.02790264,0.7608885
rs0919,0.02247511,0.7530253
rs0985,0.02680643,0.859636
rs1122,0.02483006,0.7629472
rs1396,0.03428592,0.8131491
rs0103,0.03475006,0.8093984
rs0172,0.0222961,0.8143085
rf0443,0.0944538,0.9331887
rf0155,0.03447755,0.8663786
rf0174,0.0293353,0.7775191
rf0360,0.02811434,0.8531049
rs0579,0.02096465,0.8013189
rs1345,0.0392083,0.7139245
rs1053,0.02622227,0.7302427
rs1036,0.02796761,0.7612836
rs1139,0.03447774,0.7390595
rs1104,0.03193155,0.7803352
rf0207,0.03195889,0.7380877
rf0225,0.0217711,3.97E+07
rf0575,0.02689274,0.8141509
rf0561,0.03336274,0.6677219
rf0041,0.01778473,0.8397301
rf0783,0.03019656,0.7932513
rf0769,0.03241864,0.7292241
rf0611,0.02829761,0.7534617
rf0615,0.03119828,0.8667003
rf0629,0.0316383,0.7679178
rf0647,0.02464547,0.8822729
rf0698,0.02361193,0.7247429
rs0833,0.01837964,0.7234374
rs1307,0.05111714,0.7563869
rs0126,0.1611019,0.7934484
rs0227,0.03480911,0.7759
rs0251,0.04684777,0.8097486
rs0532,0.02327447,0.6381407
rs0736,0.02734523,0.6873006
rs1338,0.02863536,0.780029
rs1340,0.02330297,0.7297436
rs0839,0.02339558,0.7193228
rs1142,0.02949755,0.7619328
rs1240,0.04085042,0.8110704
rf0436,0.06539229,0.770513
rf0446,0.07765851,0.721397
rf0539,0.02093755,0.7258751
rf0037,0.02011867,0.7294812
rf0042,0.02250635,0.8037362
rf0137,0.02770449,0.8076668
rf0135,0.02626012,0.7471967
rf0245,0.03385217,0.8078368
rf0336,0.02440291,0.7808813
rf0345,0.02342529,0.7616245
rf0338,0.0238464,0.8563542
rf0720,0.05355912,0.7632726
rs0022,0.02630521,0.7699045
rs0046,0.03060325,0.7910222
rs0053,0.04462303,0.7161978
rs0322,0.04547919,0.842092
rs0329,0.03760413,0.7228587
rs1439,0.05067886,0.7561939
rs0432,0.04070393,0.8125702
rs0637,0.02147137,0.7381392
rs0635,0.02432689,0.7389997
rs0628,0.02059815,0.8821792
rs0738,0.02412627,0.740076
rs1035,0.02553887,0.7288279
rs1040,0.0230674,0.6689717
rs1242,0.03276327,0.7343443
rs1233,0.02821656,0.7305796
rs1235,0.02960931,0.7437257
rs0150,0.04286278,0.7999912
rs0352,0.03836073,0.7270035
rf0537,0.02111595,0.7921389
rf0236,0.0305005,0.7474672
rf0643,0.02900402,0.7654282
rs0425,0.05243434,0.7883152
rs0534,0.02124301,0.7752076
rs0556,0.02170422,0.9307091
rs0933,0.02882304,0.7684547
rs1348,0.02907908,0.7492567
rs0940,0.03997683,0.7220467
rs1033,0.02640746,0.8383881
rs1135,0.02459039,0.7612759
rf0752,0.08883572,0.7301555
rf0650,0.02558687,0.9090497
rf0619,0.03574614,0.8625882
rf0035,0.02171801,0.8563392
rf0745,0.07269122,0.7467929
rf0044,0.02094527,0.6926993
rf0238,0.02639352,0.8161162
rs0830,0.01800288,0.7068354
rs0729,0.02135043,0.7843684
rs0168,0.05849315,0.8002266
rs0276,0.04349599,0.7603139
rs0480,0.03213182,0.7823121
rs0505,0.02932363,0.9433101
rs0889,0.01657852,0.7435956
rs1295,0.05875244,0.8137161
rf0464,0.03507789,0.7143974
rf0062,0.02353157,0.8235586
rf0092,0.0370575,0.7519383
rf0096,0.03107105,0.7424114
rf0087,0.03192256,0.7620702
rf0117,0.03318571,0.8350761
rf0195,0.03130963,0.7304871
rf0186,0.02645798,0.900588
rf0263,0.0353593,0.7761536
rf0288,0.02267265,0.7638373
rf0799,0.02564697,0.7618229
rf0297,0.02511408,0.8718961
rf0356,0.02270707,0.8157757
rf0386,0.03328358,0.76617
rf0395,0.03978842,0.8147254
rs0072,0.0991558,0.7265565
rs0098,0.03787678,0.7139637
rs0202,0.02326831,0.7557546
rs0271,0.04162382,0.7252297
rs0310,0.03929811,0.7646872
rs0475,0.02908771,0.8082901
rs0514,0.01879831,0.8096197
rs0717,0.01983307,0.7442395
rs0678,0.01936081,0.7565019
rs0786,0.01921234,0.7863517
rs0777,0.02153246,0.7772567
rs0811,0.01949126,0.7591352
rs0880,0.02253,0.7346829
rs0981,0.0293931,0.7704976
rs1015,0.03167487,0.7228284
rs0990,0.0250408,0.7099506
rs1185,0.02719811,0.754539
rs1391,0.03317377,0.7606242
rs1286,0.04748222,0.7793259
rs0001,0.05671529,0.761938
rs0107,0.04201636,0.8051986
rs0177,0.02273547,0.7784919
rs0372,0.06113074,0.8542894
rs0381,0.05951443,0.8094126
rs1400,0.02940678,0.8065361
rs0407,0.04990428,0.7332965
rs0584,0.02017134,0.7355559
rs0610,0.0161932,0.7352082
rs1083,0.02603312,0.7268811
rs1092,0.02982685,0.7499711
rs1190,0.0295108,0.7412096
rs1366,0.02504481,0.7328079
rf0702,0.02426412,0.7086586
rf0668,0.02927049,0.7767777
rf0588,0.03190878,0.7755112
rf0557,0.03305864,0.7497724
rf0498,0.03314105,0.7742726
rf0774,0.02736945,0.8715097
rf0764,0.04365475,0.7262413
rf0489,0.02473955,0.72177
rf0566,0.0453437,0.7613775
rf0597,0.02889957,0.6895006
rf0693,0.02600332,0.7899322
rf0592,0.0361057,0.7241339
rs0136,0.1488642,0.7907611
rs0187,0.03500526,0.7757394
rs0256,0.05012053,0.776922
rs0343,0.04491255,0.8010899
rs0750,0.02845951,0.7943496
rs0800,0.02215494,0.8067761
rs0869,0.02213742,0.7480978
rs0882,0.01799611,0.7578134
rf0508,0.03620292,0.7375553
rf0038,0.02046022,0.7766135
rf0056,0.01897342,0.72504
rf0124,0.0255152,0.777613
rf0206,0.03109051,0.7961872
rf0175,0.02885212,0.7638102
rf0193,0.02667885,0.8101538
rf0243,0.03515781,0.7467822
rf0256,0.03795932,0.7169674
rf0274,0.03127735,0.7287629
rf0342,0.02494564,0.8366454
rf0730,0.0575569,0.7502199
rf0716,0.05423299,0.765259
rf0392,0.03347406,0.7294689
rf0410,0.06382233,0.7499994
rs0088,0.03860828,0.6577956
rs0205,0.02575668,0.7090542
rs0274,0.04491932,0.7209906
rs0325,0.04332522,0.7641367
rs0427,0.04410845,0.7976691
rs0477,0.03651708,0.7855959
rs0546,0.01893851,0.8322131
rs0565,0.0355343,0.8193476
rs0616,0.02154147,0.7156327
rs0681,0.02479752,0.7529339
rs0663,0.02664845,0.7317909
rs0832,0.02494953,0.8249131
rs0900,0.0330065,0.7545357
rs0953,0.03263324,0.7451494
rs1089,0.02770732,0.7254887
rs1086,0.02777441,0.7419298
rs1377,0.02976908,0.7331007
rs0017,0.03758543,0.7829022
rs0139,0.03831871,0.7536016
rs0357,0.04277895,0.7856089
rf0461,0.04257103,0.7509079
rf0526,0.02371058,0.753751
rf0106,0.02528416,0.7706445
rs0409,0.05231708,0.7843471
rs0495,0.0313256,0.7851884
rs1346,0.03758354,0.7917334
rs1021,0.02607975,0.7760015
rs1039,0.02897283,0.82639
rs1222,0.020684,0.6932124
rs1359,0.02891747,0.7484272
rs1154,0.03119518,0.6588251
rs0069,0.04829582,0.7378334
rf0749,0.1030148,0.7155404
rf0648,0.02809206,0.8298445
rf0576,0.03689993,0.7160013
rf0801,0.02600762,0.7758922
rf0666,0.03543691,0.7115536
rf0595,0.02757032,0.7604225
rf0679,0.02102463,0.8775841
rf0324,0.03341791,0.7615079
rs0818,0.01991419,0.7633888
rs0159,0.05465929,0.7439111
rs0262,0.04857689,0.7399236
rs0457,0.03532073,0.6833755
rs1507,0.02845951,0.7943496
rs0862,0.02045534,0.7095566
rs0965,0.03242978,0.7398042
rs1067,0.02572927,0.7507069
rs1509,0.02780817,0.6944157
rf0512,0.03635471,0.7770846
rf0507,0.03998097,0.744526
rf0003,0.02604644,0.7232296
rf0010,0.02750439,0.8298643
rf0076,0.0308077,0.7163693
rf0370,0.02527396,0.776135
rf0404,0.05160998,0.7315264
rf0411,0.06379795,0.7608793
rf0406,0.06579507,0.7422421
rs1313,0.04595684,0.8456458
rs0013,0.05387206,0.7923484
rs1473,0.02478432,0.7524627
rs0124,0.07603598,0.7217111
rs0225,0.03580128,0.7535957
rs0560,0.02088243,0.8266212
rs0566,0.02250903,0.7725112
rs0669,0.02627398,0.7694374
rs0703,0.02027173,0.7555916
rs0662,0.0271212,0.7271461
rs0828,0.02159623,0.7752621
rs0804,0.01794275,0.7699575
rs0931,0.01846383,0.7650505
rs0967,0.03752046,0.7625623
rs1001,0.02954219,0.7406971
rs1108,0.02395066,0.7930037
rs1208,0.02754229,0.7745572
rs0011,0.05369803,0.7720963
rs0048,0.04794289,0.7864421
rs0117,0.04256065,0.7238285
rs0260,0.02724499,0.7986542
rs0365,0.04888998,0.8125625
rs0399,0.04481117,0.7286595
rs1266,0.03205106,0.7699509
rs1407,0.03344582,0.7444294
rf0213,0.03235779,0.7540227
rf0247,0.0304614,0.7950736
rs0423,0.05037327,0.7672261
rs0667,0.02323583,0.8082826
rs1350,0.02973848,0.7133561
rs1074,0.02768441,0.7811208
rs1174,0.03025662,0.754818
rs1210,0.0221941,0.7557529
rs1373,0.02806829,0.7854801
rs0152,0.02967825,0.7151783
rf0675,0.02499926,0.7126954
rf0652,0.02701685,0.7888839
rf0304,0.02763629,0.9394493
rf0110,0.03037091,1.042925
rf0514,0.03353041,0.7258419
rf0779,0.03186472,1.28E+07
rf0112,0.04933522,0.7945334
rf0146,0.02955373,0.895748
rf0617,0.03207688,0.8043454
rf0270,0.03258062,0.8080965
rf0709,0.03104272,0.9774895
rs0530,0.02360634,0.7680171
