name,name,exth,modelg_r,extj,extk,e_uhmag,exti,ukmag,extg,2kmag,nuvmag,extz,dedeg,e_zmag,e_ukmag,e_uymag,extu,radeg,extr,e_2kmag,2jmag,r50,gmag,uymag,rmag,modelg_i,modelg_j,dgr,2hmag,imag,b_a,extnuv,r90,e_2hmag,e_imag,modelu_j,modelu_k,modelu_i,modelu_r,logmstar,e_uvm2mag,grpcz,uvm2mag,e_rmag,absrmag,modelg_k,zmag,extuvm2,exty,e_umag,cz,e_nuvmag,e_2jmag,e_gmag,uhmag,umag,fl_insample,sdss_dr10_objid,flux_ratio_2c,r50_deconv1,sdss_dr12_specid,b_a_deconv1,dist2d_nn2,dist2d_nn3,dist2d_nn1,f_b,f_a,r50_deconv2c,r50_deconv2e,sdss_dr7_objid,b_a_innerdisk,sdss_dr7_specid,b_a_deconv2e,sdss_dr10_specid,b_a_deconv2c,sdss_dr12_objid,vdisp,logmstar_84,vrot,sfr_nuv,mu_delta,logmgas,sfr_nuv_wise,logmstar_16,ccr_star,ccr_bary,econame,ccr_lum,morph,morphel,mhi,ehiasym,ew20,emhi_corr_sys,w20,eb_a_innerdisk,ew50,eb_a,peaksnhi,confused,limflag,mhi_corr,hitelescope,emhi,emhi_corr_rand,w50,hiasym,grpn,grprproj_stack,grpabsrmag,logmh_dyn,grpsig,logmh_s,fc,logmh,ccr,grprproj,grpnassoc,grpmb,grp,grpms,logmh_dyn_stack,grpsig_stack,logmh_dyn_smooth,meanfsmgr,meanfsmgre15,logmstare15,kin_slit_flag,kin_done_hi,kin_done_blue,kin_done_red,kin_blue_code,kin_ifu_flag,kin_red_code,modelg_jcorr,modelu_icorr,modelu_jcorr,modelg_kcorr,absrmagcorr,modelu_kcorr,modelg_rcorr,modelu_rcorr,modelg_icorr,fuvmag,extfuv,e_fuvmag,centralout,logmbary_pc,NAME,oii_3726_flux,oii_3726_flux_err,oii_3729_flux,oii_3729_flux_err,neiii_3869_flux,neiii_3869_flux_err,h_delta_flux,h_delta_flux_err,h_gamma_flux,h_gamma_flux_err,oiii_4363_flux,oiii_4363_flux_err,h_beta_flux,h_beta_flux_err,oiii_4959_flux,oiii_4959_flux_err,oiii_5007_flux,oiii_5007_flux_err,hei_5876_flux,hei_5876_flux_err,oi_6300_flux,oi_6300_flux_err,nii_6548_flux,nii_6548_flux_err,h_alpha_flux,h_alpha_flux_err,nii_6584_flux,nii_6584_flux_err,sii_6717_flux,sii_6717_flux_err,sii_6731_flux,sii_6731_flux_err,ariii7135_flux,ariii7135_flux_err,oii_flux,oii_flux_err,oiii_flux,oiii_flux_err,Flux_HeII_3203,Flux_HeII_3203_Err,Flux_OII_3726,Flux_OII_3726_Err,Flux_OII_3728,Flux_OII_3728_Err,Flux_NeIII_3868,Flux_NeIII_3868_Err,Flux_Hd_4101,Flux_Hd_4101_Err,Flux_Hg_4340,Flux_Hg_4340_Err,Flux_OIII_4363,Flux_OIII_4363_Err,Flux_HeII_4685,Flux_HeII_4685_Err,Flux_ArIV_4711,Flux_ArIV_4711_Err,Flux_Hb_4861,Flux_Hb_4861_Err,Flux_OIII_4958,Flux_OIII_4958_Err,Flux_OIII_5006,Flux_OIII_5006_Err,Flux_HeI_5875,Flux_HeI_5875_Err,Flux_OI_6300,Flux_OI_6300_Err,Flux_NII_6547,Flux_NII_6547_Err,Flux_Ha_6562,Flux_Ha_6562_Err,Flux_NII_6583,Flux_NII_6583_Err,Flux_SII_6716,Flux_SII_6716_Err,Flux_SII_6730,Flux_SII_6730_Err
rs0083,rs0083,0.04,0.241856,0.07,0.03,-99.0,0.16,-99.0,0.29,-99.0,18.43,0.11,2.5481473,0.39,-99.0,-99.0,0.39,143.09598,0.21,-99.0,-99.0,20.1,16.71,-99.0,16.39,0.392803,1.53617,-0.12,-99.0,16.23,0.52,0.7,41.37,-99.0,0.14,2.52476,3.36152,1.38139,1.23044,8.67,-99.0,5051.36,-99.0,0.22,-18.11,2.37293,15.9,0.71,0.09,0.43,5037.5,0.52,-99.0,0.19,-99.0,17.42,1,1237654599949746359,0.215168,43.9203,534959444002367488,0.3308,1.307,1.3615,0.51788,0,1,25.6009,189.646,587727944567816247,0.417094,-999,0.2015,534959444002367488,0.226,1237654599949746359,0.0,8.87,0.0,0.1963258,6.840110000000001,9.7531,0.22050784,8.53,-99.0,1.03765,ECO01091,1.0995700000000002,10.5,L,4045520000.0,0.0624894,0.0,0.0,0.0,0.0162702,2.19873,-99.0,22.7982,0,0,0.0,ALFALFA,73332600.0,0.0,62.2583,-0.0990394,1.0,0.0,-18.1081,0.0,0.0,10.9869,1,11.0389,1.18303,0.0,1.0,9.7845,1586.0,8.6845,0.0,0.0,0.0,2.65127,2.67935,8.67,0,1,0,0,0,0,0,1.29854,1.14557,2.19247,2.07487,-18.338,2.9688,0.15353,1.04746,0.251637,18.7249,0.6142,0.2395,0,9.775,rs0083,0.0,,0.0,,-16.11124849252159,-24.094242740795213,14.768152235773785,15.04517911585203,24.086887249014286,13.464001118919493,9.505660995951557,9.778712211890245,34.794860553780104,11.374959832158305,20.00643752571744,7.573110892489231,87.96958135134619,24.569112458055052,3.881421231531812,4.3741056739483986,2.5786017376237997,2.2531446176557406,3.5274285119606974,0.8097988608930382,99.51330118381108,14.5111326098361,10.558429267079221,2.411758347743631,16.557759909273166,4.025438320023193,10.9646665747634,2.43054717629366,3.5786181192153927,2.0400258915764127,0.0,1.12879,29.30078,11.64503,0.0,0.0,0.0,0.0,0.0,0.0,0.0,0.0,0.0,0.0,23.75561,13.28597,0.0,0.0,13.35545,15.146770000000002,0.0,0.0,24.76238,10.83296,12.42697,2.629261,35.50562,7.512175999999998,1.789945,21.66139,0.0,0.0,0.0,0.0,69.34821,8.752857,0.0,0.0,30.00662,52.18149,12.01786,94.39189
rs0137,rs0137,0.08,0.583309,0.13,0.05,0.24,0.29,-99.0,0.53,14.49,21.58,0.21,0.74094855,0.03,-99.0,0.17,0.73,146.84221000000005,0.39,0.22,14.97,4.16,17.58,15.55,16.82,0.847635,2.04259,-0.01,13.9,16.42,0.62,1.29,10.66,0.27,0.04,3.35271,4.12903,2.15776,1.89344,9.13,-99.0,5836.54,-99.0,0.04,-18.17,2.8189,16.18,1.33,0.17,0.17,5836.8,0.23,0.2,0.03,14.41,19.04,1,1237648722289950973,0.8643639999999999,16.5439,299658727357704192,0.6214,0.45795,0.8523700000000001,0.12133,0,1,16.1598,16.1598,588848900971888858,0.615847,75093975299522560,0.6312,299658727357704192,0.6124,1237648722289950973,0.0,9.25,0.0,0.031127049,8.68984,8.27294,0.031127049,8.97,-99.0,-99.0,ECO05097,1.02346,-0.5,L,133911000.0,0.189902,0.0,0.0,70.199,0.00762115,6.0145,0.0068,3.07064,0,0,0.0,AO,19178700.0,0.0,104.958,-0.174528,2.0,0.121891,-20.6368,0.0,6.0525699999999985,11.7079,0,11.7079,1.05331,0.0605328,2.0,10.2755,4441.0,10.2145,0.0,61.8247,11.6058,0.0316693,0.473323,9.07,0,0,0,0,0,0,0,1.92804,2.01478,3.17537,2.68439,-18.2804,3.93172,0.526697,1.77403,0.767452,22.7393,1.142,0.6615,0,9.185,rs0137,0.0,,0.0,,17.4720494590665,14.295948088696127,68.88626565405865,10.699648523211064,121.4301777125955,11.692273908976881,4.240719213097427,7.418219417627402,235.08920755207103,14.375796449043266,67.39118097604754,6.592569562984742,204.1351150035143,12.150224312903733,25.88805979403141,3.953078426558461,33.840129200825416,3.1481025957428868,60.725521875108434,2.052621294551971,672.3551335989231,19.400210809192227,182.32738315437697,6.111988859566172,168.82729478006226,5.795661255384765,132.00973362244878,5.401718559997879,16.684578470499805,3.49869239052611,0.0,1.0314530000000002,107.6172,3.657621,0.0,0.0,-9999.0,0.0,-9999.0,0.0,18.23344,6.466945,22.15401,4.684606,41.4436,4.957766,0.0,0.0,0.0,0.0,0.0,0.0,108.9639,4.772122,34.150459999999995,1.808975,97.57275,5.1685,15.07905,3.441806,24.23484,2.850401,43.98562,1.425905,502.202,9.119094,129.3695,4.193838,123.1945,4.09806,97.80504,4.33639
rs0200,rs0200,0.02,0.553604,0.03,0.01,-99.0,0.08,-99.0,0.14,13.53,20.33,0.06,0.61739999,0.88,-99.0,-99.0,0.2,151.48373,0.1,0.35,14.8,6.82,17.18,-99.0,16.54,0.850145,2.21619,0.07,-99.0,16.2,0.9,0.35,19.14,-99.0,0.07,3.5973900000000003,4.5491,2.2313400000000003,1.9348,9.17,-99.0,6146.77,-99.0,0.07,-18.34,3.1679,16.03,0.36,0.05,0.24,6310.5,0.23,0.2,0.03,-99.0,18.31,1,1237651801771606273,0.115208,15.8361,303003446427019264,0.6122,0.042202,0.047521,0.041538,0,1,10.8895,16.5073,587728949585051887,0.926069,75939722567876608,0.7711,303003446427019264,0.2193,1237651801771606273,0.0,9.37,0.0,0.13616428,8.37144,8.30037,0.17754355,9.03,1.03366,-99.0,ECO07290,1.01699,12.0,L,521551000.0,0.0,0.0,241652000.0,180.76,0.0952492,11.4544,0.0319,4.9379300000000015,1,0,241652000.0,GBT,63514400.0,40648600.0,122.318,0.0,5.0,0.157192,-22.5708,0.0,146.869,13.1209,0,12.8759,1.097,0.08715060000000001,8.0,11.3025,5653.0,11.2855,0.0,109.674,12.6383,0.427922,0.522008,9.17,0,0,0,0,0,0,0,1.65688,1.6348200000000002,2.78911,2.47985,-18.857,3.61208,0.328373,1.46061,0.502586,21.1405,0.309,0.4408,0,9.225,rs0200,0.0,,0.0,,4065.918015150533,20133.081010575803,134.25966878492994,843.3929608664481,384.8818198499264,1495.8721828891735,183.65695770152104,745.2902775100952,42.84806180474098,146.3597846785943,42.899310806678905,146.35786108025482,47.02359276099849,145.00052847877419,2.4064170378990424,21.243361152077576,22.0644134683671,37.70422410343715,12.794603463947293,19.276763153426298,122.5454567615592,181.6739424063206,37.65786484771543,56.0186939231894,51.26362158081865,75.36795024388837,26.669865823107877,38.44643344629603,-2.362975565848311,-7.6372948521670425,0.0,1.142266,1.630015,1.571858,0.0,0.0,0.0,0.0,0.0,0.0,7.570676,11.30698,2.218814,11.56631,7.7883330000000015,5.897387,2.167252,12.85229,3.910673000000001,7.247832000000002,0.0,0.0,2.782966,7.689610000000001,0.28539040000000004,4.225631,0.8154011999999999,12.07323,1.202815,12.42497,3.334828,3.384849,2.084095,0.952607,22.9114,3.318602,6.129691,2.801785,7.984661999999998,3.504761,4.72455,4.887903
rs0261,rs0261,0.03,0.572756,0.05,0.02,0.03,0.11,11.48,0.2,11.47,18.32,0.08,0.68495549,0.02,0.07,0.04,0.27,156.58807,0.14,0.06,12.55,6.31,15.21,13.16,14.53,0.890911,2.38278,-0.09,11.85,14.17,0.61,0.48,14.93,0.03,0.02,3.73068,4.75941,2.23881,1.92066,10.01,-99.0,6243.64,-99.0,0.02,-20.37,3.41151,13.89,0.5,0.06,0.04,6249.6,0.03,0.04,0.02,11.86,16.61,1,1237648722294210614,1.0,76.1614,306393791051360256,0.6709999999999999,0.40447,0.46422,0.28022,0,1,92.2449,750.0,588848900976148548,0.61116,76784280834932736,0.0001,306393791051360256,0.6678,1237648722294210614,0.0,10.15,0.0,1.2917714,9.15807,9.16091,3.8253793,9.91,1.1415,1.15598,ECO08732,1.17831,1.0,L,1034630000.0,0.527288,0.0,0.0,0.0,0.00861793,14.9163,0.0078,2.67141,0,0,0.0,ALFALFA,169302000.0,0.0,46.5698,0.0562029,1.0,0.0,-20.3688,0.0,0.0,11.6149,1,11.6049,1.17952,0.0,1.0,10.1265,6860.0,10.0825,0.0,0.0,0.0,0.339097,0.285632,10.03,0,0,0,0,0,0,0,1.7907099999999998,1.54722,2.83136,2.69133,-20.8953,3.73198,0.315329,1.35598,0.5065729999999999,19.021,0.4259,0.2145,0,10.065,rs0261,0.0,,0.0,,620.1445314859909,76.19039139843302,984.223388190984,74.00332518594767,1547.5259376450156,96.30846733775354,88.70378534353183,42.22962354024536,2985.7067170218493,151.50148294217425,1128.0277692177838,64.7941604264675,3050.8715066120362,149.8781782257745,220.78266338884492,23.23881234626927,392.892043972213,25.440799684433173,1655.6689080445108,56.76056203587665,8539.12121068249,290.0247480023778,4958.087827884732,169.02018638177202,1737.05681165542,63.45628235059728,1435.6799103368896,54.67708083246682,161.87447915147982,20.190203709637533,0.0,1.055058,625.3676,9.777512,0.0,0.0,372.217,81.24651,-9999.0,0.0,120.4297,11.81637,93.65645,9.569862,171.3943,8.494315,0.0,0.0,0.0,0.0,0.0,0.0,419.5796,11.03018,182.8658,4.113273,522.4738,11.75221,31.82816,9.707941,93.22286,8.960768,420.3624,6.175693,2084.854,30.56207,1236.36,18.1638,469.5238,13.30478,385.3576,13.62379
rs0325,rs0325,0.02,0.255383,0.04,0.02,2.32,0.09,15.54,0.16,14.44,19.39,0.06,2.0896241,0.11,0.62,0.49,0.22,161.45656,0.12,0.68,15.44,11.2,17.34,16.35,16.86,0.404333,1.48739,-0.03,14.28,16.81,0.61,0.4,27.09,0.27,0.05,2.53566,3.32409,1.4526,1.30365,8.47,-99.0,5520.02,-99.0,0.14,-17.73,2.27582,16.57,0.41,0.05,0.27,5487.3,0.06,0.63,0.03,14.61,17.82,1,1237654029787267382,0.6445930000000001,23.8155,570914305373923328,0.6071,0.2115,0.46042,0.1282,0,1,26.4551,26.4551,587728308562362679,0.662259,142932668881829888,0.4011,570914305373923328,0.8061,1237654029787267382,0.0,8.67,0.0,0.1014953,7.25203,9.14007,0.1014953,8.37,-99.0,-99.0,ECO06945,1.1740000000000002,11.0,L,986148000.0,0.22347,0.0,0.0,0.0,0.050558,9.45374,0.0202,3.11761,0,0,0.0,ALFALFA,130520000.0,0.0,130.186,-0.143541,3.0,0.0970121,-19.913,0.0,33.2927,11.3989,0,11.4569,1.46236,0.109648,3.0,9.9675,802.0,9.7055,0.0,63.2501,11.4958,1.73551,1.6578099999999998,8.49,0,?,0,0,0,0,0,1.26702,1.23607,2.22942,1.9994,-17.7982,2.9618,0.17381300000000002,1.13621,0.273668,19.8058,0.3494,0.0845,0,9.215,rs0325,0.0,,0.0,,22.368863936256627,40.23983858897609,1.4899734347794358,10.061079373693325,2.1808209205868736,7.597501577418642,0.5041580526056988,7.740007216824441,8.219612503560398,8.967250896961406,4.293303365338076,6.268462133729372,14.86839700918044,14.129566897060249,5.159019565892566,4.3493647771878114,5.711973422804427,3.695912866798696,1.9955743972295967,1.1603243570296415,23.508091760182733,11.33146085353312,5.983200254248028,3.4486624686310363,12.274908047859848,5.970065314325716,8.219332545041507,4.250328098407584,1.9631044757666432,2.520420470298206,0.0,1.080652,5.952225,1.78345,0.0,0.0,-9999.0,0.0,0.0,0.0,1.871029,24.11807,4.855666,9.425789,4.610263,5.252749,0.0,0.0,2.191646,10.36958,0.0,0.0,8.419589,4.327921,3.3024690000000003,1.808696,9.435627,5.167703,4.179558,5.633966,2.59943,4.3801510000000015,1.162907,1.328557,23.2671,3.444516,3.420316,3.90752,9.761716,3.143542,6.084295,3.1094060000000003
rs0507,rs0507,0.02,0.175758,0.02,0.01,0.59,0.06,15.53,0.1,-99.0,19.51,0.04,1.1726499,0.06,1.33,0.69,0.14,173.21815,0.07,-99.0,-99.0,7.1,17.57,16.72,17.27,0.275915,1.28641,-0.11,-99.0,16.64,0.94,0.24,25.12,-99.0,0.38,2.30357,3.06352,1.29308,1.19292,8.15,-99.0,5447.7,-99.0,0.29,-17.26,2.04636,17.24,0.25,0.03,0.61,5447.7,0.47,-99.0,0.14,15.89,18.54,0,1237648722838356540,-999.0,-999.0,-999,-999.0,0.40444,0.5241,0.24087,0,1,-999.0,-999.0,588848901520294418,0.949767,-999,-999.0,-999,-999.0,1237648722838356540,0.0,8.25,0.0,0.052294233,7.62197,8.4922,0.076413619,8.09,-99.0,-99.0,ECO13320,-99.0,-999.0,L,356650000.0,0.0,0.0,0.0,0.0,0.175331,0.0,0.0378,0.0,0,1,0.0,ALFALFA,0.0,0.0,0.0,0.0,1.0,0.0,-17.2566,0.0,0.0,10.8669,1,10.8509,1.78719,0.0,1.0,8.645,9524.0,8.15,0.0,0.0,0.0,4.74602,4.87794,8.15,0,0,0,0,0,0,0,1.20577,1.21541,2.1924,1.94446,-17.1522,2.93108,0.146618,1.13324,0.228786,0.0,0.2156,0.0,0,8.655,,,,,,,,,,,,,,,,,,,,,,,,,,,,,,,,,,,,,,,,,,,,,,,,,,,,,,,,,,,,,,,,,,,,,,,,,,,,,
rs0764,rs0764,0.02,0.285179,0.02,0.01,1.54,0.06,15.62,0.1,-99.0,20.24,0.04,0.3225238,0.06,0.46,0.47,0.14,182.90425,0.07,-99.0,-99.0,2.91,17.9,16.85,17.5,0.439711,1.52333,0.17,-99.0,17.31,0.57,0.24,8.6,-99.0,0.03,2.6638,3.4582,1.58018,1.42564,8.33,-99.0,5894.35,-99.0,0.06,-17.23,2.31773,17.33,0.25,0.03,0.08,5982.0,0.13,-99.0,0.03,15.53,19.11,0,1237648721768874274,-999.0,-999.0,323249580558804992,-999.0,0.10697,0.28236,0.098221,0,1,-999.0,-999.0,588848900450812118,0.563188,81006757173788672,-999.0,323249580558804992,-999.0,1237648721768874274,0.0,8.49,0.0,0.046001599,8.35706,8.71519,0.065788495,8.27,-99.0,-99.0,ECO00278,-99.0,-999.0,E,611970000.0,0.403117,0.0,400263000.0,0.0,0.0203025,9.2829,0.0203,2.5827400000000003,1,0,420486000.0,ALFALFA,185250000.0,132768000.0,113.596,-0.0912256,2.0,0.10001,-19.0395,0.0,121.679,11.2019,0,11.2299,1.47217,0.100594,3.0,9.6195,5901.0,9.2455,0.0,66.7278,11.6273,1.80277,1.92224,8.33,0,0,0,0,0,0,0,1.33339,1.39384,2.4003,2.0796,-17.367,3.14651,0.21470300000000006,1.28161,0.326931,20.8074,0.2134,0.3129,0,8.865,rs0764,0.0,,0.0,,12.36024892502073,8.815022527097128,0.4630181756133672,3.806751658581927,21.956232979581145,8.613351307511499,-0.2724749600601629,-3.351353407428693,15.480091732910516,4.983735013292903,5.977930866350862,2.98502117689427,17.719011255831173,5.322759621677495,4.148331169110793,2.265230114920644,6.634847150945778,1.8675518860252711,4.197728528864086,0.7691435288126718,44.27306235612408,6.4644233423810995,12.632227386255774,2.2967816623678137,15.035972752622294,2.5841702585680224,6.385314816620963,2.246225357343173,-229.5080972998024,-311.0586117489814,0.0,1.125294,13.04576,2.141013,0.0,0.0,51.9553,67.88277,46.8903,15.94219,26.25265,12.20251,5.164297,7.664002,19.4181,3.3671900000000003,0.0,0.0,3.4227550000000004,4.103989,0.8463305,9.610864,16.18021,4.902804,6.400129,1.350157,18.28608,3.857592,1.275743,5.3245510000000005,7.365906,1.9565740000000005,5.423186,0.9464762,43.02659,2.857428,15.95055,2.783753,14.27564,2.236021,7.218927000000001,3.2891550000000005
rs0771,rs0771,0.02,0.292099,0.03,0.01,1.83,0.06,15.3,0.11,-99.0,19.57,0.04,0.89427602,0.2,0.46,0.44,0.15,183.12855,0.08,-99.0,-99.0,7.11,17.76,16.75,17.41,0.468161,1.62154,-0.12,-99.0,17.15,0.61,0.27,15.49,-99.0,0.03,2.59607,3.41631,1.44269,1.26662,8.45,-99.0,6191.09,-99.0,0.02,-17.4,2.44178,16.91,0.28,0.04,0.07,6187.8,0.07,-99.0,0.04,16.22,18.68,1,1237648705650688217,0.469322,6.2927,323254528361129984,0.7426,0.32035,0.47653,0.043975,0,1,8.226,8.226,587722984425783490,0.652934,81006757249286144,0.4241,323254528361129984,0.4501,1237648705650688217,0.0,8.65,0.0,0.14125257,7.40253,9.28115,0.15598992,8.35,-99.0,1.0424,ECO07318,1.22186,11.0,L,1364650000.0,0.194446,0.0,0.0,0.0,0.0441073,18.2179,0.0284,2.94723,0,0,0.0,ALFALFA,202853000.0,0.0,139.136,0.0662599,1.0,0.0,-17.4916,0.0,0.0,10.9389,1,10.9239,1.49036,0.0,1.0,9.3475,5933.0,8.5315,0.0,0.0,0.0,1.40215,1.40034,8.45,0,?,0,0,0,0,0,1.27369,1.0925200000000002,2.10626,2.00653,-17.754,2.83911,0.161144,0.993721,0.259943,19.859,0.2375,0.2052,0,9.335,rs0771,0.0,,0.0,,4.130131840035307,3.4071165670521597,6.537294667508661,2.9380556325801868,4.952544309094763,2.3853104167895407,-0.5918255438883452,-1.7647488005779417,13.819948967970676,3.3994402546429736,6.184151473948934,1.9276851902841972,16.9742188704423,3.810048320614832,2.1230708411701795,1.5466846648738506,1.095170816921113,1.0601458778362791,0.5118770080978505,0.2973994827018704,39.525054048396136,4.479892247806527,1.5434491115708344,0.8963383626206815,8.393944384183348,1.4313186420119448,8.277754482033611,1.5789973065775469,2.4280184019224627,2.0230884249963426,0.0,1.038184,16.11206,1.665286,0.0,0.0,81.45303,69.83202,12.63646,126.8536,8.171868,9.648488,8.087558,6.309831,8.736402,5.6507830000000006,0.0,0.0,2.0262330000000004,5.576911,0.7862666,18.435270000000006,21.536620000000006,3.653594000000001,8.720907,1.310626,24.91688,3.744644,3.204682,4.038096,1.7761630000000002,4.578583999999998,1.340674,0.8175432,53.39968,3.890023,3.94316,2.404539,13.9408,3.442308,12.13307,3.118962
rs0796,rs0796,0.01,0.221375,0.02,0.01,0.82,0.05,16.79,0.08,14.07,20.06,0.03,2.0995813,0.15,4.59,1.07,0.11,184.69862,0.06,2.88,-99.0,8.02,18.27,17.25,17.84,0.34824,1.38204,-0.01,13.99,17.73,0.5,0.2,17.26,1.92,0.07,2.40762,3.16816,1.37382,1.24696,8.17,-99.0,6526.5,-99.0,0.04,-17.07,2.14257,17.81,0.21,0.03,0.53,6526.5,0.08,-99.0,0.04,16.96,19.3,0,1237651753475506436,-999.0,-999.0,-999,-999.0,0.97447,1.1481,0.21562,0,1,-999.0,-999.0,587726032250601735,0.574375,-999,-999.0,-999,-999.0,1237651753475506436,0.0,8.33,0.0,0.052336694,6.959160000000002,8.72917,0.067699817,8.07,-99.0,-99.0,ECO13713,-99.0,-999.0,L,641396000.0,0.0,0.0,0.0,0.0,0.059336300000000015,0.0,0.1855,0.0,0,1,0.0,ALFALFA,0.0,0.0,0.0,0.0,1.0,0.0,-17.0678,0.0,0.0,10.8659,1,10.7903,1.0,0.0,1.0,8.825,9560.0,8.17,0.0,0.0,0.0,2.24191,2.25245,8.17,0,0,0,0,0,0,0,1.23652,1.23139,2.20571,1.95966,-17.1056,2.92885,0.167753,1.13695,0.262194,0.0,0.1776,0.0,0,8.835,,,,,,,,,,,,,,,,,,,,,,,,,,,,,,,,,,,,,,,,,,,,,,,,,,,,,,,,,,,,,,,,,,,,,,,,,,,,,
rs0814,rs0814,0.01,0.097353,0.02,0.01,-99.0,0.04,15.76,0.07,-99.0,18.24,0.03,4.8360734,0.05,0.35,0.26,0.09,185.81878,0.05,-99.0,15.39,1.84,17.05,16.97,17.2,0.150881,1.09641,0.19,-99.0,17.35,0.8,0.16,4.92,-99.0,0.05,1.98073,2.69877,1.0352,0.981676,8.07,-99.0,5245.4,-99.0,0.03,-17.23,1.81445,17.23,0.17,0.02,0.05,5245.4,0.06,0.14,0.04,-99.0,18.62,0,1237668675622535199,0.659553,4.5776,3242655029273847808,0.5615,0.12393,0.4467100000000001,0.040557,0,1,3.3039,10.32,587742954397630497,0.752883,810882048263716864,0.7676,3242655029273847808,0.4662,1237668675622535199,0.0,8.09,0.0,0.073399692,8.53117,9.04088,0.073399692,8.03,-99.0,-99.0,ECO12721,-99.0,-999.0,E,1457690000.0,0.0,0.0,558389000.0,0.0,0.033456,13.3253,0.0062,4.5914199999999985,1,0,1346920000.0,ALFALFA,92762200.0,93169200.0,115.776,0.0,1.0,0.0,-17.2274,0.0,0.0,10.9819,1,10.8422,1.99038,0.0,1.0,9.005,9563.0,8.07,0.0,0.0,0.0,11.0873,11.4845,8.07,1,0,1,0,10000,0,0,1.09627,1.0350700000000002,1.98054,1.81427,-17.1471,2.69855,0.0973034,0.981577,0.150799,0.0,0.1448,0.0,0,9.085,rs0814,0.0,,0.0,,997.2980315029147,34.61277619979903,527.3865592557759,16.853019099688034,929.6575721198576,24.868455509418503,214.85671235548156,7.430334390481672,1868.2340136049506,38.45881116116194,4603.003610467008,89.34974022097178,12955.96713609104,251.07811263557844,200.97740818646824,4.401076570789743,36.53728811610735,2.0085334989110972,22.651404910323034,0.7036273341997729,5343.149278910159,62.77915958860405,68.30180459564332,2.119133269606227,151.2954623964096,3.3505416575807905,112.58172788711555,2.7188987223962324,116.33014149622144,2.794951774193461,0.0,1.124031,12478.29,100.1235,0.0,0.0,0.0,0.0,1501.246,33184.42,1781.767,77.80320999999998,819.8217,36.51551,1414.005,55.49081999999999,319.2563,17.338620000000002,9.965773,6.87147,50.05487,7.410833,2816.626,109.7322,6956.0430000000015,250.1026,19874.41,714.579,288.0631,11.19512,52.66194,5.280138,38.28472,2.388152,7984.772,219.8118,112.6021,7.023977,221.4497,8.838737,168.3347,6.541939
rs0817,rs0817,0.01,0.560783,0.01,0.01,0.15,0.03,11.9,0.06,12.04,16.12,0.02,2.6791284,0.17,0.24,0.13,0.08,185.85052,0.04,0.27,12.62,5.68,15.21,13.23,14.49,0.8761200000000001,2.37516,-0.07,11.77,14.17,0.63,0.15,20.27,0.32,0.03,3.4056900000000003,4.34578,1.90665,1.59131,10.39,-99.0,6950.91,-99.0,0.09,-20.54,3.31525,13.92,0.15,0.02,0.11,6950.0,0.02,0.08,0.03,12.08,16.48,1,1237651754012901399,0.717498,27.238000000000003,584475955494414336,0.7738,0.75543,0.85664,0.711,0,1,11.8147,18.665,587726032787996684,0.6269100000000001,146310068730593280,0.5815,584475955494414336,0.8398,1237651754012901399,0.0,10.43,0.0,1.1524903,9.85071,8.83533,1.8271805,10.37,1.1105200000000002,1.18472,ECO11443,1.16792,-1.0,E,488876000.0,0.0,0.0,0.0,0.0,0.010261200000000002,0.0,0.0284,0.0,0,1,0.0,GBT,0.0,0.0,0.0,0.0,1.0,0.0,-20.6602,0.0,0.0,11.9039,1,11.7179,1.18739,0.0,1.0,10.4575,8649.0,10.4435,0.0,0.0,0.0,0.025604,0.0256039,10.39,1,0,1,0,100,0,0,2.35662,1.87387,3.3686,3.29526,-20.4932,4.30724,0.550203,1.56219,0.8618790000000001,0.0,0.1311,0.0,0,10.405,,,,,,,,,,,,,,,,,,,,,,,,,,,,,,,,,,,,,,,,,,,,,,,,,,,,,,,,,,,,,,,,,,,,,,,,,,,,,
rs0898,rs0898,0.02,0.6378159999999999,0.03,0.01,3.22,0.06,-99.0,0.12,-99.0,23.28,0.05,3.6105631,0.56,-99.0,1.07,0.16,190.27878,0.09,-99.0,-99.0,7.74,18.46,17.19,17.85,0.917539,2.12258,-0.01,-99.0,17.44,0.84,0.28,17.79,-99.0,0.06,3.46559,4.2316699999999985,2.26055,1.98083,8.41,-99.0,4619.3,-99.0,0.08,-16.33,2.88866,17.25,0.29,0.04,1.46,4619.3,0.83,-99.0,0.06,17.42,19.54,0,1237651737908936863,-999.0,-999.0,586739026023704576,-999.0,1.9482,1.9928,1.8795,0,1,-999.0,-999.0,587726016684032130,0.704476,-999,-999.0,-999,-999.0,1237651737908936863,0.0,8.55,0.0,0.0023743864,7.67545,7.93312,0.0202216,8.39,-99.0,-99.0,ECO13722,-99.0,-999.0,L,224368000.0,0.0,0.0,0.0,0.0,0.423807,0.0,0.0465,0.0,0,1,0.0,ALFALFA,0.0,0.0,0.0,0.0,1.0,0.0,-16.3279,0.0,0.0,10.9394,1,10.4491,1.30985,0.0,1.0,8.535,9579.0,8.49,0.0,0.0,0.0,0.00472964,0.0894038,8.49,0,0,0,0,0,0,0,2.09518,2.22699,3.42441,2.85655,-16.3865,4.18578,0.623578,1.9528,0.897761,0.0,0.2516,0.0,0,8.535,rs0898,1885.0441007761733,4819.111348714703,7900.405470604659,18493.942496602383,1811.6294044340807,3951.961632803272,-724.0217599149215,-1413.2495824869836,-133.3406577960092,-304.9999278253416,125.24967400466495,279.7088267320653,120.86017887256295,179.7351567658216,111.58722477889494,159.7925404385565,165.16590910278416,215.49697612157024,5.494725109341181,25.159673097856192,58.71359586861761,47.15564855072543,76.05639751358976,49.88235340770557,345.66011157553015,224.96370667341813,224.66300792394085,145.47770690873688,87.996082199223,60.26473781788403,54.765631303744065,37.620429795315935,21.155266452029096,21.578766352781805,30.13912,41.08366,6.173443,2.907299,0.0,0.0,0.0,0.0,144.9326,26.82168,52.13317,30.673920000000006,0.0,0.0,7.350571,11.34422,0.0,0.0,10.26165,19.96469,0.0,0.0,5.936958,233.8934,7.628361,3.615527,21.79532,10.33008,0.0,0.0,25.30069,16.26651,37.92449000000001,5.055884,163.5746,26.33657,111.5426,14.87025,49.94434,19.6688,24.52381,11.36804
rs0924,rs0924,0.02,0.498632,0.03,0.01,1.26,0.06,15.17,0.11,12.97,20.66,0.04,2.2890901,0.28,0.73,0.59,0.15,193.0964,0.08,0.36,-99.0,12.9,17.56,16.37,16.87,0.728773,1.89562,0.13,-99.0,16.76,0.72,0.27,26.47,-99.0,0.04,3.1899,3.9795,2.02305,1.7929099999999998,8.85,-99.0,6805.9,-99.0,0.1,-18.15,2.68522,16.29,0.28,0.04,1.03,6805.9,0.83,-99.0,0.07,15.35,17.49,1,1237651736299569457,0.999879,120.422,588930622542604288,0.5893,1.8928,2.5269,1.5961,0,1,121.408,750.0,587726015074664734,0.956861,147434864084254720,0.0686,588930622542604288,0.6085,1237651736299569457,0.0,9.01,0.0,0.037453026,7.16113,8.38638,0.14513856,8.79,-99.0,-99.0,ECO13728,1.02576,11.0,L,173881000.0,0.170844,0.0,0.0,86.4373,0.047208,5.59025,-99.0,4.82752,0,0,0.0,AO,30075900.0,0.0,60.0791,-0.0027616,1.0,0.0,-18.1531,0.0,0.0,11.0609,1,11.0469,1.0,0.0,1.0,9.0245,9423.0,8.8665,0.0,0.0,0.0,0.101545,0.69775,8.87,0,?,0,0,0,0,0,1.7210299999999998,1.83713,2.93926,2.47078,-18.1803,3.68901,0.426682,1.64491,0.618898,0.0,0.2377,0.0,0,8.965,,,,,,,,,,,,,,,,,,,,,,,,,,,,,,,,,,,,,,,,,,,,,,,,,,,,,,,,,,,,,,,,,,,,,,,,,,,,,
rs1006,rs1006,0.02,0.276281,0.02,0.01,3.79,0.06,15.12,0.1,-99.0,20.65,0.04,2.8139868,0.05,1.54,0.81,0.14,199.49892,0.07,-99.0,-99.0,5.66,17.86,16.66,17.39,0.421982,1.56091,0.08,14.8,17.02,0.67,0.25,21.24,0.52,0.22,2.77105,3.62088,1.63212,1.48642,8.27,-99.0,5861.9,-99.0,0.19,-17.3,2.41074,17.37,0.25,0.03,0.18,5861.9,0.17,-99.0,0.17,15.11,19.04,0,1237651736839258250,-999.0,-999.0,592330317293971456,-999.0,0.6460899999999999,0.6721,0.6280100000000001,0,1,-999.0,-999.0,587726015614353547,0.668854,148280517710577664,-999.0,592330317293971456,-999.0,1237651736839258250,0.0,8.37,0.0,0.030495406,7.899380000000002,8.407160000000001,0.059075829,8.21,-99.0,-99.0,ECO12800,-99.0,-999.0,L,455863000.0,0.0,0.0,0.0,0.0,0.00892307,0.0,0.0526,0.0,0,1,0.0,ALFALFA,0.0,0.0,0.0,0.0,1.0,0.0,-17.3037,0.0,0.0,10.8809,1,10.8647,1.50538,0.0,1.0,8.655,9601.0,8.25,0.0,0.0,0.0,3.86493,4.3051,8.25,0,0,0,0,0,0,0,1.40866,1.48448,2.56077,2.21902,-17.213,3.3711300000000004,0.22064,1.37275,0.332369,0.0,0.2181,0.0,0,8.645,rs1006,0.0,,0.0,,32.77303788507437,4.458310494715337,40.429826550740756,3.595133948776906,77.18310235565731,4.99329223127475,1.4040708807756186,1.9072154070979168,149.69486070778976,6.80799771114991,138.85960404800764,6.321793501620388,458.5196606458887,19.393459234794058,20.533598894635265,1.8362896681785503,7.971682876778178,1.2442163770707282,14.413440365806107,0.5193244923706432,428.12730162427863,10.669032896449284,43.4297012425307,1.5581092959530995,47.38803734334234,1.7069751194009704,34.882339669721354,4.595789669946137,-284.22970481244874,-205.4989819867879,0.0,1.056247,399.0464,6.877864,0.0,0.0,4.4718290000000005,81.02929,7.69e+18,121000000000000.0,41.90481,9.648529,54.5563,7.592571,102.5406,8.045182,0.0,38.55674000000001,0.0,0.0,0.0,0.0,201.3922,12.51462,201.5166,13.10009,575.7618,37.42882,26.26385,3.085534,12.30182,3.3742019999999995,19.13973,1.226876,581.8431,29.97233,56.29334,3.608459,59.90968,3.68837,39.10369,5.027876
rs1117,rs1117,0.02,0.285654,0.03,0.01,0.08,0.06,14.46,0.11,13.88,18.46,0.04,1.2596758999999995,0.05,0.33,0.15,0.15,204.15623,0.08,0.26,14.88,6.91,16.71,15.51,16.34,0.4465520000000001,1.53737,0.0,14.32,16.14,0.43,0.26,14.26,0.41,0.03,2.51007,3.27383,1.41925,1.25835,8.99,-99.0,6786.04,-99.0,0.02,-18.68,2.30114,16.01,0.27,0.03,0.06,6795.3,0.04,0.12,0.02,14.63,17.68,1,1237651752410284171,0.113445,14.2752,594497449846925312,0.4328,0.5837399999999999,0.8433799999999999,0.47659,0,1,5.6427,16.5085,587726031185379452,0.448591,148842220831637504,0.4383,594497449846925312,0.3505,1237651752410284171,0.0,9.15,0.0,0.32498604,7.8305,9.33836,0.32498604,8.83,-99.0,1.02102,ECO06366,1.02387,10.0,L,1556790000.0,0.14338199999999998,0.0,0.0,0.0,0.0218301,6.5948699999999985,0.0199,3.23013,0,0,0.0,ALFALFA,200159000.0,0.0,132.55,-0.134179,1.0,0.0,-18.6808,0.0,0.0,11.0999,1,11.1479,1.13497,0.0,1.0,9.4915,5343.0,8.9705,0.0,0.0,0.0,0.667579,0.667507,8.99,0,1,0,0,0,0,0,1.3392700000000002,1.21296,2.22701,2.05582,-18.8453,2.94357,0.208227,1.09598,0.325214,0.0,0.2294,0.0,0,9.495,rs1117,59078.333190225945,54490.593574877326,-247.79251053828426,-252.43767169647882,12.197004896490824,4.6651494344302895,34.87511627952848,3.954382808497845,51.49802182448792,3.9656398652003086,2.6369073972968837,2.5194613895156164,94.33264384311771,4.764584721054206,46.18803227669947,2.8056270249319364,123.45684058525438,5.736113242054839,7.958317525223617,1.5638781622511972,10.565340656540569,1.2235218836199064,13.304051865938554,0.4948961117955421,269.79136139131674,6.471197619933701,40.099880812808024,1.4847172574725136,61.11224111095521,2.141151946549273,43.64335191944512,1.7149720548177831,6.160032736510515,1.1786571941532606,1133992.0,51500000.0,110.0894,2.400314,0.0,0.0,187.936,91.0266,254.3235,76.26025,14.1659,6.981738000000001,39.53593,6.220721,57.9726,6.38781,2.250867,9.298603,0.4130016,35.13355,0.0,0.0,113.9197,6.82275,51.81151,2.8702650000000003,148.0329,8.200756,13.00265,10.61999,12.80174,1.947759,17.12067,0.8976019000000001,328.8377,11.53225,50.3549,2.640006,77.40343,4.0583269999999985,57.26647,3.64517
rs1119,rs1119,0.02,0.426296,0.02,0.01,-99.0,0.05,-99.0,0.1,-99.0,20.28,0.04,3.2763451,0.05,-99.0,0.72,0.13,204.18315,0.07,-99.0,-99.0,5.73,18.0,16.48,17.46,0.64752,1.83969,0.11,-99.0,17.24,0.58,0.24,13.82,-99.0,0.03,2.98834,3.80769,1.79617,1.57495,8.65,-99.0,6359.42,-99.0,0.03,-17.4,2.65903,17.13,0.24,0.03,0.17,6367.4,0.12,-99.0,0.03,-99.0,18.97,1,1237671956981219647,0.28091700000000003,12.4478,594621144905050112,0.524,0.17321,0.4955100000000001,0.029278,0,1,10.3523,647.4580000000002,587726033869734132,0.581929,-999,0.0062,594621144905050112,0.6261,1237671956981219647,0.0,8.81,0.0,0.061622355,7.86368,8.50607,0.061622355,8.51,-99.0,-99.0,ECO00512,1.13669,10.0,L,540720000.0,0.0,0.0,0.0,0.0,0.0219076,0.0,0.0205,0.0,0,1,0.0,ALFALFA,0.0,0.0,0.0,0.0,1.0,0.0,-17.3679,0.0,0.0,10.9569,1,10.9039,1.0,0.0,1.0,8.8185,1055.0,8.6075,0.0,0.0,0.0,0.247193,0.244461,8.65,0,0,0,0,0,0,0,1.59289,1.51041,2.61502,2.36032,-17.5844,3.38245,0.320446,1.34258,0.48827,20.8746,0.2104,0.3292,0,8.885,rs1119,0.0,,0.0,,0.058680954314793324,2.0405089938449343,9.0200128812407,1.8586934826272683,19.91558345400943,2.326783606131181,-1.0258580883856587,-1.2460760797458543,34.14454033962702,2.7747525392974253,16.201644384394346,1.6096388657242553,51.09771562897893,3.7247199222451433,6.741124259290916,1.1607563230430398,-0.0065747710674631775,-0.7626913112284158,3.733388096753845,0.2883352580380103,97.65338537133327,3.73815169533083,11.258042599416672,0.867050720982402,18.784841111176004,1.15850115896327,14.459918249963069,1.0456724022251545,2.6062945288400394,0.895560140918497,0.0,1.018901,49.65323,1.4810020000000002,0.0,0.0,108.6364,27.24335,45.04363,19.24743,13.14357,5.598823,10.51297,2.8730130000000003,25.21795,3.499389,0.0,0.0,0.0,0.0,0.0,0.0,41.88306,2.7730900000000003,22.39211,0.8899,63.97745,2.5425720000000003,6.862631,2.056453,1.553782,2.606363,4.7102900000000005,0.4478437,123.1314,2.617871,13.8538,1.317187,25.61926,2.045942,19.15455,1.994547
rs1139,rs1139,0.02,0.733599,0.03,0.01,-99.0,0.07,-99.0,0.13,9.92,17.63,0.05,4.5425136,0.02,-99.0,-99.0,0.18,204.56594,0.1,0.08,10.97,16.48,13.43,-99.0,12.64,1.09113,2.43914,-0.05,10.24,12.22,0.58,0.32,69.83,0.03,0.02,3.9949,4.94427,2.64688,2.28935,11.19,-99.0,6951.53,-99.0,0.02,-22.42,3.38852,11.94,0.33,0.04,0.04,6875.7,0.04,0.03,0.02,-99.0,15.31,1,1237671958054502484,0.968803,179.893,960423171813566464,0.4848,0.2481,0.31711,0.057009,0,1,164.84099999999995,226.481,587729158970736727,0.580585,240323100216918016,0.1393,960423171813566464,0.4756,1237671958054502484,188.164,11.23,0.0,1.4819038,9.73775,9.36193,5.4427733,11.07,1.06999,1.01157,ECO04221,1.00458,1.0,L,1643610000.0,0.07135369999999999,0.0,0.0,0.0,0.0535686,8.51218,0.0092,12.1915,0,0,0.0,S05-AO,98061500.0,0.0,169.77200000000005,0.27779,3.0,0.220987,-22.5779,0.0,175.21900000000005,12.8039,1,12.8919,1.05732,0.159991,5.0,11.1335,3841.0,11.1125,0.0,122.659,12.9372,0.028189099999999995,0.228819,11.07,1,0,1,1,1000,0,1000000,2.14279,2.27867,3.52808,3.0343400000000003,-22.6762,4.4196300000000015,0.599068,1.98436,0.8933770000000001,0.0,0.2845,0.0,0,11.205,,,,,,,,,,,,,,,,,,,,,,,,,,,,,,,,,,,,,,,,,,,,,,,,,,,,,,,,,,,,,,,,,,,,,,,,,,,,,
rs1194,rs1194,0.02,0.114169,0.03,0.01,1.33,0.06,16.89,0.11,-99.0,20.12,0.04,0.94629771,1.39,1.06,1.22,0.14,205.71664,0.08,-99.0,-99.0,3.53,18.86,17.98,18.7,0.187068,1.1690200000000002,0.07,-99.0,18.68,0.71,0.26,8.44,-99.0,0.05,1.95726,2.68245,0.975312,0.902413,7.39,-99.0,4635.1,-99.0,0.07,-15.48,1.8942,18.42,0.26,0.03,0.17,4635.1,0.19,-99.0,0.04,16.89,19.66,0,1237671957519270274,-999.0,-999.0,4552208856013008896,-999.0,1.2911,1.4688,1.2571,0,1,-999.0,-999.0,587722984435679613,0.724312,-999,-999.0,-999,-999.0,1237671957519270274,0.0,7.49,0.0,0.022628592000000003,7.29109,9.01829,0.027893076,7.33,-99.0,-99.0,ECO13761,-99.0,-999.0,L,745018000.0,0.386868,0.0,0.0,0.0,0.0099641,34.2477,0.0046,4.2339699999999985,0,0,0.0,ALFALFA,62084800.0,0.0,95.2666,-0.0365501,1.0,0.0,-15.478,0.0,0.0,10.7246,1,9.74603,1.0,0.0,1.0,9.015,9624.0,7.39,0.0,0.0,0.0,5.50888,5.51985,7.39,0,?,0,0,0,0,0,1.09826,0.907214,1.85967,1.80464,-15.5137,2.56605,0.08866210000000001,0.8500700000000001,0.145806,0.0,0.226,0.0,0,9.015,,,,,,,,,,,,,,,,,,,,,,,,,,,,,,,,,,,,,,,,,,,,,,,,,,,,,,,,,,,,,,,,,,,,,,,,,,,,,
rs1227,rs1227,0.02,0.671362,0.02,0.01,0.2,0.05,14.16,0.1,14.4,21.91,0.04,4.2351861,0.13,0.14,0.17,0.13,207.41999,0.07,0.41,15.23,2.48,17.94,15.46,17.23,1.00924,2.53018,0.01,14.74,16.89,0.78,0.24,3.76,0.25,0.04,4.10036,5.11829,2.5794200000000003,2.24154,9.11,-99.0,7047.33,-99.0,0.32,-17.88,3.54811,16.63,0.25,0.03,0.14,7102.6,0.35,0.23,0.07,14.3,19.67,0,1237655125019263016,-999.0,-999.0,962709606260303872,-999.0,0.092162,0.13554000000000002,0.016812,0,1,-999.0,-999.0,588010878771068971,0.7778,240886054993788928,-999.0,962709606260303872,-999.0,1237655125019263016,0.0,9.31,0.0,0.034844899,8.38712,7.655810000000002,0.034844899,8.97,1.02954,-99.0,ECO10270,1.05301,-3.5,L,3158600000.0,0.0,0.0,828746000.0,0.0,-99.0,22.9695,0.0328,3.85543,1,0,1433510000.0,ALFALFA,242969000.0,179197000.0,181.235,0.0,7.0,0.177378,-22.8303,0.0,123.477,13.1159,0,13.0909,1.0,0.14859,7.0,9.7005,2019.0,9.2015,0.0,107.99,12.6693,0.20259,0.446004,9.11,0,0,0,0,0,0,0,2.05988,2.04959,3.4007400000000003,2.98056,-18.2959,4.32142,0.472527,1.81339,0.708733,0.0,0.2117,0.0,0,9.125,rs1227,32177.83132671522,56237.71812684269,-15.25811129228919,-26.274885860157948,-0.7939644602019442,-0.8959016759837712,1.8221229661533456,1.4100967365200574,1.1923119153524036,0.9282573737756036,-0.8474132789011334,-0.7587904490002889,2.333888745813469,1.2991282884464437,-0.14175048521223155,-0.6133632190943212,-0.25351414438553743,-0.6151303658907901,0.592493465416406,0.8723755156242444,0.4564737138231577,0.7885927383149591,1.0599420656018497,0.3585225761249124,6.674921813026522,1.7895476775477144,3.2184179644576063,1.0811191667574132,1.9451231911728184,0.9894749805864376,0.5969488280095888,0.9726204901436036,-0.13379043175077873,-1.0136477107450759,37.23482,159.4567,-2.312835,1.58384,0.0,0.0,26.19273,26.49523,16.57761,30.92533,0.0,0.0,16.2673,6.690028,11.77028,5.622375,0.0,0.0,3.929324,6.357773,6.605212,6.386234,16.752270000000006,6.843025999999999,2.217165,2.485765,6.334756,7.1021839999999985,5.59492,4.816634,3.266999,5.217171,3.79083,1.187311,13.179529999999998,2.965589,11.1495,3.4920910000000003,0.0,0.0,0.9017866,10.51637
rs1374,rs1374,0.02,0.7681520000000001,0.03,0.01,0.07,0.07,9.44,0.13,9.51,18.16,0.05,0.81847496,0.08,0.08,-99.0,0.17,208.14949,0.09,0.07,10.53,16.42,12.89,-99.0,12.09,1.12802,2.45096,-0.05,9.8,11.59,0.49,0.31,55.79,0.02,0.03,4.02369,4.9490300000000005,2.70076,2.3408900000000004,11.01,-99.0,4421.57,-99.0,0.05,-21.95,3.37629,11.46,0.32,0.04,0.09,4320.5,0.09,0.04,0.03,9.7,14.65,0,1237648722316820518,-999.0,-999.0,-999,-999.0,0.059886,0.23925,0.040818,0,1,-999.0,-999.0,588848900998758421,0.852399,-999,-999.0,-999,-999.0,1237648722316820518,0.0,11.05,0.0,0.17285585,9.92549,8.81448,0.38365164,10.99,1.08191,1.02478,ECO04339,1.02266,-0.5,E,465967000.0,0.0,0.0,0.0,0.0,-99.0,0.0,0.0223,0.0,0,1,0.0,ALFALFA,0.0,0.0,0.0,0.0,2.0,0.150275,-22.0523,0.0,159.707,12.6239,1,12.4679,1.08656,0.0210855,4.0,11.0335,3921.0,11.0185,0.0,99.6257,12.483,0.00176419,0.0112104,11.01,0,0,0,0,0,0,0,2.43662,2.6792700000000003,3.99877,3.35989,-21.9772,4.92205,0.760149,2.32231,1.11711,0.0,0.2735,0.0,0,11.015,,,,,,,,,,,,,,,,,,,,,,,,,,,,,,,,,,,,,,,,,,,,,,,,,,,,,,,,,,,,,,,,,,,,,,,,,,,,,
rs1240,rs1240,0.02,0.176847,0.04,0.02,0.79,0.09,13.49,0.16,13.24,0.38,0.06,0.13031604,0.17,0.09,0.23,0.21,208.18562,0.11,0.2,14.07,7.15,15.69,14.56,15.38,0.291319,1.34227,-0.13,13.45,15.26,0.56,0.38,14.03,0.13,0.1,2.07154,2.82869,1.02059,0.906122,8.81,-99.0,4528.73,-99.0,0.08,-18.79,2.09941,15.08,0.39,0.05,0.03,4527.9,-99.0,0.15,0.03,13.93,16.5,1,1237648704587956250,0.065785,16.403,338990737418905600,0.5559,0.27113000000000004,0.29666,0.12679,0,1,3.6969,17.9917,587722983363051556,0.6474850000000001,-999,0.5209,338990737418905600,0.8284,1237648704587956250,0.0,9.03,0.0,0.75620344,7.91867,9.24101,0.84935901,8.73,-99.0,1.06838,ECO04340,1.01619,5.0,L,1244170000.0,0.124518,0.0,0.0,0.0,0.0663453,13.1,0.0674,5.31429,0,0,0.0,ALFALFA,69120600.0,0.0,139.935,0.0214361,1.0,0.0,-18.7831,0.0,0.0,11.0839,1,11.1689,1.17068,0.0,2.0,9.4075,3922.0,8.9225,0.0,0.0,0.0,2.01433,2.01434,8.81,1,?,0,1,0,0,1000000,1.0959299999999998,0.7782,1.72849,1.78993,-18.9615,2.4224900000000003,0.086031,0.718596,0.145636,0.0,0.3327,0.0,0,9.375,,,,,,,,,,,,,,,,,,,,,,,,,,,,,,,,,,,,,,,,,,,,,,,,,,,,,,,,,,,,,,,,,,,,,,,,,,,,,
rs1250,rs1250,0.02,0.15171800000000002,0.03,0.01,0.47,0.08,-99.0,0.14,-99.0,0.35,0.06,0.055720444,0.19,-99.0,0.41,0.19,208.43718,0.1,-99.0,-99.0,5.88,17.77,17.07,17.45,0.250275,1.27122,0.03,-99.0,17.27,0.48,0.35,13.24,-99.0,0.13,2.00767,2.74797,0.986728,0.8881709999999999,7.91,-99.0,4520.4,-99.0,0.11,-16.7,2.01151,17.15,0.36,0.05,0.05,4520.4,-99.0,-99.0,0.02,16.27,18.6,0,1237648704588021934,-999.0,-999.0,338992936442161152,-999.0,0.29617,0.32172,0.075382,0,1,-999.0,-999.0,587722983363117390,0.5060560000000001,-999,-999.0,-999,-999.0,1237648704588021934,0.0,8.07,0.0,0.093385182,7.33173,8.717239999999999,0.093385182,7.81,-99.0,-99.0,ECO13773,-99.0,-999.0,L,372485000.0,0.106034,0.0,0.0,97.8334,0.0207272,5.036980000000002,0.0217,3.73477,0,0,0.0,AO,54110800.0,0.0,119.35,0.110703,1.0,0.0,-16.7021,0.0,0.0,10.8152,1,10.6456,1.74397,0.0,1.0,8.765,9632.0,7.91,0.0,0.0,0.0,3.01556,3.01747,7.91,0,1,0,0,0,0,0,1.07967,0.799845,1.7418900000000002,1.77008,-16.7719,2.43231,0.0817204,0.7439439999999999,0.137621,0.0,0.3062,0.0,0,8.765,rs1250,45.07352934970028,25.703230646794392,55.97209706705511,30.28080655700862,3.7573342736955286,5.906154608074795,62.42313143437306,26.93383793065511,103.27756678343107,38.201787971213996,-18.18023986128557,-10.364929770481435,102.61156017910177,31.336233163475107,27.75941113270939,12.54007652374098,122.61869588445481,33.01962975211101,-142.99777199601948,-29.54035149701683,24.29893535780693,13.38776067720272,89.37170082947935,13.512114659562636,293.469062112231,45.962336169950284,269.62379937487253,40.32975505382424,100.89921252040476,19.51954668231798,37.35337703160017,15.027015246034507,-6.979286805429268,-14.005354241272919,98.27611,12.91283,140.7702,13.33425,0.0,0.0,1023.343,69.31052,0.0,0.0,17.09665,20.33188,17.55823,16.95433,0.0,0.0,3.240184,0.0,0.0,0.0,0.0,0.0,116.8368,47.18621,60.08772,12.52806,171.6792,35.79445,0.0,0.0,86.9488,60.79326,215.1617,19.41895,358.6118,57.72386,632.8286,57.11456,157.6718,84.69718,80.95752,73.80105999999998
rs1397,rs1397,0.02,0.158388,0.03,0.01,0.43,0.07,13.11,0.13,13.54,17.64,0.05,1.9732,0.18,1.86,0.75,0.18,210.3646,0.09,1.03,14.46,21.68,15.7,14.28,15.68,0.251171,1.25207,-0.32,13.53,15.35,0.63,0.31,84.14,1.15,0.5,2.23142,2.9846,1.23052,1.13774,9.11,-99.0,7165.4,-99.0,0.37,-19.48,2.00525,15.58,0.32,0.04,0.15,7237.3,0.03,1.16,0.08,13.92,17.13,0,1237674603751604433,-999.0,-999.0,597872400889047040,-999.0,0.57976,0.68816,0.048114,0,1,-999.0,-999.0,587726032261808392,0.596929,149686671489630208,-999.0,597872400889047040,-999.0,1237674603751604433,0.0,9.21,0.0,0.56617276,7.4336,9.93369,0.84782419,9.05,1.02328,1.04823,ECO06952,1.0227,6.0,L,7719520000.0,0.05788,0.0,1226290000.0,0.0,0.0189379,10.2211,0.0354,8.44309,1,0,6131470000.0,ALFALFA,227045000.0,284293000.0,183.977,0.1208,2.0,0.110035,-19.7118,0.0,125.357,11.2169,1,11.3979,1.1767299999999998,0.024009400000000004,2.0,9.7005,5717.0,9.2015,0.0,62.414,11.5696,4.91044,5.11121,9.11,0,0,0,0,0,0,0,1.1857799999999998,1.16691,2.14016,1.92139,-19.6086,2.87577,0.134529,1.08891,0.212526,0.0,0.2764,0.0,0,9.975,rs1397,60.713021117866965,23.05394247599816,58.33919495984991,17.86143662063875,-7.060259422565049,-4.821312436040616,12.641506748553205,4.257600221804365,18.142103121746928,4.487896285103727,-6.82886036863133,-2.9851004617995187,29.93476277799539,4.958686297878573,11.172320404442509,2.596718447071998,36.13475389208899,5.44365564620456,4.446796262671332,1.765475194839772,6.065403377032701,1.3584953054518187,4.870564824398423,0.5393124806027711,85.6134215450668,6.428381872074094,14.66218616117976,1.6144871331941566,22.918001737126218,2.171630144901827,18.763252133179567,1.8985471840911936,-1.2182329373139833,-1.3081921002169337,60.34232,27.12779,28.998240000000006,2.089346,0.0,0.0,68.81145,69.23876,35.64592000000001,117.9662,0.0,0.0,9.050175,5.8993150000000005,19.26436,5.7788260000000005,0.0,0.0,4.248337,7.1139199999999985,0.0,0.0,30.23406,4.466901,15.492679999999998,2.385796,44.2648,6.816560000000001,13.59706,5.876684,9.524844,3.19756,6.007014,0.8203434000000001,108.259,9.166217,17.66769,2.412775,30.221490000000006,3.818651,24.46646,3.213419
rs1305,rs1305,0.03,0.187559,0.04,0.02,0.63,0.09,15.81,0.17,-99.0,20.06,0.07,3.8753016,0.05,0.46,0.37,0.23,233.39865,0.12,-99.0,-99.0,2.04,18.19,16.97,17.88,0.30072,1.34875,0.1,-99.0,17.74,0.66,0.41,4.98,-99.0,0.04,2.31282,3.08649,1.26479,1.15163,8.03,-99.0,5643.9,-99.0,0.05,-16.78,2.12242,17.68,0.43,0.05,0.05,5643.9,0.13,-99.0,0.03,15.98,19.21,0,1237655742411964714,-999.0,-999.0,667797492091348992,-999.0,27.315,27.396,27.175,0,1,-999.0,-999.0,587726102028943643,0.674284,167138113276084224,-999.0,667797492091348992,-999.0,1237655742411964714,0.0,8.17,0.0,0.05142133,8.25747,8.56348,0.068666937,7.97,-99.0,-99.0,ECO13777,-99.0,-999.0,E,387620000.0,0.0,0.0,0.0,0.0,0.0199231,0.0,0.0231,0.0,0,1,0.0,ALFALFA,0.0,0.0,0.0,0.0,1.0,0.0,-16.7768,0.0,0.0,10.8382,1,10.6784,1.73763,0.0,1.0,8.675,9639.0,8.03,0.0,0.0,0.0,3.17351,3.1427,8.03,0,0,0,0,0,0,0,1.21086,1.13162,2.12248,1.94831,-16.8714,2.85994,0.137585,1.04921,0.219995,0.0,0.366,0.0,0,8.675,rs1305,0.0,,0.0,,168.5370579674523,10.893229391934767,102.84299457154972,6.292185124830268,165.6245750111123,7.6400632927879695,11.347413628054712,3.129155841087782,332.6462310975237,10.982763339722004,589.4941906694568,17.932122432819114,1733.869283547159,49.915378614297886,37.79003677200755,2.492827286793624,13.90941098925114,1.6257551632044058,13.03971070506403,0.57840325435621,951.3682209389177,15.909204631516706,39.28823379141361,1.740209593645791,60.487126728868645,2.1728244435978565,44.51357992965149,1.874393087408445,29.102543870820842,1.9563770964135283,0.0,1.089795,1485.53,12.37695,0.0,0.0,784.7297,428.185,0.0,0.0,191.1032,17.61779,124.608,11.29585,187.4308,11.46082,10.25883,53.96421,3.344606,11.5119,0.0,0.0,381.1786,19.96994,680.9843,29.22679,1945.669,83.50511999999998,45.97908,5.366539,18.48004,3.5472910000000004,16.34277,1.245162,1173.943,45.00566,48.06696,3.662241,79.23786,4.808065,59.21198,3.826701
rf0001,rf0001,0.02,0.263197,0.03,0.01,0.27,0.08,15.38,0.14,-99.0,19.33,0.05,-1.1128886,0.12,0.37,0.19,0.19,0.013432752,0.1,-99.0,15.84,3.32,17.69,16.48,17.32,0.423132,1.54713,-0.02,-99.0,17.15,0.81,0.33,6.89,-99.0,0.02,2.44903,3.2477,1.32503,1.1651,8.51,-99.0,6683.8,-99.0,0.04,-17.68,2.34579,17.05,0.34,0.04,0.04,6683.8,0.06,0.24,0.03,15.47,18.64,1,1237663275780276407,0.178071,7.5963,771305244821841920,0.5058,1.5648,1.6748,1.452,1,0,6.9021,8.5451,588015507658768464,0.842125,109153256998961152,0.5983,771305244821841920,0.2753,1237663275780276407,0.0,8.69,0.0,0.20464422,8.0091,8.818610000000003,0.22603978,8.41,-99.0,-99.0,notineco,-99.0,11.5,L,470416000.0,0.16726300000000002,0.0,0.0,114.642,0.08833060000000001,13.7229,0.0519,7.25895,0,0,0.0,GBT,39321900.0,0.0,103.769,-0.0771579,1.0,0.0,-17.6787,0.0,0.0,10.9209,1,10.9529,1.0,0.0,1.0,8.9915,1.0,8.5135,0.0,0.0,0.0,1.46118,1.46117,8.51,0,?,0,0,0,0,0,1.22273,0.998665,1.99219,1.93967,-17.9605,2.70913,0.141319,0.910782,0.229202,19.865,0.2928,0.2237,0,8.985,rf0001,0.0,,0.0,,7.941730251339276,4.127723974429046,17.948810628677094,3.450764423204191,36.761356728808096,4.354590321736162,3.930806915318732,2.675587798132504,69.3730491298594,5.583775906501526,37.848742947936366,3.49339455504555,122.29712635342905,8.728181999158302,6.486405887568734,2.041039664993576,9.674641869270117,1.522093814915798,6.301047783711398,0.4887777094014408,198.40692051139789,7.557421610409138,18.99651404986789,1.4695722088846224,40.889856682753674,3.0576645187241387,26.999454619102693,1.968091562691148,3.1405291795004717,1.4916557912078297,7.225071000000002,338.2154,112.7396,3.054162,0.0,0.0,56.25479,15.35353,138.7815,24.39083,0.0,0.0,14.23492,4.917234,36.5275,6.403838,2.4529080000000003,7.944286999999999,0.0,0.0,12.35776,11.63307,70.2308,4.604149,44.41376,1.608532,126.8965,4.595805,9.009792,4.172204,12.14278,2.27721,7.238833,0.8278329,212.2617,3.814577,21.29069,2.434803,44.75915,3.962848,30.08737,3.4629830000000004
rf0006,rf0006,0.03,0.530409,0.04,0.02,0.18,0.1,14.61,0.18,14.09,20.26,0.07,-1.108172,0.04,0.65,0.42,0.25,4.1918919,0.13,0.24,15.38,4.68,17.27,15.5,16.65,0.788403,1.95845,0.15,14.59,16.3,0.94,0.44,13.39,0.1,0.03,3.20173,3.97022,2.03168,1.77368,9.13,-99.0,5543.7,-99.0,0.02,-17.98,2.72695,16.09,0.46,0.06,0.09,5543.7,0.03,0.26,0.02,14.95,18.53,1,1237663782588645590,0.8255520000000001,22.5188,439178511115118592,0.6991,0.29014,1.8371,0.24538,1,0,20.0345,20.0345,588015507660603579,0.955937,109997790137942016,0.5378,439178511115118592,0.6048,1237663782588645590,0.0,9.23,0.0,0.046835543,8.78608,7.822,0.05801436,9.01,-99.0,-99.0,notineco,-99.0,-0.5,E,47410100.0,0.0,0.0,0.0,0.0,0.0242886,0.0,0.0245,0.0,0,1,0.0,AO,0.0,0.0,0.0,0.0,1.0,0.0,-17.9798,0.0,0.0,11.1589,1,11.0109,1.0,0.0,1.0,9.1615,7.0,9.1465,0.0,0.0,0.0,0.0580884,0.0612926,9.13,0,0,0,0,0,0,0,1.84738,1.8825,3.02088,2.59895,-18.0724,3.77246,0.474091,1.64759,0.708994,21.1058,0.3929,0.4559,0,9.145,rf0006,0.0,,0.0,,-0.03200407219603873,-2.2719576335993046,11.184913358332546,2.163072277128939,14.345054051314195,2.1589362226592868,-2.037540672578379,-1.4850283248435256,32.23964361498341,3.0186822228801997,12.799458433030324,1.6683577962979657,38.748703965586856,3.361619930351841,4.157004961478426,1.3538709524754016,3.0571871050493056,0.9965725927092368,6.34741014327229,0.4227125887458522,92.20538073885255,4.031486065774708,19.16580923074544,1.27002497436329,24.370959924389773,1.503826018977383,18.385607181680555,1.2748543352976789,0.9051803214827118,1.028419682850042,0.0,1.006131,44.9621,1.960784,0.0,0.0,-9999.0,0.0,0.0,0.0,0.0,0.0,13.07981,4.752159,17.93069,4.980505,0.0,0.0,3.217767,7.8454190000000015,0.6989105,195.1301,44.39857,3.373603,20.16689,1.322282,57.6197,3.777948,6.784833,3.908603,4.326143,2.431511,8.81908,0.7687143,117.7335,3.6023400000000003,25.93847,2.260925,32.35014,2.2161880000000003,25.01735,2.334675
rf0025,rf0025,0.01,0.300676,0.02,0.01,0.09,0.05,13.24,0.1,13.5,17.71,0.04,1.0200539,0.05,0.33,0.16,0.13,6.6043565000000015,0.07,0.2,13.83,17.1,15.58,14.32,15.1,0.45859,1.49771,-0.12,13.41,14.78,0.63,0.24,42.41,0.34,0.05,2.59608,3.33176,1.55696,1.39905,9.29,-99.0,5499.9,-99.0,0.04,-19.45,2.23339,14.69,0.24,0.03,0.04,5499.9,0.02,0.36,0.06,13.4,16.59,1,1237678434328051791,0.8351129999999999,61.4603,440328048542246912,0.6565,0.37475,1.4019,0.1116,1,0,64.7389,64.7389,588015510346006659,0.631409,110279119433891840,0.3771,440328048542246912,0.7393,1237678434328051791,0.0,9.47,93.3468,0.320418,7.705310000000001,9.572,0.3924605,9.19,-99.0,-99.0,notineco,-99.0,5.0,L,2666100000.0,0.0787202,0.0,0.0,0.0,0.0609948,14.4792,0.0525,5.75614,0,0,0.0,ALFALFA,160257000.0,0.0,197.277,0.157129,1.0,0.111945,-19.4905,0.0,44.9314,11.2269,1,11.3229,1.0,0.0833913,2.0,9.7585,21.0,9.3085,0.0,51.1921,11.4049,0.60863,0.6533140000000001,9.29,1,?,0,1,0,0,100000,1.41286,1.46986,2.47612,2.1285,-19.5305,3.19176,0.267437,1.3307,0.406597,17.8807,0.2078,0.0381,0,9.755,rf0025,0.0,,0.0,,217.1530342239558,410.03823646191836,-16.840953227206324,-44.66256846909743,-20.569481729542765,-37.26748899546786,-41.30056885465144,-62.628168125761434,19.306018524827472,24.8285517267104,0.7414925390388679,10.195108125277669,22.126346062269928,25.18806949758433,0.7010555357518669,6.599155193045582,7.454416142249958,5.857037931956763,9.025463432129113,5.178246061710872,55.215212981006566,31.1270602969998,26.899140144968875,15.241581630797606,13.699381056728587,8.025737518776817,17.265593719030118,9.59021346915532,1.568300117382521,3.2759658740814954,0.0,1.029005,3.969345,1.785665,0.0,0.0,1972.14,108687.2,0.0,0.0,17.86349,11.44128,0.0,0.0,0.0,0.0,0.0,0.0,0.0,0.0,0.8290295,30.99379,7.506099000000002,5.835496,2.22179,2.0284310000000003,6.34797,5.795516,1.793756,13.11504,3.671462,4.511426,5.126673,0.9937402,27.70689,2.887405,15.07845,2.922765,6.42424,4.2934980000000005,9.111937,3.728908
rf0065,rf0065,0.01,0.399891,0.02,0.01,0.18,0.05,13.7,0.09,13.78,18.58,0.04,0.8514702,0.02,0.1,0.06,0.12,12.714973,0.07,0.3,14.55,13.97,16.38,14.91,15.92,0.6109289999999999,1.75775,-0.05,13.81,15.69,0.16,0.22,29.0,0.41,0.02,2.8611,3.64772,1.71428,1.50325,9.05,-99.0,4692.5,-99.0,0.02,-18.28,2.54436,15.48,0.22,0.03,0.04,4692.5,0.03,0.22,0.03,14.07,17.46,1,1237663785276670105,0.906313,33.87,443719494355937280,0.1245,0.43725,2.1728,0.3194,1,0,32.8594,34.5203,588015510348693596,0.16963499999999998,111123673431146496,0.2065,443719494355937280,0.1229,1237663785276670105,0.0,9.19,72.8913,0.15379347,7.6066,9.27546,0.15379347,8.87,-99.0,-99.0,notineco,-99.0,7.0,L,1346880000.0,0.0897278,0.0,0.0,0.0,0.0142003,7.9245800000000015,0.0043,4.2762400000000005,0,0,0.0,ALFALFA,106053000.0,0.0,208.792,0.0902911,1.0,0.0,-18.2752,0.0,0.0,11.1299,1,11.0699,1.0,0.0,1.0,9.4785,52.0,9.0675,0.0,0.0,0.0,0.22580300000000006,0.223163,9.05,1,1,0,1,0,0,100000,1.5473,1.46756,2.54165,2.2911200000000003,-18.4604,3.28548,0.307842,1.3022,0.4732020000000001,19.494,0.1922,0.1377,0,9.475,rf0065,0.0,,0.0,,5.543160902055415,3.1127246498459886,14.435692098600668,2.597333943200685,29.628311443123174,2.838684487057507,0.8752984613664792,1.8617545405655411,54.321836554705534,3.412453195987013,27.546338991636386,2.058424336156744,80.34990415205775,4.5171613587182025,6.4329093754522635,1.250922226785693,7.374753248193919,0.9230568527165844,6.2329922546372085,0.3298275121964212,155.3604525464578,4.512744110340325,18.767913118331435,0.9896267974193624,37.86929609572496,1.4221677040679708,25.249740346179284,1.3469170212708603,6.423991051429533,5.252045754522607,0.0,1.241966,62.02493000000001,1.477293,0.0,0.0,1.55e+30,1.82e+26,0.0,0.0,14.66685,7.847414,31.85847,6.709160000000002,48.78543,5.755801,0.0,0.0,16.48301,23.09868,0.0,0.0,71.7389,3.802466,34.29466,1.068577,97.98476,3.053078,9.198188,5.128785,10.96224,2.445774,8.254511,0.4672572,193.1446,3.179935,24.27797,1.374286,49.55097,1.990029,34.31062,2.964962
rf0073,rf0073,0.02,0.247734,0.02,0.01,0.07,0.06,13.75,0.1,13.83,18.17,0.04,1.0011835,0.03,0.08,0.11,0.14,14.767174,0.08,0.1,14.66,3.26,16.26,14.97,15.94,0.396177,1.50945,0.02,14.07,15.78,0.58,0.25,7.84,0.11,0.03,2.51352,3.32092,1.40024,1.2518,8.87,-99.0,5462.25,-99.0,0.02,-18.59,2.31686,15.64,0.26,0.03,0.04,5450.2,0.03,0.07,0.02,14.0,17.28,1,1237663785277587559,0.110841,8.1626,444874804017784832,0.4179,0.24292,0.56924,0.04917,1,0,3.4186,8.5849,588015510349545567,0.648692,111405024294207488,0.456,444874804017784832,0.122,1237663785277587559,0.0,9.03,28.3207,0.31859831,8.70402,9.41637,0.31859831,8.79,-99.0,-99.0,notineco,-99.0,-1.0,L,4492320000.0,0.109794,0.0,2885900000.0,0.0,0.110226,10.6556,0.02,9.60468,1,0,3851820000.0,ALFALFA,157374000.0,126106000.0,91.8833,-0.0505938,2.0,0.111846,-19.2043,0.0,21.3577,11.1269,1,11.2639,1.0,0.0246665,2.0,9.8895,56.0,9.0695,0.0,42.4822,11.2426,1.96245,1.93806,8.87,1,0,1,1,10000,0,1000000,1.25078,1.14655,2.15418,1.99196,-18.8304,2.89536,0.152361,1.05575,0.243155,18.4827,0.2239,0.257,0,9.525,rf0073,0.0,,0.0,,245.9441788035957,12.984497475688116,276.96432688813127,10.902423798399788,483.52578449221636,14.986447372877473,17.06529708646391,4.992730859498586,987.248792342075,22.74188864269249,941.6056327697321,21.11532134242009,2876.6009869603595,59.77054549162344,117.50973108255477,3.9719659289197544,64.38217957573319,3.060190868980911,123.61767521290024,1.9282241292876523,2823.531546098334,34.98657015264795,372.1972160009162,5.771937341163259,333.7793107009751,5.720064273961642,243.43097879117238,4.691970613693699,83.73519855967945,3.1628122511637904,0.0,1.023755,2223.948,16.15706,0.0,0.0,1610.211,97.46954,1027.083,80.06939,235.4677,16.93357,275.5746,14.65576,483.9865,23.23679,0.5585724,0.0,6.570759,10.52832,0.0,0.0,1038.761,34.9201,1029.797,39.02085,2942.277,111.4882,128.6422,8.854133000000003,73.65720999999998,5.730651,151.284,4.57782,3367.615,86.61378,444.953,13.46418,400.2533,13.33751,292.8271,9.987772
rf0084,rf0084,0.02,0.347086,0.03,0.01,0.23,0.07,12.97,0.13,12.96,17.58,0.05,-0.49081685,0.05,0.14,0.09,0.18,15.91186,0.09,0.47,13.64,16.03,15.54,14.14,15.11,0.5371130000000001,1.6637099999999998,-0.05,13.16,14.89,0.3,0.31,31.52,0.33,0.02,2.72146,3.50429,1.59487,1.40484,9.41,-99.0,5320.23,-99.0,0.02,-19.39,2.44653,14.72,0.32,0.04,0.1,5333.0,0.02,0.1,0.02,13.39,16.56,1,1237666338651832417,0.13569,34.9241,445920440129447936,0.3805,0.15685,0.16956,0.10736,1,0,7.9874,44.4541,587731512067621043,0.316189,111686639780102144,0.2919,445920440129447936,0.6072,1237666338651832417,0.0,9.57,110.119,0.50236777,7.67714,9.68255,0.60501445,9.23,-99.0,-99.0,notineco,-99.0,6.5,L,3438940000.0,0.0139882,0.0,0.0,223.397,0.0326855,2.5260700000000003,0.0143,15.0169,0,0,0.0,AO,53276500.0,0.0,203.691,-0.041252300000000006,8.0,0.102025,-20.7708,13.3553,191.952,11.6909,1,11.7579,1.0,0.267467,9.0,10.3625,62.0,10.2045,12.2087,83.0185,12.8402,0.390274,0.388857,9.41,1,1,0,1,0,0,1000000,1.44501,1.35814,2.40328,2.17867,-19.5806,3.13694,0.258024,1.2163,0.399874,18.0473,0.2765,0.0321,0,9.865,rf0084,0.0,,0.0,,0.9948814199770432,4.397032512272877,20.657433777279717,4.144030121715988,30.79821140354285,4.1910261162461255,-3.0073920034479773,-2.7464182949334623,64.07016094381032,5.647887716142753,17.06321554447202,2.636047878448601,43.94612624987943,4.135516314810599,4.934879876762378,2.2099492789234643,5.393999541306345,1.6980430409339655,13.529961020207136,0.8078095086359179,183.24066029929747,7.693667546264324,40.772629697760685,2.4209003200107233,50.75428203844832,3.0891695240589727,33.72149222257009,2.226320334233458,4.226601172813433,1.699152800212484,0.0,1.13654,37.31652,2.464984,0.0,0.0,0.0,0.0,8.24e+33,0.0,6.053445,0.0,24.94733,0.0,43.25782,0.0,0.0,0.0,7.177938,0.0,0.0,0.0,92.24036,0.0,23.71194,0.0,67.74838000000001,0.0,7.153525,0.0,8.559407,0.0,19.40752,0.0,250.8054,0.0,57.08095,0.0,72.68015,0.0,47.69988,0.0
rf0108,rf0108,0.02,0.458855,0.03,0.01,0.16,0.06,14.77,0.11,-99.0,20.72,0.04,0.65014854,0.04,1.01,0.96,0.15,16.616560999999994,0.08,-99.0,15.97,3.7,17.84,16.1,17.31,0.684982,1.84368,0.08,-99.0,17.06,0.72,0.27,9.88,-99.0,0.02,3.08601,3.87846,1.92731,1.70118,8.69,-99.0,5975.4,-99.0,0.02,-17.43,2.63614,16.87,0.28,0.04,0.06,5975.4,0.04,0.32,0.02,15.49,19.15,1,1237663204921442400,0.57214,7.0627,781492220153849856,0.7252,0.4990600000000001,0.5111399999999999,0.094685,1,0,5.2029999999999985,12.8416,587731513678561434,0.747096,195567871579914240,0.8419,781492220153849856,0.6949,1237663204921442400,0.0,8.83,0.0,0.037270432,8.46539,8.84881,0.065278031,8.55,-99.0,-99.0,notineco,-99.0,-1.5,E,504297000.0,0.0890495,0.0,0.0,168.33599999999996,0.0197476,5.02343,0.0149,4.09331,0,0,0.0,AO,51468200.0,0.0,178.708,-0.21872800000000006,1.0,0.0,-17.426,0.0,0.0,11.0049,1,10.9079,1.0,0.0,1.0,9.0865,74.0,8.7305,0.0,0.0,0.0,0.225673,0.28516,8.73,0,?,0,0,0,0,0,1.62961,1.68714,2.77105,2.37801,-17.6103,3.51945,0.365683,1.50712,0.5457,21.2941,0.2375,0.1198,0,9.065,rf0108,0.0,,0.0,,29.563412228058013,5.752795078522513,43.45631785565755,4.875490089313426,64.39869094386702,4.696030846269632,6.2130337110241625,3.0349877179565983,130.07891316909752,5.9214978342450255,90.56844940128418,4.336418046361291,275.93799568379995,10.935439162717818,9.024289729354958,1.9273698914488893,11.31367285009855,1.4725870415618991,9.795447145660685,0.4528143545933929,372.02569166361883,7.976550575513944,29.45167042368896,1.3581374840696545,59.6862980914694,1.8323348815471765,39.84981190247533,1.8361549307553944,12.480092923578503,7.3546497986598025,0.0,1.093752,175.41299999999995,2.284821,0.0,0.0,-9999.0,0.0,4223.985,1498592.0,16.19988,4.807325,20.46527,4.226585,40.93093,3.848034,1.4650450000000002,11.33089,0.9822645,12.99807,2.4547220000000003,6.1950400000000005,103.6315,5.721074,77.44975,4.253332,221.285,12.15238,8.435713,2.899507,12.11015,2.445696,8.887836,0.6641037,330.2743,12.00691,26.14069,1.953246,55.12923000000001,2.840407,34.7251,2.752183
rf0591,rf0591,0.02,0.419874,0.03,0.01,-99.0,0.08,-99.0,0.14,-99.0,20.33,0.05,-0.88857192,0.14,-99.0,0.54,0.19,21.126318,0.1,-99.0,14.82,5.59,17.91,16.46,17.4,0.668411,2.0006,0.07,-99.0,17.15,0.79,0.34,12.2,-99.0,0.02,3.15312,4.09276,1.82093,1.57239,8.51,-99.0,5318.6,-99.0,0.02,-17.1,2.94024,16.94,0.34,0.04,0.08,5318.6,0.05,0.19,0.02,-99.0,18.92,1,1237657189840716060,0.456888,16.6846,449303362546984960,0.5896,0.32192,0.39147,0.1494,1,0,13.2829,18.0726,587731511533044007,0.746255,112531069084893184,0.3855,449303362546984960,0.9906,1237657189840716060,0.0,8.69,0.0,0.07697330000000001,7.8044,8.26339,0.097527631,8.41,-99.0,-99.0,notineco,-99.0,-999.0,L,101702000.0,0.185839,0.0,0.0,305.946,0.0280004,7.3373,0.0254,3.17931,0,0,0.0,AO,22145000.0,0.0,95.937,0.154499,1.0,0.0,-17.1037,0.0,0.0,10.9209,1,10.8689,1.0,0.0,1.0,8.7235,120.0,8.5235,0.0,0.0,0.0,0.7589859999999999,0.695076,8.51,0,?,0,0,0,0,0,1.54178,1.33517,2.49063,2.37059,-17.526,3.31945,0.238611,1.18747,0.386318,20.9313,0.2964,0.1743,0,8.705,rf0591,0.0,,0.0,,15.648861134887033,10.513368365027926,11.372827215852682,6.9306262263334695,1.0499041557710944,3.5414537355662383,2.2054714429520264,4.011089667416,15.964865206845438,5.534489844918914,5.011932972232279,2.8846858702049114,9.617327249365172,3.786024035642813,2.6659912425312555,2.4154120379237978,1.798739286787779,1.5958372642033338,3.8324886258884736,0.7627290858495639,45.65951449157795,7.142991342005574,11.533054999055144,2.2779499203991342,14.555486222106753,2.8966298465169578,8.802201518489303,2.055706267164082,-0.7279300577864485,-1.5513201838255797,0.0,1.238705,7.931731,2.174635,0.0,0.0,7031.208000000001,1369240.0,0.0,0.0,20.51066,15.17196,10.32572,8.196887,18.53288,25.87814,0.8404190999999999,53.06273,0.0,0.0,4.027989,4.108505999999998,13.952329999999998,8.815433,3.932703,1.7490169999999998,11.2363,4.997192,2.710709,6.152347,4.912797,3.898205,4.500474,0.9548976,47.80172,7.100708,13.23669,2.808522,15.72536,3.689592,11.52473,4.112589
rf0192,rf0192,0.02,0.287378,0.03,0.01,0.17,0.07,13.92,0.13,13.94,18.12,0.05,0.13003722,0.07,0.37,0.3,0.17,21.414565,0.09,0.55,14.98,14.39,16.23,15.0,15.86,0.45133,1.5507799999999998,0.06,13.47,15.65,0.26,0.31,33.63,0.18,0.02,2.54734,3.32225,1.44789,1.28394,8.95,-99.0,5197.8,-99.0,0.03,-18.58,2.3257,15.46,0.32,0.04,0.05,5197.8,0.03,0.34,0.02,14.14,17.19,1,1237663784206794847,0.22852,30.295,449374830802790400,0.2733,0.38712,0.4222,0.10293,1,0,25.5665,35.3857,588015509278752889,0.27548,112531070175412224,0.2548,449374830802790400,0.1965,1237663784206794847,0.0,9.13,62.3137,0.29712834,7.530360000000001,9.82751,0.34533059999999993,8.81,-99.0,-99.0,notineco,-99.0,5.5,L,4801550000.0,0.0297281,0.0,0.0,0.0,0.0164532,2.97655,0.0177,14.2045,0,0,0.0,ALFALFA,104099000.0,0.0,149.63,0.0488685,1.0,0.0,-18.5826,0.0,0.0,11.1019,1,11.1249,1.0,0.0,1.0,9.8795,128.0,8.9685,0.0,0.0,0.0,0.782538,0.781908,8.97,1,1,0,1,0,0,1000000,1.32702,1.21858,2.23034,2.04775,-18.7932,2.95107,0.201,1.10432,0.315264,18.3999,0.2713,0.0532,0,9.875,rf0192,0.0,,0.0,,3.973741662993756,5.448230335551479,4.096533164896531,3.5106306616428307,8.483616566416089,3.2087969095330555,0.9108927138384706,2.9417335319424507,25.69737241961229,4.665705322486935,11.523157861875873,2.796876049889036,39.80785759621668,6.5191577772633575,2.786845174026125,1.9299348770754936,5.6931904140488,1.4684912667059868,3.5703785165176942,0.5081059490363912,73.49448512009114,6.137343902676934,10.761126849923718,1.5252022482368426,19.903625496606253,2.3999885134834456,16.344264282661204,1.9209610587833368,0.8372985915844803,1.4718743814224953,0.0,1.19362,35.28235,2.576667,0.0,0.0,0.0,0.0,175.8711,22.00803,43.88397,17.57462,14.688070000000002,8.716268,22.07796,7.877894,3.841514,8.271684,3.266255,4.653175,2.44453,4.355268,25.8413,3.14567,13.57542,1.309137,38.78692,3.740391,3.436267,3.421428,7.058953,2.586215,3.975105,0.6232759,75.18776,3.022271,11.69148,1.833164,21.87656,3.122776,18.40364,2.826506
rf0621,rf0621,0.02,0.0736933,0.03,0.01,2.1,0.07,-99.0,0.13,-99.0,19.88,0.05,0.33497676,1.13,-99.0,1.46,0.17,24.645743,0.09,-99.0,-99.0,5.46,18.82,18.55,18.73,0.133025,1.10537,-0.04,-99.0,18.7,0.33,0.31,13.65,-99.0,0.07,1.71322,2.43345,0.740874,0.681542,7.47,-99.0,5197.4,-99.0,0.08,-15.72,1.8256,18.52,0.32,0.04,0.04,5197.4,0.08,-99.0,0.04,16.72,19.46,0,1237657071157903609,-999.0,-999.0,1212692375441270784,-999.0,0.49354,0.8774799999999999,0.2275,1,0,-999.0,-999.0,587731513145229594,0.318685,303374655673073664,-999.0,1212692375441270784,-999.0,1237657071157903609,0.0,7.55,0.0,0.046380388,6.93348,8.78835,0.054831648,7.39,-99.0,-99.0,notineco,-99.0,-999.0,L,438751000.0,0.161268,0.0,0.0,78.3503,0.00747257,7.24613,0.0048,4.52744,0,0,0.0,AO,53517800.0,0.0,77.8179,0.198051,1.0,0.0,-15.7188,0.0,0.0,10.7801,1,10.5605,1.0,0.0,1.0,9.6975,461.0,8.7745,0.0,0.0,0.0,5.380719999999998,5.380719999999998,7.47,0,1,0,0,0,0,0,1.0297,0.668361,1.60904,1.72963,-15.7857,2.30897,0.0465174,0.625861,0.0890169,20.213,0.2742,0.3984,0,8.795,rf0621,0.0,,0.0,,11.820982134620236,3.1802729681315602,13.299217701512827,2.6201582312825424,26.091690384760287,3.0920233679787303,5.094352445659029,1.843769588914826,64.65462612636108,4.672489823021208,46.928172418583834,3.4646184070486985,144.23386197989737,9.109825635199838,7.344934505371477,1.7646920611630603,4.380612152648271,1.0624219814372016,2.118551997975125,0.3274276080629898,184.9122307213926,6.380310511541897,6.393006221044312,0.9875083564091116,114.63500900344911,300.05656093104716,8.193064295289792,1.118422514654487,4.717699092733501,1.2220649035751507,0.0,1.038783,154.3533,3.215003,0.0,0.0,0.0,0.0,0.0,0.0,21.20868,7.699549,21.59978,4.962545,37.99906,4.379317,7.111435,4.253986,0.9599786,21.24908,0.0,0.0,88.6825,4.927048,65.19327,1.621895,186.2665,4.633986,15.93599,5.711393,6.955388,2.309461,2.932762,0.5995971,243.6328,4.309003,8.625772,1.763521,17.29512,2.949091,10.97339,2.062002
rf0623,rf0623,0.02,0.536357,0.03,0.01,1.26,0.07,14.96,0.12,-99.0,21.67,0.05,-0.70470549,0.06,0.29,0.4,0.16,25.31466,0.09,-99.0,-99.0,2.43,18.82,17.1,18.21,0.8220639999999999,2.16598,0.11,-99.0,17.9,0.94,0.29,5.96,-99.0,0.02,3.45391,4.38203,2.1099900000000003,1.82428,8.35,-99.0,5261.5,-99.0,0.03,-16.26,3.0941,17.66,0.3,0.04,0.1,5261.5,0.46,-99.0,0.02,15.98,20.01,0,1237663783134756974,-999.0,-999.0,1212663238383134720,-999.0,0.43965,0.6557,0.4155,1,0,-999.0,-999.0,588015508206715014,0.95458,303374655228477440,-999.0,1212663238383134720,-999.0,1237663783134756974,0.0,8.51,0.0,0.022779955,8.449530000000001,7.55803,0.022779955,8.19,-99.0,-99.0,notineco,-99.0,-999.0,E,0.0,0.0,0.0,0.0,0.0,0.00690426,0.0,0.0247,0.0,0,0,0.0,None,0.0,0.0,0.0,0.0,1.0,0.0,-16.2595,0.0,0.0,10.8768,1,10.6933,1.0,0.0,1.0,9.6975,463.0,8.7745,0.0,0.0,0.0,0.258106,0.3758510000000001,8.31,0,0,0,0,0,0,0,1.6973900000000002,1.57801,2.7527,2.52156,-16.6791,3.57686,0.33821100000000004,1.39351,0.522703,0.0,0.2587,0.0,0,8.415,rf0623,0.0,,0.0,,-5.604111431687727,-4.491722086087123,4.031662754756553,3.34182296710158,14.852616078346331,3.7767447740387095,3.5591730118235287,2.6467798279137185,34.16448241990436,5.040692463055112,14.851560363229845,2.8665531239759336,49.703104550545035,6.5908000928154715,6.874885279131213,2.3707111029451253,4.1253728086307,1.4238743472690305,3.182414834872999,0.4772045178776981,97.71041972092644,6.665181219884045,9.584337754567189,1.4336942745990542,22.078907757701675,3.4139620941084385,13.509482447227928,1.6511708906319154,1.2271829497857114,1.4034949720778271,0.0,1.030728,39.10258,2.208691,0.0,0.0,-9999.0,0.0,-9999.0,0.0,1.409289,0.0,22.20314,0.0,25.78015,0.0,6.9250110000000005,0.0,0.0,0.0,0.0,0.0,53.036530000000006,0.0,26.26911,0.0,75.0546,0.0,12.43838,0.0,12.16021,0.0,5.363615,0.0,149.3403,0.0,15.77534,0.0,31.90464,0.0,20.94075,0.0
rf0632,rf0632,0.02,0.35012600000000005,0.03,0.01,-99.0,0.07,15.41,0.12,-99.0,20.18,0.05,0.9504869,0.09,0.45,0.57,0.17,28.867846000000004,0.09,-99.0,-99.0,5.46,18.26,16.66,17.79,0.561401,1.80331,0.12,-99.0,17.34,0.35,0.29,13.37,-99.0,0.24,2.83096,3.70726,1.58906,1.37778,8.27,-99.0,5450.0,-99.0,0.1,-16.75,2.67961,17.43,0.3,0.04,0.15,5450.0,0.09,-99.0,0.03,-99.0,19.24,0,1237663785283747949,-999.0,-999.0,1210434258284341248,-999.0,1.2807,1.4194,1.2425,1,0,-999.0,-999.0,588015510355771400,0.512085,302812946868731904,-999.0,1210434258284341248,-999.0,1237663785283747949,0.0,8.49,12.9223,0.07439119400000001,7.67403,8.912989999999997,0.07439119400000001,8.13,-99.0,-99.0,notineco,-99.0,-999.0,L,584604000.0,0.097633,0.0,0.0,173.007,0.0139612,4.54889,-99.0,4.18997,0,0,0.0,AO,49184600.0,0.0,141.239,0.00447041,1.0,0.0,-16.7531,0.0,0.0,10.8663,1,10.7948,1.0,0.0,1.0,9.6975,473.0,8.7745,0.0,0.0,0.0,0.999607,0.990665,8.27,1,1,0,1,0,0,100000,1.37345,1.1457700000000002,2.21788,2.14496,-17.1104,2.9894,0.185177,1.02961,0.301334,20.2012,0.2596,0.1135,0,8.995,rf0632,0.0,,0.0,,-0.17494158081657346,-4.850662696019378,0.8865307672762196,3.3718390144505803,3.0845853955308504,3.128751606048243,4.1161540630718685,3.463092870437371,13.98324438383704,5.281147616744673,6.203664338702326,2.9615106332549708,12.277740505573206,4.515989554606791,1.0269342232737957,2.4707819699384777,1.7437234861342497,1.6363967882179788,1.1901740449011422,0.5003247127837788,39.992078937773925,6.9082724970641465,3.582577736197315,1.5030114924793458,5.854442184923358,2.4915681887026,6.049110950638433,1.8419644695217123,-0.3932217358250841,-1.5765384958234947,0.0,1.100992,9.308507,1.941588,0.0,0.0,0.0,0.0,2.42e+27,2.47e+22,0.0,0.0,3.280953,8.171286,1.831454,13.01901,2.648205,8.877928,0.0,51.89563,3.13793,7.289389,14.241970000000002,4.5255519999999985,4.166444,1.205997,11.90413,3.445706,0.4340999,36.46793,2.4130130000000003,4.928115,1.410602,1.092173,36.91269000000001,4.904359,4.148828,3.2122740000000003,4.471547,5.263908,7.788189999999998,3.349649
rf0690,rf0690,0.02,0.08018489999999999,0.02,0.01,0.51,0.06,16.42,0.1,-99.0,19.53,0.04,0.34024418,0.12,3.11,0.62,0.14,38.108341,0.07,-99.0,-99.0,1.89,18.49,17.72,18.35,0.13936400000000002,1.10437,-0.02,-99.0,18.32,0.67,0.25,3.95,-99.0,0.02,1.7268400000000002,2.44067,0.761832,0.702653,7.75,-99.0,6229.1,-99.0,0.02,-16.45,1.8182,18.18,0.25,0.03,0.03,6188.4,0.1,-99.0,0.02,16.49,19.15,0,1237666408459075775,-999.0,-999.0,793911478716491776,-999.0,0.16627999999999998,0.28468000000000004,0.15304,1,0,-999.0,-999.0,587731513151127674,0.6917989999999999,198664058193313792,-999.0,793911478716491776,-999.0,1237666408459075775,0.0,7.83,0.0,0.089890026,7.814310000000001,8.82765,0.097802532,7.69,-99.0,-99.0,notineco,-99.0,-999.0,L,480308000.0,0.0941495,0.0,0.0,109.131,0.0429706,3.85449,0.041,5.04641,0,0,0.0,AO,45332000.0,0.0,128.391,0.0928939,2.0,0.0455906,-21.7936,0.0,115.139,12.3869,0,12.2929,1.0,0.297167,5.0,10.8735,250.0,10.8595,0.0,24.2636,10.3663,5.04199,5.04199,7.75,0,?,0,0,0,0,0,1.01011,0.671609,1.59714,1.69867,-16.5136,2.28569,0.0463753,0.6334029999999999,0.0845814,19.4344,0.2176,0.1047,0,8.855,rf0690,0.0,,0.0,,49.93668334991791,4.536221482647175,48.998392026779975,3.4320908419270464,83.01736533600811,4.4360304446828565,5.2033606958810985,1.8123203570692616,177.88665338480885,6.81301401627339,181.86340545979843,6.732156255144397,550.9174049248692,18.60124758819869,21.525162092907554,1.7017132462994158,11.04201405582401,1.1375851660239689,6.268651956838681,0.35355722168111,508.7558286805533,10.028246660890666,18.91625265433079,1.0656101311313433,53.25674795902847,1.6464205986452911,31.001326198673773,1.7219483056077334,10.86657144391015,1.5688444263046648,0.0,1.196085,588.4144,6.209921,0.0,0.0,909.9491,0.0,445.3151,54.74635,71.75822,10.42224,70.30766,7.875053999999999,116.8035,9.652309,7.126303,5.185716,0.6449259,17.924129999999995,2.082236,7.694411,244.3503,18.31895,251.0184,17.84412,717.1953,50.9832,25.11927,3.066916,13.54783,1.850261,7.830489,0.5878398,595.6965,29.04562,23.03085,1.728941,63.39965,4.18703,36.12912,3.336526
rf0360,rf0360,0.02,0.212633,0.03,0.01,0.58,0.06,-99.0,0.11,-99.0,19.42,0.04,-0.7017113,1.02,-99.0,0.53,0.14,38.165263,0.08,-99.0,-99.0,4.91,17.98,17.51,17.69,0.347528,1.43692,-0.06,-99.0,17.53,0.87,0.26,9.94,-99.0,0.02,2.27292,3.05657,1.18353,1.04863,8.27,-99.0,6727.1,-99.0,0.02,-17.3,2.22057,17.27,0.26,0.03,0.03,6727.1,0.02,-99.0,0.03,16.16,18.85,1,1237663783140327803,0.8166100000000001,9.7113,793792181704878080,0.599,1.399,1.4484,1.2757,1,0,8.785,11.4106,588015508212351067,0.83557,198664056372985856,0.0517,793792181704878080,0.8085,1237663783140327803,0.0,8.41,14.9011,0.16730901,7.3956,8.91619,0.16730901,8.19,-99.0,-99.0,notineco,-99.0,5.0,L,588934000.0,0.255271,0.0,0.0,52.3583,0.08794339999999999,8.24029,0.0384,5.89513,0,0,0.0,GBT,67117500.0,0.0,36.8071,-0.204488,1.0,0.0,-17.2987,0.0,0.0,10.8719,1,10.8899,1.0,0.0,1.0,9.0025,251.0,8.2735,0.0,0.0,0.0,2.72093,2.72094,8.27,1,?,0,1,0,0,1000000,1.13798,0.8909530000000001,1.85726,1.84346,-17.5794,2.56274,0.103292,0.822577,0.17166900000000002,19.4426,0.2273,0.0279,0,8.995,rf0360,0.0,,0.0,,-5.208350765819022,-6.073704932438438,3.6433426096758903,4.2393146689620265,1.0282925457618135,3.1801421674418933,2.7737620154540776,3.0000022441390173,11.912855119981899,5.173727206823559,6.344422479579962,3.108436297265565,20.290480178489705,7.59082509702908,-4.093407015895087,-2.5345357276499545,1.6416751984722466,1.4864081110128555,1.8022798971748584,0.5585859584203771,34.070765643148235,6.747182073469401,5.425719147169735,1.6733783601431202,8.919804784243599,2.6811302338298777,3.563461505590709,1.7068456020410208,-4.428854446990179,-1.7728645540268857,0.0,1.206473,15.5449,1.910296,0.0,0.0,26.71468,19.56138,12.51067,18.7174,0.0,0.0,3.851416,4.517839,1.416103,7.549686,1.018442,15.83636,0.0,0.0,0.0,0.0,11.9074,2.849153,5.94785,0.8536277,16.99386,2.438936,0.0,0.0,2.2394990000000004,2.877618,1.758161,1.005514,31.9445,2.187796,5.171061,2.957395,9.098321,3.176162,5.514713,3.4474339999999994
rf0372,rf0372,0.01,0.583076,0.02,0.01,0.03,0.05,11.0,0.1,10.97,17.77,0.04,0.42092388,0.02,0.05,0.15,0.13,38.255238,0.07,0.06,11.9,6.58,14.44,12.31,13.8,0.887442,2.3017,-0.06,11.24,13.46,0.59,0.23,23.74,0.05,0.02,3.71692,4.6830300000000005,2.30266,1.99829,10.39,-99.0,6791.45,-99.0,0.02,-21.19,3.26781,13.21,0.24,0.03,0.03,6735.4,0.05,0.03,0.02,11.33,15.91,1,1237666408459141285,0.772954,20.7743,458394399613675520,0.5925,0.11165,0.33284,0.045443,1,0,9.12,46.5046,588015509822963821,0.595191,114782883062743040,0.4073,458394399613675520,0.6041,1237666408459141285,0.0,10.53,143.17600000000004,1.5316525,9.79933,9.13594,1.5316525,10.23,-99.0,-99.0,notineco,-99.0,2.5,E,976812000.0,0.0,0.0,0.0,0.0,0.0136892,0.0,0.0184,0.0,0,1,0.0,GBT,0.0,0.0,0.0,0.0,2.0,0.136287,-21.2286,0.0,99.3461,11.9139,1,11.9809,1.0,0.0229135,2.0,10.4655,253.0,10.4455,0.0,97.415,12.408,0.277272,0.209667,10.43,1,0,0,1,0,0,1000000,1.81123,1.74879,2.98924,2.6746,-21.6321,3.85262,0.371864,1.54988,0.5707720000000001,19.0741,0.2055,0.1038,0,10.405,rf0372,2863.762409311924,182.66492174503838,2775.447166530709,178.67357543695613,2143.983774388836,128.4382512105947,916.6463000587587,59.649073115008676,1572.2021346927786,84.46373051465021,204.90165508504398,42.37662945386902,3212.322678750493,142.0255678755571,4410.120971975871,189.11169727596626,12717.756484163992,522.7849968448102,285.1395067526336,25.662702009934893,476.9943873075266,30.052369737445968,2955.439242923217,87.64073479954412,9187.24286122641,272.6377451431657,8864.18125367994,261.35650176156935,1594.7315284481579,55.22350162373097,1501.0730489847,52.706355824908066,279.6391691529884,24.95823461780068,974.9119,65.10524000000001,3439.312,24.82742,0.0,0.0,3318.36,9904.862,760.9978,11091.43,1401.076,74.8869,446.9028,38.8573,970.7391,46.41768,72.8453,53.22145,509.2365,36.69029000000001,0.0,0.0,2319.946,56.15935,3154.577,49.69212,9013.077,141.9775,236.391,32.05953,358.5382,38.16888,2664.557,36.68554,8010.727,114.5531,7836.932,107.8987,1401.761,56.8227,1336.364,55.43243
rf0373,rf0373,0.02,0.371563,0.02,0.01,0.32,0.06,14.74,0.1,-99.0,20.08,0.04,0.69382174,0.05,2.21,-99.0,0.14,38.268212,0.07,-99.0,-99.0,5.79,17.99,-99.0,17.55,0.590996,1.83883,0.07,-99.0,17.31,0.34,0.24,15.19,-99.0,0.02,2.9182900000000003,3.79707,1.6704599999999998,1.45102,8.61,-99.0,6579.06,-99.0,0.02,-17.51,2.71761,17.14,0.25,0.03,0.05,6961.4,0.07,-99.0,0.02,15.37,19.12,1,1237657587096879178,0.22891,14.376,458391925712513024,0.2227,0.042974,0.06503400000000001,0.020291,1,0,7.1528,18.1856,587731513688064063,0.340567,114782883024994304,0.28300000000000003,458391925712513024,0.1264,1237657587096879178,0.0,8.83,37.2389,0.12944202,7.81123,8.86191,0.1407288,8.49,-99.0,-99.0,notineco,-99.0,7.5,L,843774000.0,0.0,0.0,494612000.0,99.2033,0.00805984,10.6306,0.0419,5.11535,1,0,646319000.0,AO,62831800.0,51942100.0,87.6309,0.0,13.0,0.138997,-22.4775,13.6661,251.425,12.3219,0,12.7679,1.0,0.318835,17.0,10.9975,244.0,10.8155,12.7298,129.586,13.8062,0.853449,0.842341,8.61,1,0,0,1,0,0,1000000,1.421,1.23787,2.32197,2.19865,-17.899,3.0996200000000003,0.209829,1.1108,0.336895,20.6429,0.2134,0.1554,0,9.055,rf0373,0.0,,0.0,,0.0,,0.0,,0.0,,-0.0,,0.0,,0.0,,0.0,,0.0,,0.0,,0.0,,0.0,,0.0,,0.0,,0.0,,0.0,,88.69911,7.692127,25.19034,1.964443,0.0,0.0,56.15115,14.23166,50.92445,11.66508,7.697002,5.449214,8.479795,5.11386,9.514555,3.079762,0.0,0.0,0.0,0.0,0.0,0.0,29.81717,3.158432,9.51941,0.9155475,27.19831,2.61585,0.0,0.0,3.024465,2.162534,0.0,0.0,0.0,0.0,0.0,0.0,18.16856,2.810435,17.66807,2.702116
rf0721,rf0721,0.03,0.503213,0.05,0.02,1.06,0.13,16.31,0.23,-99.0,22.52,0.09,-1.1750058,0.15,1.66,0.86,0.31,42.402852,0.17,-99.0,-99.0,3.07,19.48,17.14,18.85,0.745305,1.94487,0.07,-99.0,18.59,0.52,0.55,7.1,-99.0,0.03,3.18897,3.9962,1.98941,1.74732,8.15,-99.0,6622.6,-99.0,0.06,-16.19,2.7521,18.43,0.57,0.07,0.07,6622.6,0.67,-99.0,0.02,17.05,20.73,0,1237660024522342831,-999.0,-999.0,1757547122758019072,-999.0,0.20337,0.30601,0.16058,1,0,-999.0,-999.0,588015507677315350,0.562267,439610209615216640,-999.0,1757547122758019072,-999.0,1237660024522342831,0.0,8.37,0.0,0.010795592,7.8138,8.07468,0.01449496,8.09,-99.0,-99.0,notineco,-99.0,-999.0,E,0.0,0.0,0.0,0.0,0.0,0.0120924,0.0,0.017,0.0,0,0,0.0,None,0.0,0.0,0.0,0.0,1.0,0.0,-16.1926,0.0,0.0,10.8325,1,10.6782,1.0,0.0,1.0,9.6975,507.0,8.7745,0.0,0.0,0.0,0.0894642,0.308631,8.13,0,0,0,0,0,0,0,1.7372,1.7425,2.87093,2.50161,-16.355999999999998,3.63534,0.410954,1.54469,0.608762,0.0,0.4864,0.0,0,8.415,rf0721,10697.628239218679,24372.933677821693,-23.39721531269077,-85.25734778280966,2.627396151589998,5.343708383976572,5.356858902071738,4.246728984117931,0.5062780094299437,2.4467034212503864,1.07734750235836,2.288837855331928,8.110379568203099,3.707948081572202,0.6972403896675714,1.675115219541215,10.545492785278565,4.316679662634798,1.5219700196543693,1.6481321575773582,0.4230160735810543,1.0405412936502252,1.3562390779377342,0.4243154906038932,23.195685565060863,4.804053084801248,4.090225767657853,1.272877887402027,8.447670392411617,2.4679684778401527,7.001689404152491,1.7814649170354129,-0.5643148850261992,-1.138716310359624,8.059101,112.5506,10.35157,1.959261,0.0,0.0,0.0,0.0,30.41711,10.15743,6.493103,6.565507000000001,6.941752,3.161044,2.133716,4.734003,2.8720380000000003,6.376842,5.561472,4.620013,9.636097,5.968329,11.04597,3.2919629999999995,3.645238,0.8449158999999999,10.41497,2.414046,4.764078,3.454831,2.063593,6.340689,1.166882,1.010256,24.6936,2.119087,3.432006,2.971341,7.849003,2.799718,6.532312,1.510262
rf0400,rf0400,0.03,0.492363,0.05,0.02,0.12,0.12,11.68,0.21,11.38,16.83,0.08,-0.52326898,0.03,0.02,0.02,0.29,42.42065,0.15,0.3,12.4,16.4,14.57,12.88,13.99,0.737579,1.90532,-0.14,11.79,13.66,0.57,0.51,41.59,0.15,0.02,2.99648,3.75986,1.8287400000000005,1.58352,10.31,-99.0,6605.4,-99.0,0.03,-21.04,2.6687,13.45,0.53,0.07,0.03,6605.4,0.03,0.13,0.03,12.01,15.74,1,1237657070091960362,0.76964,190.006,460524429370222592,0.6267,0.52617,0.52869,0.33228,1,0,81.2114,81.2114,587731512079220798,0.563667,115346050201419776,0.4569,460524429370222592,0.632,1237657070091960362,0.0,10.41,149.472,1.8076067,8.622810000000001,10.2,2.5601426,10.21,-99.0,-99.0,notineco,-99.0,5.0,L,11321500000.0,0.0356959,0.0,0.0,243.794,0.112987,4.57204,0.1012,16.3722,0,0,0.0,GBT,265037000.0,0.0,221.69,0.0521555,1.0,0.0,-21.0372,0.0,0.0,11.8029,1,11.8829,1.0,0.0,1.0,10.5615,284.0,10.3205,0.0,0.0,0.0,0.0615344,0.0615347,10.31,1,?,0,1,0,0,1000000,1.7641,1.6199,2.74837,2.5064900000000003,-21.1599,3.49076,0.419785,1.40406,0.63563,17.2275,0.4529,0.2222,0,10.555,rf0400,0.0,,0.0,,67.22362297111323,29.442541316176854,643.3419043815427,42.14319762707523,1083.3190797971424,60.630381977015546,-7.98547729647452,-20.171202384758466,2247.221625029455,105.68467437206007,117.09235903697494,16.5742607327653,300.43724038115914,21.337131733816204,128.02281857308012,12.007864478676806,58.29532199199978,10.640509250506527,762.2689455061952,24.95935715381177,6427.05384758424,205.30829283782055,2287.612413252369,74.50425003417844,755.6452137441099,29.35758488436194,566.9023122095474,22.562408788902694,5.0933547780352715,9.17926886416627,0.0,1.027768,99.81022,6.399614,0.0,0.0,0.0,0.0,1057.123,61.77254,127.4746,44.84283,323.6606,22.73126,595.2218,26.26661,0.0,0.0,32.31385,27.14221,0.0,0.0,1359.1229999999996,43.42214,80.56335,7.648726,230.181,21.8535,104.596,14.31732,37.36329,12.12789,600.283,11.50278,4934.971,101.5515,1765.5379999999998,33.83171,576.2313,24.91676,441.0183,20.83651
rf0738,rf0738,0.04,0.645325,0.06,0.02,0.58,0.13,15.52,0.23,-99.0,-99.0,0.09,-0.85642066,0.04,0.43,0.58,0.31,43.298791,0.17,-99.0,-99.0,2.46,18.66,16.63,17.91,0.939608,2.1821,0.01,-99.0,17.57,0.83,0.56,7.18,-99.0,0.02,3.5485800000000003,4.36014,2.30609,2.01181,8.87,-99.0,6803.15,-99.0,0.03,-17.22,2.99366,17.29,0.57,0.07,0.07,6883.0,-99.0,-99.0,0.02,15.56,20.07,1,1237657584951558272,0.8519479999999999,7.7597,797175103686207488,0.7802,0.37606,0.4722,0.13188,1,0,6.457999999999998,60.8852,587731511542743177,0.888,199508374008627200,0.0004,797175103686207488,0.8015,1237657584951558272,0.0,8.95,0.0,0.00779802,8.9146,7.793889999999998,0.00779802,8.75,-99.0,-99.0,notineco,-99.0,-2.5,E,179633000.0,0.0,0.0,0.0,0.0,0.0295053,0.0,0.0313,0.0,0,1,0.0,AO,0.0,0.0,0.0,0.0,2.0,0.0520407,-17.9813,0.0,141.531,11.1569,0,11.0119,1.0,0.0650682,2.0,9.1855,295.0,9.1315,0.0,78.4547,11.6489,0.0107745,0.149979,8.87,0,0,0,0,0,0,0,2.09557,2.19016,3.40845,2.8928,-17.3063,4.20568,0.600676,1.91355,0.877283,0.0,0.4937,0.0,0,8.905,rf0738,,,,,,,,,,,,,,,,,,,,,,,,,,,,,,,,,,,0.0,1.132035,0.6002966,1.1148559999999998,0.0,0.0,0.0,0.0,24.42695,13.30388,0.0,0.0,0.0,0.0,0.0,0.0,0.0,0.0,0.0,0.0,0.0,0.0,27.8575,7.929882000000001,4.105707,4.531226,11.73059,12.94636,5.021864,11.31475,0.0,0.0,2.815239,2.381065,0.0,0.0,8.280116,7.003132000000001,3.085995,18.6983,0.0,0.0
rf0743,rf0743,0.04,0.375971,0.06,0.02,-99.0,0.13,13.23,0.24,-99.0,21.45,0.09,-1.0270986999999998,0.33,12.94,12.51,0.33,43.850889,0.17,-99.0,15.61,3.97,19.03,13.19,18.48,0.600967,1.90211,0.0,-99.0,18.29,0.76,0.58,8.82,-99.0,0.38,3.07616,4.00608,1.77502,1.5500200000000002,8.33,-99.0,7283.9,-99.0,0.04,-16.78,2.83203,18.08,0.6,0.08,0.36,7283.9,0.16,0.27,0.35,-99.0,20.12,0,1237660338016157814,-999.0,-999.0,1702395081664784384,-999.0,0.96192,1.0491,0.33441,1,0,-999.0,-999.0,587731511543005296,0.788912,425817949190750208,-999.0,1702395081664784384,-999.0,1237660338016157814,0.0,8.59,0.0,0.049121434000000005,7.62706,8.16175,0.049121434000000005,8.17,-99.0,-99.0,notineco,-99.0,-999.0,L,0.0,0.0,0.0,0.0,0.0,0.042880400000000006,0.0,0.0116,0.0,0,0,0.0,None,0.0,0.0,0.0,0.0,1.0,0.0,-16.7814,0.0,0.0,10.8714,1,10.8002,1.0,0.0,1.0,9.6975,513.0,8.7745,0.0,0.0,0.0,1.36832,1.4565,8.29,0,0,0,0,0,0,0,1.49561,1.35624,2.49686,2.32709,-17.1749,3.3283400000000003,0.219973,1.22122,0.354996,22.0193,0.5135,0.6890000000000001,0,8.555,rf0743,11.033811115474437,12065198593.643187,-19199.44300747365,-412470.95649355697,-1.5413153515615363,-5.345641314343217,-8.556385427953025,-6.568337530658046,8.194809637213528,5.666004767940168,1.4273865952770493,3.6459342298201087,11.499757456907801,5.553522812975261,3.8152118466411302,2.9141786809714256,11.441737033294304,5.215593984035562,0.8814076794285236,1.7712694790479155,-0.050843887524844235,-1.3267295694923351,1.1254123620591734,0.4507080961280391,32.889306326756305,7.071899946187685,3.3873232886485685,1.351689108412358,9.199322435735708,2.3465569466812144,8.131372664026388,2.1649578415575754,2.2188238266200355,1.330143401154119,15.73584,140.5891,9.075609,2.402373,0.0,0.0,55.60615,21.17572,105.2552,94.99362,0.0,0.0,0.0,0.0,18.56894,10.69843,0.0,0.0,0.0,0.0,9.674844,34.60062,18.56427,7.360127,7.410449000000002,2.74633,21.17271,7.846659,5.911449,4.958766000000002,4.6903,2.916303,1.663027,1.417694,53.48526,8.298024,4.891255,4.169689,14.12801,4.120386,14.09244,4.399728
rf0750,rf0750,0.03,0.366432,0.05,0.02,0.09,0.11,14.52,0.19,14.3,19.37,0.07,0.5114041,0.03,0.15,0.09,0.26,333.15775,0.14,0.28,15.02,3.97,17.2,15.71,16.75,0.5739609999999999,1.76325,0.06,14.48,16.5,0.36,0.46,8.56,0.12,0.02,2.81416,3.64627,1.62487,1.41734,8.57,-99.0,4367.5,-99.0,0.02,-17.37,2.59536,16.31,0.48,0.06,0.03,4367.5,0.04,0.19,0.02,14.62,18.29,0,1237663479795548517,-999.0,-999.0,421204517829240832,-999.0,1.1041,1.8928,0.016999,1,0,-999.0,-999.0,587734305414578459,0.533913,105494083740368896,-999.0,421204517829240832,-999.0,1237663479795548517,0.0,8.75,0.0,0.11161781,8.321589999999999,8.8828,0.11161781,8.41,-99.0,-99.0,notineco,-99.0,7.0,E,2011990000.0,0.0,0.0,266250000.0,0.0,0.0922044,7.055060000000001,0.0355,8.43961,1,0,862281000.0,ALFALFA,101059000.0,72763800.0,207.573,0.0,1.0,0.0,-17.5925,0.0,109.892,10.9389,1,10.8989,1.0,0.013569899999999998,2.0,9.6975,309.0,8.7745,0.0,0.0,0.0,0.609952,0.608676,8.57,0,0,0,0,0,0,0,1.40142,1.23717,2.28883,2.14896,-17.7009,3.03636,0.221889,1.10929,0.349766,19.8408,0.4092,0.0511,0,9.055,rf0750,0.0,,0.0,,14.565535551603904,7.715750199977218,41.351063856862176,6.625475797007133,69.22232608182793,7.4001079976677975,-1.781173564101591,-4.390822829349381,132.88622273381074,9.54225050073715,52.76306980358771,5.017793814089178,174.57612347191727,11.55269273669789,15.059252188893518,3.197445664858593,18.13555589881836,2.613326950585475,16.54931639246788,0.96305145668004,380.0545970186986,13.007371605272635,49.830210714611866,2.8885846370595303,75.41626520228557,3.6167321365364073,53.660016343609435,3.1649545144426425,8.488247240022973,3.070159158598581,0.0,1.1935209999999998,135.9756,4.169031,0.0,0.0,0.0,0.0,0.0,0.0,21.93027,10.97432,55.7582,13.93009,74.8305,10.49659,0.0,0.0,9.540307,11.05882,0.0,0.0,150.2694,9.978349,68.25587,4.475887,195.0168,12.78825,15.493570000000002,6.276201,25.52999,5.740872,22.06255,2.0710610000000003,448.0462,17.2906,64.88985,6.091357,92.48331,6.003261,65.41261999999999,5.738527
rf0454,rf0454,0.03,0.329666,0.04,0.02,-99.0,0.1,-99.0,0.19,-99.0,19.39,0.07,-0.32939829,0.14,-99.0,-99.0,0.25,344.76338,0.13,-99.0,15.76,4.66,17.38,-99.0,16.91,0.516735,1.66147,-0.06,-99.0,16.6,0.9,0.45,9.92,-99.0,0.04,2.73014,3.54419,1.58541,1.39834,8.59,-99.0,5078.8,-99.0,0.67,-17.53,2.47552,16.48,0.46,0.06,0.99,5078.8,0.07,0.11,0.1,-99.0,18.31,1,1237663478726918596,0.322913,9.0391,427904391949871104,0.6643,1.9575,2.0061,0.35239000000000004,1,0,8.4575,11.3873,587734304345948323,0.8916360000000001,107182937048350720,0.9136,427904391949871104,0.4172,1237663478726918596,0.0,8.81,0.0,0.10966061,8.05682,8.84487,0.13673908,8.45,-99.0,-99.0,notineco,-99.0,8.5,L,499736000.0,0.256583,0.0,0.0,118.986,0.0263036,2.1189,0.0192,12.8494,0,0,0.0,AO,28033600.0,0.0,23.2114,0.205474,1.0,0.0,-17.5328,0.0,0.0,10.9459,1,10.9249,1.0,0.0,1.0,9.0355,333.0,8.5965,0.0,0.0,0.0,0.8460479999999999,0.8617239999999999,8.59,0,?,0,0,0,0,0,1.36516,1.2776299999999998,2.30664,2.10798,-17.8455,3.04946,0.214664,1.15614,0.33615100000000003,19.8001,0.397,0.0819,0,9.035,rf0454,0.0,,0.0,,1.752153352811506,3.952685326442325,5.556778707229879,3.2013715273116543,6.9121816836958985,2.8513528011419678,1.9317524140318276,2.2184023495343617,19.297423674115702,3.891578323349516,7.120783934648108,2.18581815518725,30.083568937307877,5.438483109558103,2.254127981710364,1.8853111690945463,3.763781329789933,1.3392427182051383,3.311198587550719,0.482891456634949,55.190631707970894,5.1698102612224535,9.983729263357805,1.4490008107927868,15.83915557148155,2.0490428873163458,11.39646889893396,1.7050795675570358,-0.9007909817095602,-1.9635735230302231,0.0,1.134472,28.43167,2.197708,0.0,0.0,-9999.0,0.0,-9999.0,0.0,0.8254786,65.77141,8.132743,6.654916,9.676935,5.373799,1.98774,8.692336,3.069262,5.70125,0.0,0.0,24.83703,3.726819,12.24724,1.4070049999999998,34.99212,4.020016,2.69893,6.744347,5.060537,3.026862,4.424521,0.7382249,67.3782,5.017449,13.0133,2.17125,19.01745,2.930892,13.488370000000002,3.0301560000000003
rf0765,rf0765,0.03,0.0599003,0.04,0.02,0.49,0.1,16.2,0.17,-99.0,19.28,0.07,1.191466,0.12,0.99,0.32,0.24,353.83136,0.13,-99.0,-99.0,2.55,18.37,17.63,18.24,0.10675,1.04466,0.04,-99.0,18.17,0.66,0.42,5.62,-99.0,0.02,1.64542,2.34,0.707511,0.6606609999999999,7.77,-99.0,6056.1,-99.0,0.04,-16.57,1.7392299999999998,18.08,0.43,0.06,0.07,6056.1,0.08,-99.0,0.02,16.99,19.05,0,1237663463145537615,-999.0,-999.0,1231888746937346048,-999.0,2.3921,2.5953,1.7172,1,0,-999.0,-999.0,587731187811811502,0.664592,308159215736717312,-999.0,1231888746937346048,-999.0,1237663463145537615,0.0,7.89,0.0,0.094938757,7.64395,8.762960000000001,0.10358988,7.71,-99.0,-99.0,notineco,-99.0,-999.0,L,480540000.0,0.0,0.0,0.0,0.0,0.0112067,0.0,0.0176,0.0,0,1,0.0,ALFALFA,0.0,0.0,0.0,0.0,1.0,0.0,-16.5684,0.0,0.0,10.7768,1,10.7585,1.0,0.0,1.0,9.6975,526.0,8.7745,0.0,0.0,0.0,4.87682,4.87682,7.77,0,0,0,0,0,0,0,1.01086,0.675235,1.59896,1.6963099999999998,-16.5773,2.2844,0.0478077,0.635903,0.08713910000000001,19.0963,0.3728,0.0803,0,8.805,rf0765,0.0,,0.0,,37.74167641840506,5.162062030523578,28.06883970392446,3.392253104906388,51.73479492390808,4.050048382783293,6.5340788606456135,2.208433159014098,125.9875257000718,6.228303932889398,186.94839839675961,8.522074714994789,569.9105409096487,24.26674326343585,15.522944600523568,1.7846971794968798,5.295378349794091,1.1304010405178428,2.885436594425766,0.3359034531163107,360.3243235022052,8.89709207891874,8.701944181554667,1.0125519194104702,24.531528282856808,1.338311434894898,16.558925229504087,1.975097452781266,4.174428617464596,16.699490799680085,0.0,1.027972,558.556,6.122979,0.0,0.0,0.0,0.0,0.0,0.0,54.16222,11.25694,37.06474,7.731333,72.75457,10.99587,7.7845270000000015,5.66162,0.0,0.0,2.2210330000000003,10.05383,177.4596,14.75114,279.5526,28.29132,798.7218,80.83236,21.23645,3.75997,7.465197,3.106725,4.184226,0.7767394,488.3339,34.14347,12.30655,2.284528,34.302209999999995,3.50604,27.15172,4.317158999999998
rf0493,rf0493,0.02,0.367386,0.03,0.01,0.36,0.06,13.21,0.12,12.96,17.82,0.05,0.096475219,0.04,0.7,0.24,0.16,356.09251,0.08,0.38,13.87,11.33,15.74,14.25,15.32,0.575453,1.75538,-0.12,13.25,15.08,0.69,0.28,32.45,0.2,0.03,2.81992,3.64556,1.63999,1.43193,9.53,-99.0,6795.4,-99.0,0.03,-19.7,2.58102,14.84,0.29,0.04,0.06,6795.4,0.04,0.17,0.02,13.65,16.76,1,1237663784195653697,0.456568,33.3765,433634496647030784,0.7495,0.27749,0.38395,0.17635,1,0,20.3784,50.2528,588015509267677194,0.662467,108590274812313600,0.5871,433634496647030784,0.5529999999999999,1237663784195653697,0.0,9.71,78.0055,0.90336849,8.242389999999999,9.90991,1.0615464,9.35,-99.0,-99.0,notineco,-99.0,5.0,L,5804790000.0,0.0332244,0.0,0.0,0.0,0.0345621,4.45904,0.0644,10.3928,0,0,0.0,ALFALFA,155684000.0,0.0,170.46400000000003,0.101346,1.0,0.0,-19.7011,0.0,0.0,11.3309,1,11.3909,1.0,0.0,1.0,10.0605,361.0,9.5485,0.0,0.0,0.0,0.5723229999999999,0.568906,9.53,1,?,0,1,0,0,1000000,1.40535,1.26885,2.3147900000000003,2.14867,-20.0412,3.05812,0.228592,1.13804,0.3594,18.2711,0.2478,0.3589,0,10.055,rf0493,27059.42831215675,46347.33638787631,-69.995114796921,-155.84298051230346,9.73786581278462,23.41194226710971,-3.2670267540926736,-12.687224942604153,8.406704258453434,11.835448565926006,18.2629392697638,18.944943485298666,14.620370454499644,11.891082242532642,11.542742956893873,9.52242393301448,18.445816997839533,13.474134729281976,-2.0239019340295283,-3.6949566332855657,4.673467116606112,3.0826718284145644,5.586962239009372,2.1481387606190654,41.814259499868996,15.071028896568679,16.724397932653392,6.359136545330111,21.28554995920704,7.859192483400882,11.721767882704642,4.678476639906488,-2.9534000558960565,-2.699586210089305,65.07921999999999,220.8836,6.441804,2.190114,0.0,0.0,57.83501999999999,233.4174,20.27649,1315.19,52.01975,0.0,22.91399,18.55822,9.914359,5.780639,6.595548,14.51479,5.91328,12.19384,26.29986,20.76426,27.34144,8.293534,4.8632550000000005,1.601901,13.89501,4.57686,42.69083,19.45928,5.552345,3.801619,5.301803,1.289207,33.94686,3.979374,15.59354,3.791785,14.6102,3.011047,9.063225,2.982034
rf0504,rf0504,0.02,0.682951,0.03,0.01,-99.0,0.06,-99.0,0.11,13.85,21.28,0.04,-0.098670617,0.03,-99.0,0.07,0.14,358.46884,0.08,0.17,14.45,3.22,17.03,15.08,16.31,1.00526,2.28119,-0.01,13.82,15.97,0.77,0.26,7.68,0.26,0.02,3.72762,4.59218,2.4517,2.1293900000000003,9.55,-99.0,6757.4,-99.0,0.02,-18.69,3.14574,15.69,0.26,0.03,0.03,6757.4,0.17,0.07,0.02,-99.0,18.64,1,1237657190904561795,0.696148,8.6794,434639725236611072,0.7366,0.2594,0.29375,0.20361,1,0,8.9987,8.9987,587731186203230385,0.804286,108871769422561280,0.6413,434639725236611072,0.7387,1237657190904561795,39.5344,9.63,0.0,0.032624932999999995,9.20012,8.13529,0.032624932999999995,9.47,-99.0,-99.0,notineco,-99.0,-2.5,E,97536100.0,0.0,0.0,0.0,0.0,0.0183141,0.0,0.0186,0.0,0,1,0.0,AO,0.0,0.0,0.0,0.0,1.0,0.0,-18.6861,0.0,0.0,11.3399,1,11.1479,1.0,0.0,1.0,9.5715,377.0,9.5565,0.0,0.0,0.0,0.0274606,0.107902,9.55,1,0,?,0,10000,0,0,2.09967,2.23659,3.45705,2.93004,-18.8543,4.28742,0.595417,1.9528,0.8792040000000001,21.9935,0.2268,0.7929999999999999,0,9.575,rf0504,22057951.143695146,147977486.6953459,-8460.588762314572,-41891.50172324917,85.55054059020112,119.74192220218143,25.512621004238877,41.081887677597024,51.545482354763614,48.868337353433965,10.773017851191328,27.425096922525807,34.525872459154925,25.909085755263227,20.190310010597265,18.48399600358811,31.84330170952705,23.53124983955609,3.7567404602342775,7.651782124259143,8.798607407352256,6.696902214782409,52.67718983464695,17.452846588882856,98.74399523318309,32.825569977731426,157.279687198128,51.44700519784004,32.245363309270346,12.282379698461444,24.34893652536014,9.422404581060993,-2.2512789646832805,-5.3788446846918045,20900000.0,14500000000.0,6.812639,2.60431,0.0,0.0,72.27926,128.162,75.9763,74.33753,0.0,0.0,18.99041,12.80595,22.7657,9.950607000000002,0.0,0.0,0.9386315,87.66727,1.320528,50.37896,29.10176,9.049788,7.491086,2.805109,21.4031,8.014596000000001,13.29271,11.58037,14.42051,11.39222,43.94623,2.997578,81.68874,8.753473,129.2536,8.816406,23.40947,8.131109,18.41912,7.614606
rf0344,rf0344,0.02,0.388943,0.03,0.01,-99.0,0.06,-99.0,0.12,-99.0,18.16,0.05,-1.0432087,0.28,-99.0,-99.0,0.16,37.960055,0.08,-99.0,13.48,16.8,15.8,-99.0,15.28,0.60701,1.82271,0.16,13.29,14.72,0.83,0.28,30.47,0.35,0.23,3.01467,3.88257,1.7989700000000002,1.5809,9.41,-99.0,5969.45,-99.0,0.18,-19.44,2.69061,14.17,0.29,0.04,0.23,5934.7,0.02,0.92,0.14,-99.0,15.9,1,1237663237123014964,0.0715667,23.7364,458263557729970176,0.5038,0.97714,1.2061,0.35906,1,0,18.9654,750.0,587731511540449517,0.832887,-999,0.0756,458263557729970176,0.4967,1237663237123014964,0.0,9.67,45.5114,0.52633908,7.428560000000001,9.28329,0.53165285,9.27,-99.0,-99.0,notineco,-99.0,8.0,L,1371400000.0,0.08862260000000001,0.0,0.0,99.0679,0.0451079,4.95263,0.0305,6.1621,0,0,0.0,AO,79588600.0,0.0,101.116,-0.18314,2.0,0.121891,-20.5208,0.0,61.5928,11.6319,0,11.6629,1.0,0.0753607,2.0,10.2055,247.0,10.1305,0.0,61.8247,11.6058,0.969373,1.05863,9.39,1,?,0,1,0,0,1000000,1.43641,1.39988,2.46406,2.21117,-19.8644,3.23882,0.239532,1.26718,0.372231,18.3632,0.2474,0.0462,0,9.655,rf0344,0.0,,-759.0181323783455,-2177.8862496417278,-2.2557676398645725,-2.0310504072760107,2.7992470301523884,1.5917771637335831,4.665833036690629,1.8115771399640488,3.6065429184437248,1.619807277158918,7.813562155849229,2.1085727295522143,0.8929784713027188,1.0481456604453316,5.723949483961003,1.665032821224581,-0.4961632090368752,-1.122337853289734,-0.7867298563536868,-0.8321236957079129,0.8021270901504621,0.2639754293888327,22.3467877657288,2.7951840960465435,2.4244598857264124,0.7965327642989929,7.269416727493267,1.205462794961034,6.818892245634133,1.6381145172530538,-3.5170246432783734,-9.04824973450252,29.41145,154.0361,6.732958999999999,1.189448,0.0,0.0,154.3938,56500000.0,46.52634000000001,1778.7,0.0,0.0,3.324596,8.403353,7.408549000000002,4.75826,3.045941,8.212385000000001,0.3350034,33.75212,0.0,0.0,13.755870000000002,3.599095,2.999501,1.116399,8.570003,3.189712,0.0,0.0,0.0,0.0,1.049295,0.9356472,32.42027,3.0965700000000003,3.086163,2.751904,9.78252,1.769087,8.528708,3.5822519999999995
